{
  "Andorra la Vella": [
    1.52109,
    42.50779
  ],
  "Arinsal": [
    1.48453,
    42.57205
  ],
  "Canillo": [
    1.59756,
    42.5676
  ],
  "El Tarter": [
    1.65362,
    42.57952
  ],
  "Encamp": [
    1.58014,
    42.53474
  ],
  "Ordino": [
    1.53319,
    42.55623
  ],
  "Pas de la Casa": [
    1.73361,
    42.54277
  ],
  "Sant Juli\u00e0 de L\u00f2ria": [
    1.49129,
    42.46372
  ],
  "la Massana": [
    1.51483,
    42.54499
  ],
  "les Escaldes": [
    1.53414,
    42.50729
  ]
}
