{
  "Abu Dhabi": [
    54.36667,
    24.46667
  ],
  "Adh Dhayd": [
    55.88157,
    25.28812
  ],
  "Ajman": [
    55.43504,
    25.41111
  ],
  "Al Ain": [
    55.76056,
    24.19167
  ],
  "Al Fujayrah": [
    56.34141,
    25.11641
  ],
  "Ar Ruways": [
    52.73056,
    24.11028
  ],
  "Dib\u0101": [
    56.27291,
    25.61955
  ],
  "Dubai": [
    55.30472,
    25.25817
  ],
  "Khawr Fakk\u0101n": [
    56.34199,
    25.33132
  ],
  "Muzayri\u2018": [
    53.7881,
    23.14355
  ],
  "Ra\u2019s al Khaymah": [
    55.9432,
    25.78953
  ],
  "Sharjah": [
    55.41206,
    25.33737
  ],
  "Umm al Qaywayn": [
    55.55517,
    25.56473
  ]
}
