{
  "Adraskan": [
    62.26959,
    33.64573
  ],
  "Afaki": [
    69.35095,
    36.66172
  ],
  "Alah S\u0101y": [
    69.72049,
    34.8965
  ],
  "Aliabad": [
    68.89985,
    36.52115
  ],
  "Am\u0101nz\u012b": [
    66.04765,
    30.21144
  ],
  "Andkh\u014dy": [
    65.12376,
    36.95293
  ],
  "An\u0101r Darah": [
    61.65397,
    32.7587
  ],
  "Asad\u0101b\u0101d": [
    71.14697,
    34.87311
  ],
  "Ashk\u0101sham": [
    71.53333,
    36.68333
  ],
  "A\u012bbak": [
    68.01551,
    36.26468
  ],
  "Babasakhib": [
    65.66098,
    31.66144
  ],
  "Baghl\u0101n": [
    68.70829,
    36.13068
  ],
  "Bagr\u0101m\u012b": [
    69.27427,
    34.49376
  ],
  "Bah\u0101rak": [
    70.90664,
    37.00254
  ],
  "Bal Chir\u0101gh": [
    65.2309,
    35.84026
  ],
  "Bala Murghab": [
    63.32886,
    35.58408
  ],
  "Balkh": [
    66.8972,
    36.75635
  ],
  "Ban\u016b": [
    69.2602,
    35.63348
  ],
  "Barak\u012b Barak": [
    68.9492,
    33.96744
  ],
  "Barg-e Mat\u0101l": [
    71.34339,
    35.67283
  ],
  "Bul\u014dlah": [
    68.0879,
    34.87706
  ],
  "B\u0101gh-e Ma\u012bd\u0101n": [
    69.21397,
    35.22156
  ],
  "B\u0101my\u0101n": [
    67.82734,
    34.82156
  ],
  "B\u0101sawul": [
    70.87218,
    34.24749
  ],
  "B\u0101z\u0101r-e Tashk\u0101n": [
    70.27674,
    36.88168
  ],
  "B\u0101z\u0101r-e T\u0101lah": [
    68.22317,
    35.39205
  ],
  "B\u0101z\u0101rak": [
    69.51519,
    35.31292
  ],
  "B\u016brkah": [
    69.15038,
    36.22242
  ],
  "Chaghchar\u0101n": [
    65.25094,
    34.51952
  ],
  "Chah\u0101r Burj": [
    62.19165,
    34.24475
  ],
  "Chah\u0101r B\u0101gh": [
    65.22392,
    37.00108
  ],
  "Chah\u0101r Qal\u2018ah": [
    68.29828,
    33.55267
  ],
  "Chakaray": [
    69.4377,
    34.34099
  ],
  "Chandal B\u0101\u2019\u012b": [
    68.95524,
    34.58469
  ],
  "Charikar": [
    69.17139,
    35.01361
  ],
  "Charkh": [
    68.93749,
    33.79712
  ],
  "Chimt\u0101l": [
    66.80325,
    36.67818
  ],
  "Chin\u0101r": [
    65.10721,
    32.01583
  ],
  "Chisht-e Shar\u012bf": [
    63.73966,
    34.34731
  ],
  "Chow\u1e49\u00eay": [
    66.27233,
    33.38278
  ],
  "Ch\u0101h \u0100b": [
    69.81464,
    37.39773
  ],
  "Ch\u0101kar\u0101n": [
    71.06878,
    36.91047
  ],
  "Ch\u012bras": [
    65.98234,
    35.41674
  ],
  "Cool \u0171rhaj\u00f3": [
    67.34516,
    34.26545
  ],
  "Dahan-e Jarf": [
    68.46273,
    34.92891
  ],
  "Darqad": [
    69.45294,
    37.38414
  ],
  "Darz\u0101b": [
    65.37828,
    35.97744
  ],
  "Dar\u0101yim": [
    70.38333,
    36.86667
  ],
  "Dasht-e Arch\u012b": [
    69.16667,
    37.13333
  ],
  "Dasht-e Qal\u2018ah": [
    63.8395,
    33.02978
  ],
  "Deh Khw\u0101h\u0101n": [
    70.21875,
    37.88965
  ],
  "Deh-e Now": [
    69.04784,
    34.74767
  ],
  "Deh-e \u015eal\u0101\u1e29": [
    69.3151,
    35.69031
  ],
  "Dehd\u0101d\u012b": [
    66.99376,
    36.66308
  ],
  "Deh\u012b": [
    67.27998,
    35.95806
  ],
  "Dowlat Sh\u0101h": [
    70.07102,
    34.9504
  ],
  "Dowlaty\u0101r": [
    65.79302,
    34.55132
  ],
  "Dowlat\u0101b\u0101d": [
    64.92071,
    36.43259
  ],
  "Dowr-e Rab\u0101\u0163": [
    68.79093,
    36.69132
  ],
  "Dwah Man\u1e0fay": [
    69.585,
    33.28167
  ],
  "D\u00ea N\u0101rkh\u0113l K\u00ealay": [
    65.63484,
    32.43205
  ],
  "D\u0101ng\u0101m": [
    71.41943,
    34.99231
  ],
  "D\u014dsh\u012b": [
    68.68473,
    35.60918
  ],
  "D\u016b La\u012bnah": [
    64.78566,
    34.15599
  ],
  "D\u016b Qal\u2018ah": [
    61.4469,
    32.14237
  ],
  "D\u016b\u0101b": [
    67.82191,
    35.56277
  ],
  "Farah": [
    62.11638,
    32.37451
  ],
  "Farkh\u0101r": [
    69.85783,
    36.57288
  ],
  "Fayzabad": [
    70.58002,
    37.11664
  ],
  "Fay\u1e95\u0101b\u0101d": [
    64.86222,
    36.29111
  ],
  "Fa\u012b\u1e95\u0101b\u0101d": [
    66.45964,
    36.82103
  ],
  "Gard\u0113z": [
    69.22592,
    33.59744
  ],
  "Gereshk": [
    64.57005,
    31.82089
  ],
  "Ghazni": [
    68.42096,
    33.55391
  ],
  "Ghormach": [
    63.78264,
    35.73062
  ],
  "Ghul\u0101m \u2018Al\u012b": [
    69.2287,
    34.95076
  ],
  "Ghurayd Gharam\u0113": [
    70.79064,
    36.5222
  ],
  "Gh\u014driy\u0101n": [
    61.49321,
    34.3448
  ],
  "Guz\u0304arah": [
    62.21235,
    34.21223
  ],
  "G\u014dmal K\u00ealay": [
    68.85598,
    32.50989
  ],
  "G\u014dshtah": [
    70.76264,
    34.35822
  ],
  "Her\u0101t": [
    62.19967,
    34.34817
  ],
  "Ibr\u0101h\u012bm Kh\u0101n": [
    69.25654,
    35.05352
  ],
  "Im\u0101m \u015e\u0101\u1e29ib": [
    68.93644,
    37.18897
  ],
  "Inj\u012bl": [
    62.2465,
    34.30157
  ],
  "Ist\u0101lif": [
    69.07756,
    34.83268
  ],
  "Jabal os Saraj": [
    69.23778,
    35.11833
  ],
  "Jalr\u0113z": [
    68.65438,
    34.4708
  ],
  "Jal\u0101l\u0101b\u0101d": [
    70.45153,
    34.42647
  ],
  "Jawand": [
    64.14917,
    35.06361
  ],
  "Jurm": [
    70.83421,
    36.86477
  ],
  "J\u0101n\u012b Kh\u0113l": [
    68.39722,
    32.76315
  ],
  "Kabul": [
    69.17233,
    34.52813
  ],
  "Kafir Qala": [
    61.06667,
    34.66667
  ],
  "Kai": [
    70.71828,
    34.12819
  ],
  "Kajr\u0101n": [
    65.47311,
    33.20357
  ],
  "Kalafg\u0101n": [
    69.945,
    36.77274
  ],
  "Kalak\u0101n": [
    69.15001,
    34.78371
  ],
  "Kal\u0101n Deh": [
    68.40233,
    33.83676
  ],
  "Kandah\u0101r": [
    65.71013,
    31.61332
  ],
  "Kan\u1e0fay": [
    70.77897,
    34.9536
  ],
  "Karbori": [
    71.27444,
    34.96472
  ],
  "Karukh": [
    62.5863,
    34.48108
  ],
  "Kaz\u0332h\u0332ah": [
    70.18274,
    34.24088
  ],
  "Khad\u012br": [
    65.93398,
    33.92232
  ],
  "Khafizan": [
    70.37247,
    34.28665
  ],
  "Khamy\u0101b": [
    65.75833,
    37.5275
  ],
  "Khanabad": [
    69.11556,
    36.6825
  ],
  "Khand\u016bd": [
    72.318,
    36.95127
  ],
  "Khayr K\u014d\u1e6f": [
    68.44972,
    32.85355
  ],
  "Khinj": [
    69.73482,
    35.42898
  ],
  "Khinj\u0101n": [
    68.90093,
    35.58908
  ],
  "Khud\u0101yd\u0101d Kh\u0113l": [
    67.68758,
    35.17835
  ],
  "Khulbis\u0101t": [
    70.00605,
    33.4948
  ],
  "Khulm": [
    67.69826,
    36.69736
  ],
  "Khw\u0101jah D\u016b K\u014dh": [
    65.62432,
    36.82881
  ],
  "Khw\u0101jah Gh\u0101r": [
    69.42126,
    37.06588
  ],
  "Kh\u0101kir\u0101n": [
    67.07377,
    32.8385
  ],
  "Kh\u0101n Nesh\u012bn": [
    63.7888,
    30.5488
  ],
  "Kh\u0101naq\u0101h": [
    66.16656,
    36.86278
  ],
  "Kh\u0101sh": [
    62.79055,
    31.52919
  ],
  "Kh\u014dsh\u0101mand": [
    68.23801,
    32.68567
  ],
  "Kh\u014dsh\u012b": [
    69.21582,
    33.99916
  ],
  "Kh\u014dst": [
    69.92041,
    33.33951
  ],
  "Kh\u016bgy\u0101\u1e49\u012b": [
    66.5814,
    31.56267
  ],
  "Kir\u0101m\u0101n": [
    69.68125,
    35.2973
  ],
  "Kishk-e Nakh\u016bd": [
    65.05511,
    31.62519
  ],
  "Kuhs\u0101n": [
    61.19778,
    34.65389
  ],
  "Kunduz": [
    68.857,
    36.72896
  ],
  "Kushk": [
    61.95221,
    33.29565
  ],
  "Kushk-e Kuhnah": [
    62.54762,
    34.8711
  ],
  "Kushkak": [
    61.52194,
    32.28991
  ],
  "K\u014d\u1e6fow\u0101l": [
    70.46073,
    34.10319
  ],
  "Lab-Sar": [
    66.83799,
    36.02634
  ],
  "Langar": [
    68.05081,
    35.99474
  ],
  "Larkird": [
    66.66409,
    35.48936
  ],
  "Lashkar G\u0101h": [
    64.37161,
    31.59382
  ],
  "La\u2018l": [
    66.27996,
    34.50141
  ],
  "L\u0101sh": [
    64.77457,
    35.3782
  ],
  "L\u0101sh-e Juwayn": [
    61.62272,
    31.71382
  ],
  "Mand\u014dl": [
    70.17017,
    35.28403
  ],
  "Manogay": [
    70.91302,
    34.99015
  ],
  "March": [
    70.4482,
    37.52845
  ],
  "Mard\u012b\u0101n": [
    66.29685,
    36.99286
  ],
  "Markaz-e Sayyid\u0101b\u0101d": [
    68.71346,
    34.00037
  ],
  "Markaz-e Woluswal\u012b-ye \u0100ch\u012bn": [
    70.70778,
    34.12583
  ],