{
  "All Saints": [
    -61.79303,
    17.06671
  ],
  "Bolands": [
    -61.87466,
    17.06565
  ],
  "Codrington": [
    -61.83333,
    17.63333
  ],
  "Falmouth": [
    -61.78136,
    17.02741
  ],
  "Liberta": [
    -61.78333,
    17.03333
  ],
  "Parham": [
    -61.77046,
    17.09682
  ],
  "Piggotts": [
    -61.8,
    17.11667
  ],
  "Potters Village": [
    -61.81667,
    17.08333
  ],
  "Saint John\u2019s": [
    -61.84573,
    17.11717
  ]
}
