{
  "George Hill": [
    -63.06667,
    18.2
  ],
  "Island Harbour": [
    -63.0102,
    18.25601
  ],
  "Stoney Ground": [
    -63.03333,
    18.21667
  ],
  "The Farrington": [
    -63.03333,
    18.2
  ],
  "The Valley": [
    -63.05783,
    18.21704
  ]
}
