{
  "Aliko": [
    20.07917,
    39.85861
  ],
  "Allkaj": [
    19.75528,
    40.8575
  ],
  "Aranitas": [
    19.80667,
    40.59444
  ],
  "Armen": [
    19.59611,
    40.53639
  ],
  "Arras": [
    20.32417,
    41.73583
  ],
  "Arr\u00ebn": [
    20.28833,
    41.91306
  ],
  "Bajram Curri": [
    20.07679,
    42.35734
  ],
  "Baldushk": [
    19.79694,
    41.21389
  ],
  "Ballaban": [
    20.13444,
    40.41667
  ],
  "Ballagat": [
    19.76528,
    40.99528
  ],
  "Balldreni i Ri": [
    19.64028,
    41.81917
  ],
  "Ballsh": [
    19.73472,
    40.59889
  ],
  "Banaj": [
    19.83917,
    40.82472
  ],
  "Barmash": [
    20.61833,
    40.27778
  ],
  "Baz": [
    19.92917,
    41.63194
  ],
  "Belsh": [
    19.88194,
    40.975
  ],
  "Berat": [
    19.95222,
    40.70583
  ],
  "Bicaj": [
    20.4125,
    41.99472
  ],
  "Bilisht": [
    20.99,
    40.6275
  ],
  "Blerim": [
    20.19194,
    42.16056
  ],
  "Blinisht": [
    20,
    41.86139
  ],
  "Bogov\u00eb": [
    20.15,
    40.57111
  ],
  "Bradashesh": [
    20.0225,
    41.105
  ],
  "Brataj": [
    19.66917,
    40.26778
  ],
  "Bubq": [
    19.65167,
    41.47417
  ],
  "Bubullim\u00eb": [
    19.64083,
    40.81806
  ],
  "Bujan": [
    20.07639,
    42.32639
  ],
  "Bulqiz\u00eb": [
    20.22194,
    41.49167
  ],
  "Burrel": [
    20.00889,
    41.61028
  ],
  "Bushat": [
    19.89972,
    42.11944
  ],
  "Bushtric\u00eb": [
    20.42194,
    41.87861
  ],
  "Buz": [
    20.00472,
    40.445
  ],
  "Bu\u00e7imas": [
    20.68139,
    40.89139
  ],
  "Byty\u00e7": [
    20.20278,
    42.31
  ],
  "B\u00ebrdica e Madhe": [
    19.48167,
    42.01528
  ],
  "B\u00ebrxull": [
    19.6875,
    41.38
  ],
  "B\u00ebrzhit\u00eb": [
    19.90111,
    41.24528
  ],
  "Cakran": [
    19.62611,
    40.60333
  ],
  "Cerava": [
    20.725,
    40.85139
  ],
  "Cudhi Zall": [
    19.84583,
    41.50944
  ],
  "Cukalat": [
    19.79056,
    40.73028
  ],
  "C\u00ebrrik": [
    19.97583,
    41.03167
  ],
  "Dajt": [
    19.91583,
    41.39361
  ],
  "Daj\u00e7": [
    19.60444,
    41.91556
  ],
  "Dardhas": [
    20.65722,
    40.84583
  ],
  "Delvin\u00eb": [
    20.09778,
    39.95111
  ],
  "Derjan": [
    20.05833,
    41.67361
  ],
  "Dervi\u00e7ian": [
    20.17333,
    40.0325
  ],
  "Dhiv\u00ebr": [
    20.16861,
    39.83611
  ],
  "Dishnic\u00eb": [
    20.81361,
    40.65139
  ],
  "Divjak\u00eb": [
    19.52944,
    40.99667
  ],
  "Drenov\u00eb": [
    19.70083,
    40.60056
  ],
  "Durr\u00ebs": [
    19.44139,
    41.32306
  ],
  "Dushk": [
    19.75722,
    40.72667
  ],
  "D\u00ebrm\u00ebnas": [
    19.49389,
    40.74556
  ],
  "Elbasan": [
    20.08222,
    41.1125
  ],
  "Ersek\u00eb": [
    20.67889,
    40.33778
  ],
  "Fajz\u00eb": [
    20.35083,
    42.16694
  ],
  "Farka e Madhe": [
    19.86694,
    41.30556
  ],
  "Fier": [
    19.55611,
    40.72389
  ],
  "Fier-Shegan": [
    19.78528,
    40.86722
  ],
  "Fier-\u00c7if\u00e7i": [
    19.56667,
    40.71667
  ],
  "Fierz\u00eb": [
    19.84694,
    40.92056
  ],
  "Finiq": [
    20.05833,
    39.90639
  ],
  "Frakulla e Madhe": [
    19.5025,
    40.65583
  ],
  "Frash\u00ebr": [
    20.42444,
    40.36889
  ],
  "Fratar": [
    19.81667,
    40.5
  ],
  "Funar\u00eb": [
    20.05972,
    41.19639
  ],
  "Fush\u00eb-Arr\u00ebz": [
    20.01667,
    42.06222
  ],
  "Fush\u00eb-Bulqiz\u00eb": [
    20.28222,
    41.52194
  ],
  "Fush\u00eb-Kruj\u00eb": [
    19.71778,
    41.47833
  ],
  "Fush\u00eb-Lur\u00eb": [
    20.23194,
    41.80611
  ],
  "Fush\u00eb-Muhurr": [
    20.33139,
    41.67972
  ],
  "Fush\u00eb-\u00c7idhn\u00eb": [
    20.34111,
    41.76056
  ],
  "Fush\u00ebkuqe": [
    19.62,
    41.65028
  ],
  "Gjegjan": [
    20.01111,
    41.93778
  ],
  "Gjepalaj": [
    19.57806,
    41.33306
  ],
  "Gjerb\u00ebs": [
    20.25111,
    40.62917
  ],
  "Gjergjan": [
    20.02972,
    41.04306
  ],
  "Gjinaj": [
    20.43583,
    42.11806
  ],
  "Gjinar": [
    20.18889,
    41.0225
  ],
  "Gjinkar": [
    20.40611,
    40.19944
  ],
  "Gjirokast\u00ebr": [
    20.13889,
    40.07583
  ],
  "Gjorica e Sip\u00ebrme": [
    20.45,
    41.53444
  ],
  "Gjo\u00e7aj": [
    19.72389,
    41.02556
  ],
  "Golaj": [
    20.38028,
    42.2475
  ],
  "Golem": [
    19.53472,
    41.24583
  ],
  "Gostim\u00eb": [
    20.24,
    41.14556
  ],
  "Gos\u00eb e Madhe": [
    19.62472,
    41.09056
  ],
  "Grabjan": [
    19.58083,
    40.95306
  ],
  "Gracen": [
    19.96361,
    41.15194
  ],
  "Gradisht\u00eb": [
    19.58583,
    40.88806
  ],
  "Gramsh": [
    20.18444,
    40.86972
  ],
  "Grekan": [
    19.9475,
    40.92944
  ],
  "Greshic\u00eb": [
    19.77833,
    40.55194
  ],
  "Grud\u00eb-Fush\u00eb": [
    19.49667,
    42.16222
  ],
  "Gruemir\u00eb": [
    19.51889,
    42.15917
  ],
  "Guri i Zi": [
    19.57472,
    42.045
  ],
  "Gurra e Vog\u00ebl": [
    19.99083,
    41.53611
  ],
  "Hajmel": [
    19.63778,
    41.95306
  ],
  "Hasan": [
    19.69972,
    41.48278
  ],
  "Hekal": [
    19.73583,
    40.56194
  ],
  "Helmas": [
    19.60694,
    41.18028
  ],
  "Himar\u00eb": [
    19.74472,
    40.10167
  ],
  "Hot": [
    19.44417,
    42.36194
  ],
  "Hotolisht": [
    20.39722,
    41.15667
  ],
  "Ho\u00e7isht": [
    20.91417,
    40.60833
  ],
  "Hysgjokaj": [
    19.78972,
    40.97167
  ],
  "Iball\u00eb": [
    20.0025,
    42.1875
  ],
  "Ish\u00ebm": [
    19.6,
    41.54528
  ],
  "Kajan": [
    19.88944,
    40.91417
  ],
  "Kakavij\u00eb": [
    20.35833,
    39.90778
  ],
  "Kalenj\u00eb": [
    19.77833,
    40.59
  ],
  "Kalis": [
    20.36667,
    41.83889
  ],
  "Kallmet": [
    19.82139,
    41.41806
  ],
  "Kallmeti i Madh": [
    19.68694,
    41.84889
  ],
  "Kam\u00ebz": [
    19.76028,
    41.38167
  ],
  "Karbunara e Vog\u00ebl": [
    19.71778,
    40.92194
  ],
  "Kardhiq": [
    20.0275,
    40.12167
  ],
  "Karin\u00eb": [
    19.71611,
    41.06306
  ],
  "Kashar": [
    19.71028,
    41.34972
  ],
  "Kastrat": [
    19.48917,
    42.3525
  ],
  "Kastriot": [
    20.37722,
    41.72944
  ],
  "Katundi i Ri": [
    19.51806,
    41.40306
  ],
  "Kavaj\u00eb": [
    19.55694,
    41.18556
  ],
  "Ka\u00e7inar": [
    19.89861,
    41.89333
  ],
  "Klos": [
    20.00972,
    40.94611
  ],
  "Kodovjat": [
    20.25111,
    40.80556
  ],
  "Kokaj": [
    20.50472,
    41.87833
  ],
  "Kolonj\u00eb": [
    19.60389,
    40.82417
  ],
  "Kolsh": [
    20.34194,
    42.07806
  ],
  "Kol\u00e7": [
    19.67611,
    41.78667
  ],
  "Komb\u00ebsi": [
    19.98556,
    41.58167
  ],
  "Konispol": [
    20.18139,
    39.65889
  ],
  "Koplik": [
    19.43639,
    42.21361
  ],
  "Kor\u00e7\u00eb": [
    20.78083,
    40.61861
  ],
  "Kot\u00eb": [
    19.60222,
    40.38944
  ],
  "Kozar\u00eb": [
    19.90056,
    40.83083
  ],
  "Krah\u00ebs": [
    19.84444,
    40.43861
  ],
  "Krrab\u00eb": [
    19.97139,
    41.21556
  ],
  "Kruj\u00eb": [
    19.79278,
    41.50917
  ],
  "Krum\u00eb": [
    20.41333,
    42.19694
  ],
  "Krutja e Poshtme": [
    19.68083,
    40.87194
  ],
  "Kryevidh": [
    19.5275,
    41.10056
  ],
  "Kthella e Ep\u00ebrme": [
    20.05889,
    41.81194
  ],
  "Kukur": [
    20.36361,
    40.86778
  ],
  "Kuk\u00ebs": [
    20.42194,
    42.07694
  ],
  "Kuman": [
    19.68667,
    40.72667
  ],
  "Kurbnesh": [
    20.08361,
    41.77972
  ],
  "Kurjan": [
    19.74556,
    40.7175
  ],
  "Kushov\u00eb": [
    20.18889,
    40.78889
  ],
  "Kutalli": [
    19.78667,
    40.78389
  ],
  "Kut\u00eb": [
    19.76639,
    40.47333
  ],
  "Ku\u00e7": [
    19.52528,
    42.03972
  ],
  "Ku\u00e7ov\u00eb": [
    19.91667,
    40.80028
  ],
  "K\u00eblcyr\u00eb": [
    20.18944,
    40.31306
  ],
  "Labinot-Fush\u00eb": [
    20.14611,
    41.14056
  ],
  "Labinot-Mal": [
    20.15222,
    41.20083
  ],
  "Lazarat": [
    20.1475,
    40.04667
  ],
  "La\u00e7": [
    19.71306,
    41.63556
  ],
  "Lekaj": [
    19.60972,
    41.11444
  ],