{
  "Abovyan": [
    44.54742,
    40.04851
  ],
  "Agarak": [
    44.07033,
    40.32932
  ],
  "Agarakadzor": [
    45.35274,
    39.73405
  ],
  "Aghavnadzor": [
    44.69581,
    40.58195
  ],
  "Aghavnatun": [
    44.24974,
    40.23238
  ],
  "Akhuryan": [
    43.90027,
    40.78003
  ],
  "Aknalich": [
    44.1498,
    40.14315
  ],
  "Aknashen": [
    44.28604,
    40.09551
  ],
  "Akunk\u2019": [
    45.72568,
    40.15886
  ],
  "Alaverdi": [
    44.67316,
    41.09766
  ],
  "Amasia": [
    43.7872,
    40.95442
  ],
  "Amberd": [
    44.27227,
    40.24192
  ],
  "Angeghakot\u2019": [
    45.94123,
    39.57017
  ],
  "Anushavan": [
    43.97756,
    40.65013
  ],
  "Apaga": [
    44.25157,
    40.09666
  ],
  "Aparan": [
    44.3589,
    40.59323
  ],
  "Aragats": [
    44.35279,
    40.48887
  ],
  "Arak\u2019s": [
    44.30257,
    40.0544
  ],
  "Aralez": [
    44.6514,
    39.90195
  ],
  "Aramus": [
    44.66351,
    40.25095
  ],
  "Ararat": [
    44.70489,
    39.83166
  ],
  "Arazap": [
    44.14721,
    40.04195
  ],
  "Arbat\u2019": [
    44.402,
    40.13811
  ],
  "Archis": [
    44.87632,
    41.16351
  ],
  "Areni": [
    45.17991,
    39.71913
  ],
  "Arevabuyr": [
    44.46934,
    40.03712
  ],
  "Arevashat": [
    44.37068,
    40.1425
  ],
  "Arevashogh": [
    44.27438,
    40.86039
  ],
  "Arevik": [
    44.09127,
    40.09945
  ],
  "Arevshat": [
    44.54179,
    40.03963
  ],
  "Argavand": [
    44.09474,
    40.06097
  ],
  "Argel": [
    44.59828,
    40.37943
  ],
  "Armash": [
    44.80902,
    39.76532
  ],
  "Armavir": [
    44.03815,
    40.15446
  ],
  "Arrap\u2019i": [
    43.80583,
    40.78276
  ],
  "Arshaluys": [
    44.21375,
    40.1684
  ],
  "Artashat": [
    44.54447,
    39.96144
  ],
  "Arteni": [
    43.7622,
    40.29848
  ],
  "Artimet": [
    44.26543,
    40.1508
  ],
  "Artsvaberd": [
    45.47033,
    40.83947
  ],
  "Artsvanist": [
    45.50222,
    40.15444
  ],
  "Arzakan": [
    44.60648,
    40.44997
  ],
  "Arzni": [
    44.59664,
    40.29626
  ],
  "Ashnak": [
    43.91848,
    40.32887
  ],
  "Ashtarak": [
    44.36204,
    40.2991
  ],
  "Astghadzor": [
    45.35698,
    40.12248
  ],
  "Avshar": [
    44.6793,
    39.8536
  ],
  "Aygavan": [
    44.66984,
    39.87326
  ],
  "Aygehovit": [
    45.25033,
    40.97951
  ],
  "Aygek": [
    44.38333,
    40.18861
  ],
  "Aygepat": [
    44.59982,
    39.95845
  ],
  "Aygeshat": [
    44.05797,
    40.07641
  ],
  "Aygestan": [
    44.55905,
    40.00258
  ],
  "Aygezard": [
    44.6023,
    39.95436
  ],
  "Azatamut": [
    45.18551,
    40.98204
  ],
  "Azatan": [
    43.82727,
    40.71959
  ],
  "Baghramyan": [
    44.36832,
    40.19344
  ],
  "Bagratashen": [
    44.81737,
    41.24358
  ],
  "Balahovit": [
    44.60426,
    40.25373
  ],
  "Bambakashat": [
    44.01608,
    40.10993
  ],
  "Bartsrashen": [
    44.57958,
    40.08533
  ],
  "Bazum": [
    44.43978,
    40.86763
  ],
  "Berd": [
    45.38901,
    40.88135
  ],
  "Berdavan": [
    44.99967,
    41.20503
  ],
  "Berkanush": [
    44.51394,
    39.97726
  ],
  "Bjni": [
    44.64812,
    40.4559
  ],
  "Brrnakot\u2019": [
    45.97241,
    39.49742
  ],
  "Brun": [
    46.30732,
    39.53491
  ],
  "Burastan": [
    44.49682,
    39.99157
  ],
  "Buzhakan": [
    44.52105,
    40.45294
  ],
  "Byurakan": [
    44.27138,
    40.338
  ],
  "Byuravan": [
    44.51889,
    40.01604
  ],
  "Byureghavan": [
    44.59396,
    40.31485
  ],
  "Chambarak": [
    45.35498,
    40.59655
  ],
  "Chochkan": [
    44.83217,
    41.18118
  ],
  "Dalar": [
    44.52649,
    39.97653
  ],
  "Dalarik": [
    43.87538,
    40.22664
  ],
  "Darakert": [
    44.41334,
    40.10547
  ],
  "Darpas": [
    44.42494,
    40.83674
  ],
  "Dashtavan": [
    44.39067,
    40.10121
  ],
  "Ddmashen": [
    44.81851,
    40.56972
  ],
  "Dilijan": [
    44.86362,
    40.74103
  ],
  "Dimitrov": [
    44.48999,
    40.00752
  ],
  "Doghs": [
    44.27171,
    40.22373
  ],
  "Drakhtik": [
    45.2367,
    40.56496
  ],
  "Dsegh": [
    44.65003,
    40.9617
  ],
  "Dvin": [
    44.58376,
    40.01984
  ],
  "Dzit\u2019hank\u2019ov": [
    43.82107,
    40.50891
  ],
  "Dzoraghbyur": [
    44.6415,
    40.20412
  ],
  "Dzoragyugh": [
    45.18336,
    40.16957
  ],
  "Dzorastan": [
    46.3572,
    39.27059
  ],
  "Ejmiatsin": [
    44.29462,
    40.16557
  ],
  "Fantan": [
    44.68476,
    40.39438
  ],
  "Fioletovo": [
    44.71769,
    40.72241
  ],
  "Gagarin": [
    44.86918,
    40.54031
  ],
  "Gandzak": [
    45.11139,
    40.31472
  ],
  "Garrni": [
    44.73442,
    40.11931
  ],
  "Gavarr": [
    45.12386,
    40.35398
  ],
  "Gay": [
    44.30528,
    40.08444
  ],
  "Geghamasar": [
    45.67924,
    40.31091
  ],
  "Geghamavan": [
    44.8879,
    40.5634
  ],
  "Geghanist": [
    44.43054,
    40.14493
  ],
  "Getahovit": [
    45.13971,
    40.89784
  ],
  "Getap\u2019": [
    45.30664,
    39.76306
  ],
  "Getashen": [
    43.94203,
    40.04405
  ],
  "Getazat": [
    44.56369,
    40.03844
  ],
  "Ghukasavan": [
    44.41594,
    40.12585
  ],
  "Gladzor": [
    45.35043,
    39.78123
  ],
  "Gogaran": [
    44.19915,
    40.89255
  ],
  "Goght\u2019": [
    44.78093,
    40.13495
  ],
  "Goravan": [
    44.73171,
    39.90611
  ],
  "Goris": [
    46.33816,
    39.51288
  ],
  "Griboyedov": [
    44.27169,
    40.11307
  ],
  "Gugark\u2019": [
    44.54025,
    40.8046
  ],
  "Gyulagarak": [
    44.47144,
    40.96715
  ],
  "Gyumri": [
    43.84528,
    40.7942
  ],
  "Haghartsin": [
    44.96847,
    40.77614
  ],
  "Hats\u2019avan": [
    45.97047,
    39.46405
  ],
  "Hayanist": [
    44.37523,
    40.12166
  ],
  "Haykashen": [
    44.30628,
    40.07303
  ],
  "Haykavan": [
    43.75172,
    40.80312
  ],
  "Hnaberd": [
    44.14058,
    40.63721
  ],
  "Hoktember": [
    44.00969,
    40.13206
  ],
  "Horrom": [
    43.88819,
    40.66012
  ],
  "Hovtamej": [
    44.25862,
    40.18347
  ],
  "Hovtashat": [
    44.33891,
    40.10328
  ],
  "Hovtashen": [
    44.45129,
    40.0251
  ],
  "Hrazdan": [
    44.7662,
    40.49748
  ],
  "Ijevan": [
    45.14851,
    40.87877
  ],
  "Janfida": [
    44.02334,
    40.04391
  ],
  "Jermuk": [
    45.6723,
    39.84173
  ],
  "Jrahovit": [
    44.47372,
    40.04533
  ],
  "Jrashen": [
    44.51259,
    40.05276
  ],
  "Kamaris": [
    44.69459,
    40.23539
  ],
  "Kamo": [
    43.95071,
    40.82572
  ],
  "Kapan": [
    46.40576,
    39.20754
  ],
  "Kaputan": [
    44.69693,
    40.32407
  ],
  "Karanlukh": [
    45.28972,
    40.10444
  ],
  "Karbi": [
    44.37665,
    40.33236
  ],
  "Karchaghbyur": [
    45.57785,
    40.17048
  ],
  "Kasakh": [
    44.41046,
    40.53697
  ],
  "Khasht\u2019arrak": [
    45.1821,
    40.93668
  ],
  "Khndzoresk": [
    46.43284,
    39.51224
  ],
  "Khoronk\u2019": [
    44.24541,
    40.13507
  ],
  "Kosh": [
    44.15584,
    40.29999
  ],
  "Kotayk\u2019": [
    44.66036,
    40.27534
  ],
  "K\u2019anak\u2019erravan": [
    44.53511,
    40.24739
  ],
  "Lanjaghbyur": [
    45.14038,
    40.27146
  ],
  "Lchap\u2019": [
    45.0728,
    40.45462
  ],
  "Lchashen": [
    44.9319,
    40.51757
  ],
  "Lenughi": [
    43.96484,
    40.12562
  ],
  "Lernavan": [
    44.16024,
    40.7882
  ],
  "Lerrnakert": [
    43.93851,
    40.56118
  ],
  "Lerrnanist": [
    44.79249,
    40.46676
  ],
  "Lerrnapat": [
    44.39344,
    40.81538
  ],
  "Lichk\u2019": [
    45.23467,
    40.15933
  ],
  "Lorut": [
    44.77142,
    40.93717
  ],
  "Lukashin": [
    44.0039,
    40.18726
  ],
  "Madina": [
    45.25507,
    40.07638
  ],
  "Malishka": [
    45.39004,
    39.73758
  ],
  "Maralik": [
    43.86862,
    40.57453
  ],
  "Margahovit": [
    44.68474,
    40.73381
  ],
  "Margara": [
    44.17709,
    40.03351
  ],
  "Marmarashen": [
    44.47012,
    40.05734
  ],
  "Marmashen": [
    43.7779,
    40.83486
  ],
  "Martuni": [
    45.3045,
    40.13768
  ],