{
  "Benguela": [
    13.40547,
    -12.57626
  ],
  "Cabinda": [
    12.2,
    -5.55
  ],
  "Caconda": [
    15.06667,
    -13.73333
  ],
  "Caluquembe": [
    14.68333,
    -13.78333
  ],
  "Camabatela": [
    15.37495,
    -8.18812
  ],
  "Camacupa": [
    17.48333,
    -12.01667
  ],
  "Catabola": [
    17.28333,
    -12.15
  ],
  "Catumbela": [
    13.54722,
    -12.43139
  ],
  "Caxito": [
    13.66425,
    -8.57848
  ],
  "Cazaji": [
    20.70148,
    -11.06715
  ],
  "Ca\u00e1la": [
    15.56056,
    -12.8525
  ],
  "Chissamba": [
    17.33333,
    -12.16667
  ],
  "Cuito": [
    16.93333,
    -12.38333
  ],
  "Huambo": [
    15.73917,
    -12.77611
  ],
  "Lobito": [
    13.53601,
    -12.3644
  ],
  "Longonjo": [
    15.25333,
    -12.90667
  ],
  "Luanda": [
    13.23432,
    -8.83682
  ],
  "Luau": [
    22.22466,
    -10.70727
  ],
  "Lubango": [
    13.4925,
    -14.91717
  ],
  "Lucapa": [
    20.74466,
    -8.41915
  ],
  "Luena": [
    19.91667,
    -11.78333
  ],
  "Lumeje": [
    20.78333,
    -11.55
  ],
  "L\u00e9ua": [
    20.45,
    -11.65
  ],
  "Malanje": [
    16.34096,
    -9.54015
  ],
  "Mbanza Congo": [
    14.2401,
    -6.26703
  ],
  "Menongue": [
    17.69099,
    -14.6585
  ],
  "Mo\u00e7\u00e2medes": [
    12.15222,
    -15.19611
  ],
  "Nzeto": [
    12.8666,
    -7.23116
  ],
  "N\u2019dalatando": [
    14.91162,
    -9.29782
  ],
  "Ondjiva": [
    15.73333,
    -17.06667
  ],
  "Quibala": [
    14.97995,
    -10.73366
  ],
  "Saurimo": [
    20.39155,
    -9.66078
  ],
  "Soio": [
    12.36894,
    -6.1349
  ],
  "Sumbe": [
    13.84371,
    -11.20605
  ],
  "Uacu Cungo": [
    15.11719,
    -11.35669
  ],
  "U\u00edge": [
    15.06131,
    -7.60874
  ]
}
