{
  "Angochi": [
    -69.95,
    12.51667
  ],
  "Arasji": [
    -70.06667,
    12.61667
  ],
  "Babijn": [
    -69.98333,
    12.53333
  ],
  "Oranjestad": [
    -70.02703,
    12.52398
  ]
}
