{
  "Br\u00e4nd\u00f6": [
    21.04534,
    60.41165
  ],
  "Ecker\u00f6": [
    19.61442,
    60.21249
  ],
  "Finstr\u00f6m": [
    19.93333,
    60.26667
  ],
  "F\u00f6gl\u00f6": [
    20.41667,
    60.01667
  ],
  "Geta": [
    19.84455,
    60.37453
  ],
  "Hammarland": [
    19.75,
    60.21667
  ],
  "Jomala": [
    19.951,
    60.14902
  ],
  "Kumlinge": [
    20.77892,
    60.26013
  ],
  "K\u00f6kar": [
    20.90883,
    59.92051
  ],
  "Lemland": [
    20.08472,
    60.07178
  ],
  "Lumparland": [
    20.25819,
    60.11695
  ],
  "Mariehamn": [
    19.93481,
    60.09726
  ],
  "Saltvik": [
    20.05,
    60.28333
  ],
  "Sottunga": [
    20.66683,
    60.13023
  ],
  "Sund": [
    20.11667,
    60.25
  ],
  "V\u00e5rd\u00f6": [
    20.38333,
    60.25
  ]
}
