{
  "Agdzhabedy": [
    47.45937,
    40.05015
  ],
  "Aghstafa": [
    45.45389,
    41.11889
  ],
  "Aghsu": [
    48.40087,
    40.57028
  ],
  "Alt\u0131a\u011fac": [
    48.93477,
    40.85927
  ],
  "Amirdzhan": [
    49.98361,
    40.42639
  ],
  "Aran": [
    46.97556,
    40.62528
  ],
  "Ar\u0131qdam": [
    45.799,
    40.59312
  ],
  "Ar\u0131q\u0131ran": [
    45.61414,
    40.53971
  ],
  "Askyaran": [
    46.83278,
    39.93667
  ],
  "Astara": [
    48.87498,
    38.45598
  ],
  "Av\u015far": [
    47.42389,
    39.97389
  ],
  "A\u011fdam": [
    46.92736,
    39.99096
  ],
  "A\u011fda\u015f": [
    47.4738,
    40.64699
  ],
  "Badamdar": [
    49.8045,
    40.34024
  ],
  "Baku": [
    49.89201,
    40.37767
  ],
  "Bak\u0131xanov": [
    49.96693,
    40.41894
  ],
  "Balakhani": [
    49.91893,
    40.46344
  ],
  "Barda": [
    47.12619,
    40.37577
  ],
  "Basqal": [
    48.39104,
    40.7552
  ],
  "Ba\u015f G\u00f6yn\u00fck": [
    47.11333,
    41.32278
  ],
  "Belokany": [
    46.40833,
    41.72583
  ],
  "Beyl\u0259qan": [
    47.61861,
    39.77556
  ],
  "Bilajari": [
    49.80566,
    40.4444
  ],
  "Bilajer": [
    50.04002,
    40.56441
  ],
  "Binagadi": [
    49.82783,
    40.46602
  ],
  "Biny Selo": [
    50.08686,
    40.45076
  ],
  "Birinci A\u015f\u0131ql\u0131": [
    47.67944,
    39.81917
  ],
  "Boradigah": [
    48.7092,
    38.93014
  ],
  "Buzovna": [
    50.11438,
    40.51903
  ],
  "B\u00f6y\u00fck Qaramurad": [
    45.63727,
    40.57626
  ],
  "Ceyranbatan": [
    49.66073,
    40.54194
  ],
  "Corat": [
    49.70509,
    40.57176
  ],
  "Culfa": [
    45.6308,
    38.9558
  ],
  "Deste": [
    45.90963,
    38.88375
  ],
  "Digah": [
    49.87478,
    40.49257
  ],
  "Divichibazar": [
    48.98712,
    41.20117
  ],
  "Dolyar": [
    46.03493,
    40.86278
  ],
  "Dondar Qu\u015f\u00e7u": [
    45.61942,
    40.9539
  ],
  "Dzagam": [
    45.88564,
    40.9033
  ],
  "Dzhalilabad": [
    48.49186,
    39.20963
  ],
  "D\u00fcnyamal\u0131lar": [
    47.75889,
    39.77278
  ],
  "Faldarl\u0131": [
    46.51667,
    41.46667
  ],
  "Fizuli": [
    47.14529,
    39.60094
  ],
  "Ganja": [
    46.36056,
    40.68278
  ],
  "Geoktschai": [
    47.74219,
    40.65056
  ],
  "Goranboy": [
    46.78972,
    40.61028
  ],
  "Gyuzdek": [
    49.68194,
    40.37444
  ],
  "Hac\u0131 Zeynalabdin": [
    49.55861,
    40.62333
  ],
  "Hac\u0131h\u00fcseynli": [
    48.64889,
    41.45639
  ],
  "Hac\u0131qabul": [
    48.94286,
    40.03874
  ],
  "Hadrut": [
    47.0318,
    39.52002
  ],
  "Haftoni": [
    48.76223,
    38.76325
  ],
  "Heyd\u0259rabad": [
    44.84907,
    39.72052
  ],
  "Horadiz": [
    47.33531,
    39.44877
  ],
  "H\u00f6vsan": [
    50.08528,
    40.37444
  ],
  "Imishli": [
    48.05995,
    39.87095
  ],
  "Jebrail": [
    47.02834,
    39.39917
  ],
  "Kerbakhiar": [
    46.04446,
    40.10984
  ],
  "Khirdalan": [
    49.75502,
    40.44808
  ],
  "Khodzhi-Gasan": [
    49.76904,
    40.41293
  ],
  "Khyzy": [
    49.08127,
    40.90576
  ],
  "Kilyazi": [
    49.34233,
    40.87098
  ],
  "Kizhaba": [
    48.80546,
    38.53461
  ],
  "Korg\u00f6z": [
    49.6236,
    40.30446
  ],
  "Kyadabek": [
    45.81229,
    40.57055
  ],
  "Kyurdarmir": [
    48.15085,
    40.34532
  ],
  "Kyzyl-Burun": [
    49.11257,
    41.07754
  ],
  "La\u00e7\u0131n": [
    46.55045,
    39.59881
  ],
  "Lerik": [
    48.41497,
    38.77388
  ],
  "L\u00f6kbatan": [
    49.73376,
    40.3256
  ],
  "L\u01ddnk\u01ddran": [
    48.85062,
    38.75428
  ],
  "Mamrux": [
    46.76806,
    41.54444
  ],
  "Mardakyany": [
    50.14292,
    40.49182
  ],
  "Martakert": [
    46.82086,
    40.21238
  ],
  "Masally": [
    48.6654,
    39.03532
  ],
  "Ma\u015fta\u011fa": [
    50.00616,
    40.52982
  ],
  "Mincivan": [
    46.7214,
    39.03058
  ],
  "Mingelchaur": [
    47.05953,
    40.76395
  ],
  "Mughan": [
    48.81886,
    40.09902
  ],
  "Naftalan": [
    46.8203,
    40.50821
  ],
  "Nakhchivan": [
    45.41222,
    39.20889
  ],
  "Nardaran": [
    50.00556,
    40.55611
  ],
  "Neft\u00e7ala": [
    49.247,
    39.3768
  ],
  "Norashen": [
    44.97994,
    39.55298
  ],
  "Novosaratovka": [
    45.60079,
    40.59811
  ],
  "Novyy Karanlug": [
    47.10989,
    39.79546
  ],
  "Orconikidze": [
    47.6898,
    39.63238
  ],
  "Ordubad": [
    46.02341,
    38.90595
  ],
  "O\u011flanqala": [
    45.04611,
    39.58694
  ],
  "O\u011fuz": [
    47.45833,
    41.07083
  ],
  "Pirallah\u0131": [
    50.32476,
    40.47013
  ],
  "Prishibinskoye": [
    48.59255,
    39.11817
  ],
  "Pushkino": [
    48.545,
    39.45833
  ],
  "Puta": [
    49.66028,
    40.29667
  ],
  "Qabaq\u00e7\u00f6l": [
    46.26472,
    41.72
  ],
  "Qala": [
    50.16759,
    40.44256
  ],
  "Qandax": [
    46.54139,
    41.47694
  ],
  "Qaramanl\u0131": [
    46.99338,
    40.48135
  ],
  "Qaraxanl\u0131": [
    45.64516,
    41.03415
  ],
  "Qarayeri": [
    46.30659,
    40.78862
  ],
  "Qara\u00e7ala": [
    48.93792,
    39.81614
  ],
  "Qara\u00e7uxur": [
    49.97361,
    40.39667
  ],
  "Qas\u0131m \u0130smay\u0131lov": [
    46.26361,
    40.81444
  ],
  "Qax": [
    46.92417,
    41.4225
  ],
  "Qax \u0130ngiloy": [
    46.94,
    41.42611
  ],
  "Qaxba\u015f": [
    46.96667,
    41.43333
  ],
  "Qazax": [
    45.36561,
    41.09246
  ],
  "Qobu": [
    49.71306,
    40.40472
  ],
  "Qobustan": [
    48.92819,
    40.5336
  ],
  "Quba": [
    48.51341,
    41.36108
  ],
  "Qubadl\u0131": [
    46.58183,
    39.34441
  ],
  "Qusar": [
    48.4302,
    41.4275
  ],
  "Qutqashen": [
    47.84583,
    40.98139
  ],
  "Q\u0131rm\u0131z\u0131 Bazar": [
    46.94884,
    39.67833
  ],
  "Q\u0131rm\u0131z\u0131 Samux": [
    46.37889,
    40.93972
  ],
  "Q\u0131vraq": [
    45.11516,
    39.40196
  ],
  "Q\u0131z\u0131lhac\u0131l\u0131": [
    46.849,
    40.57362
  ],
  "Ramana": [
    49.98056,
    40.44222
  ],
  "Saatl\u0131": [
    48.36892,
    39.93214
  ],
  "Sabirabad": [
    48.47701,
    40.00869
  ],
  "Sabun\u00e7u": [
    49.94806,
    40.4425
  ],
  "Safaraliyev": [
    46.40889,
    40.76583
  ],
  "Salo\u011flu": [
    45.35293,
    41.27524
  ],
  "Salyan": [
    48.98479,
    39.59621
  ],
  "Samur": [
    48.43028,
    41.63671
  ],
  "Samuxlu": [
    47.16917,
    40.50833
  ],
  "Saray": [
    49.71681,
    40.53299
  ],
  "Sedarak": [
    44.88805,
    39.71144
  ],
  "Severo-Vostotchnyi Bank": [
    49.24792,
    39.41117
  ],
  "Shamakhi": [
    48.64137,
    40.63141
  ],
  "Shamkhor": [
    46.01889,
    40.82972
  ],
  "Sheki": [
    47.17056,
    41.19194
  ],
  "Shushi": [
    46.74989,
    39.76006
  ],
  "Sovetabad": [
    49.21414,
    39.33667
  ],
  "Sumqay\u0131t": [
    49.66861,
    40.58972
  ],
  "Tazakend": [
    45.44282,
    39.15459
  ],
  "Terter": [
    46.93242,
    40.34179
  ],
  "Tovuz": [
    45.62838,
    40.99249
  ],
  "T\u00fcrkan": [
    50.22075,
    40.3646
  ],
  "Ujar": [
    47.65423,
    40.51902
  ],
  "Verkhniy Dashkesan": [
    46.07175,
    40.49357
  ],
  "Vur\u011fun": [
    45.47111,
    41.09524
  ],
  "Xank\u01ddndi": [
    46.7528,
    39.8177
  ],
  "Xa\u00e7maz": [
    48.80565,
    41.46426
  ],
  "Xocal\u0131": [
    46.79028,
    39.91297
  ],
  "Xudat": [
    48.68161,
    41.63052
  ],
  "X\u0131ll\u0131": [
    49.10166,
    39.43012
  ],
  "Yan\u0131ql\u0131": [
    45.67283,
    40.84115
  ],
  "Yard\u0131ml\u0131": [
    48.24052,
    38.90771
  ],
  "Yayc\u0131": [
    45.7319,
    38.9427
  ],
  "Yelenendorf": [
    46.3189,
    40.58584
  ],
  "Yeni Suraxan\u0131": [
    50.03598,
    40.43026
  ],
  "Yevlakh": [
    47.15014,
    40.61832
  ],
  "Yukhary-Dashkesan": [
    46.08186,
    40.52393
  ],
  "Yuxar\u0131 Aran": [
    47.655,
    39.73361
  ],
  "Zabrat": [
    49.94174,
    40.47746
  ],
  "Zangilan": [
    46.6513,
    39.0884
  ],
  "Zaqatala": [
    46.64333,
    41.63361
  ],