{
  "Balatun": [
    19.33931,
    44.86332
  ],
  "Banja Luka": [
    17.18556,
    44.77583
  ],
  "Banovi\u0107i": [
    18.52648,
    44.40596
  ],
  "Barice": [
    18.48069,
    44.54065
  ],
  "Biha\u0107": [
    15.87083,
    44.81694
  ],
  "Bijela": [
    17.95078,
    43.60871
  ],
  "Bijeljina": [
    19.21437,
    44.75874
  ],
  "Bila": [
    16.92676,
    43.78265
  ],
  "Bile\u0107a": [
    18.42967,
    42.87645
  ],
  "Blagaj": [
    17.8897,
    43.25822
  ],
  "Blatnica": [
    17.82278,
    44.48677
  ],
  "Bosanska Dubica": [
    16.80944,
    45.17667
  ],
  "Bosanska Gradi\u0161ka": [
    17.25453,
    45.14484
  ],
  "Bosanska Krupa": [
    16.15139,
    44.8825
  ],
  "Bosanski Brod": [
    17.98722,
    45.13747
  ],
  "Bosanski Novi": [
    16.37782,
    45.04643
  ],
  "Bosanski \u0160amac": [
    18.46756,
    45.05986
  ],
  "Bosansko Grahovo": [
    16.36389,
    44.17944
  ],
  "Bratunac": [
    19.33085,
    44.18455
  ],
  "Brka": [
    18.7242,
    44.82837
  ],
  "Bronzani Majdan": [
    16.94039,
    44.79237
  ],
  "Br\u010dko": [
    18.80833,
    44.87278
  ],
  "Bugojno": [
    17.45083,
    44.05722
  ],
  "Busova\u010da": [
    17.8783,
    44.09769
  ],
  "Bu\u017eim": [
    16.03254,
    45.05361
  ],
  "Careva \u0106uprija": [
    18.42961,
    44.2663
  ],
  "Cazin": [
    15.94306,
    44.96694
  ],
  "Cim": [
    17.78045,
    43.35402
  ],
  "Crni\u0107i": [
    17.86452,
    43.13156
  ],
  "Derventa": [
    17.90779,
    44.97839
  ],
  "Divi\u010dani": [
    17.32678,
    44.36682
  ],
  "Doboj": [
    18.08698,
    44.73179
  ],
  "Dobrinje": [
    18.11958,
    44.05008
  ],
  "Dobrljin": [
    16.47869,
    45.15106
  ],
  "Donja Dubica": [
    18.41023,
    45.07559
  ],
  "Donja Mahala": [
    18.66996,
    45.04327
  ],
  "Donja Me\u0111i\u0111a": [
    18.40477,
    44.80234
  ],
  "Donji Vakuf": [
    17.4,
    44.14361
  ],
  "Dre\u017enica": [
    17.2812,
    43.52891
  ],
  "Drinovci": [
    17.32536,
    43.35454
  ],
  "Dubrave Donje": [
    18.69709,
    44.4806
  ],
  "Dubrave Gornje": [
    18.72685,
    44.47229
  ],
  "Dubravica": [
    18.11882,
    44.44131
  ],
  "Dvorovi": [
    19.25999,
    44.80753
  ],
  "Fojnica": [
    17.90288,
    43.95952
  ],
  "Fo\u010da": [
    18.77854,
    43.50646
  ],
  "Gacko": [
    18.53528,
    43.16722
  ],
  "Glamo\u010d": [
    16.84861,
    44.04583
  ],
  "Gnojnica": [
    18.44684,
    44.62058
  ],
  "Gora\u017ede": [
    18.97564,
    43.66795
  ],
  "Gornja Breza": [
    18.24564,
    44.03758
  ],
  "Gornja Koprivna": [
    15.95487,
    45.01091
  ],
  "Gornja Tuzla": [
    18.76159,
    44.55659
  ],
  "Gornje Mo\u0161tre": [
    18.15477,
    44.01911
  ],
  "Gornje \u017divinice": [
    18.61667,
    44.42921
  ],
  "Gornji Vakuf": [
    17.58833,
    43.93806
  ],
  "Gostovi\u0107i": [
    18.17029,
    44.41124
  ],
  "Grada\u010dac": [
    18.42764,
    44.87851
  ],
  "Gra\u010danica": [
    18.28333,
    43.73333
  ],
  "Gromiljak": [
    18.05504,
    43.96668
  ],
  "Grude": [
    17.39506,
    43.38356
  ],
  "Had\u017ei\u0107i": [
    18.20667,
    43.82222
  ],
  "Han Pijesak": [
    18.95258,
    44.08161
  ],
  "Hiseti": [
    17.17944,
    44.76111
  ],
  "Hotonj": [
    18.37751,
    43.89342
  ],
  "Ilija\u0161": [
    18.27128,
    43.95128
  ],
  "Ili\u0107i": [
    17.76848,
    43.34765
  ],
  "Iza\u010di\u0107": [
    15.78256,
    44.87485
  ],
  "Jablanica": [
    17.76167,
    43.66028
  ],
  "Jajce": [
    17.27059,
    44.34203
  ],
  "Janja": [
    19.24691,
    44.66554
  ],
  "Jelah": [
    17.95897,
    44.654
  ],
  "Jezerski": [
    16.09448,
    44.98172
  ],
  "Kakanj": [
    18.12292,
    44.13311
  ],
  "Kalenderovci Donji": [
    17.83785,
    44.94672
  ],
  "Karadaglije": [
    18.01774,
    44.57065
  ],
  "Ka\u010duni": [
    17.93894,
    44.06433
  ],
  "Kiseljak": [
    18.08132,
    43.94295
  ],
  "Kladanj": [
    18.69274,
    44.22669
  ],
  "Klju\u010d": [
    16.77682,
    44.53251
  ],
  "Kne\u017eica": [
    16.67668,
    45.10548
  ],
  "Kobilja Glava": [
    18.38864,
    43.88188
  ],
  "Konjic": [
    17.96082,
    43.65126
  ],
  "Koran": [
    18.56999,
    43.81038
  ],
  "Kostajnica": [
    16.53929,
    45.21956
  ],
  "Kotor-Varo\u0161": [
    17.37204,
    44.61831
  ],
  "Kova\u010di": [
    18.20521,
    44.44874
  ],
  "Ko\u010derin": [
    17.48552,
    43.39005
  ],
  "Lakta\u0161i": [
    17.30135,
    44.90857
  ],
  "Lamovita": [
    16.89932,
    44.92018
  ],
  "Lije\u0161nica": [
    18.07644,
    44.49497
  ],
  "Livno": [
    17.00746,
    43.82695
  ],
  "Ljubinje": [
    18.08702,
    42.9512
  ],
  "Ljubu\u0161ki": [
    17.545,
    43.19694
  ],
  "Lokvine": [
    17.85665,
    44.20466
  ],
  "Lopare": [
    18.8434,
    44.63498
  ],
  "Lukavica": [
    18.16887,
    44.76452
  ],
  "Maglaj": [
    18.10003,
    44.54771
  ],
  "Maglajani": [
    17.35014,
    44.94975
  ],
  "Mahala": [
    18.25528,
    44.01194
  ],
  "Mala Kladu\u0161a": [
    15.85217,
    45.13443
  ],
  "Male\u0161i\u0107i": [
    18.27335,
    44.73824
  ],
  "Mari\u0107ka": [
    16.8551,
    44.86801
  ],
  "Maslovare": [
    17.53216,
    44.56594
  ],
  "Mejdan - Obili\u0107evo": [
    17.19012,
    44.76324
  ],
  "Mili\u0107i": [
    19.09195,
    44.17016
  ],
  "Mionica": [
    18.46603,
    44.86646
  ],
  "Mostar": [
    17.80806,
    43.34333
  ],
  "Mramor": [
    18.56458,
    44.59234
  ],
  "Mrkonji\u0107 Grad": [
    17.08288,
    44.41729
  ],
  "Neum": [
    17.61556,
    42.92333
  ],
  "Nevesinje": [
    18.11333,
    43.25861
  ],
  "Novi Travnik": [
    17.65816,
    44.17133
  ],
  "Novi \u0160eher": [
    18.02624,
    44.51031
  ],
  "Obudovac": [
    18.59869,
    44.95214
  ],
  "Od\u017eak": [
    18.3272,
    45.01038
  ],
  "Olovo": [
    18.58065,
    44.1277
  ],
  "Omarska": [
    16.89814,
    44.8917
  ],
  "Orahovica Donja": [
    18.36951,
    44.65345
  ],
  "Ora\u0161ac": [
    16.07443,
    44.63039
  ],
  "Ora\u0161je": [
    18.69334,
    45.03366
  ],
  "Orguz": [
    16.86329,
    43.77414
  ],
  "Ostro\u017eac": [
    15.94044,
    44.90866
  ],
  "Otoka": [
    16.17917,
    44.96
  ],
  "O\u0161tra Luka": [
    18.58464,
    44.99724
  ],
  "Paji\u0107 Polje": [
    17.5275,
    43.97583
  ],
  "Pale": [
    18.56949,
    43.81664
  ],
  "Pazari\u0107": [
    18.16049,
    43.78882
  ],
  "Petkovci": [
    19.07466,
    44.46849
  ],
  "Pe\u0107i": [
    16.7825,
    44.63139
  ],
  "Pe\u0107igrad": [
    15.89694,
    45.05444
  ],
  "Piskavica": [
    16.97464,
    44.86717
  ],
  "Pjani\u0107i": [
    15.82304,
    44.98568
  ],
  "Podbrdo": [
    17.01495,
    44.44189
  ],
  "Podhum": [
    16.99887,
    43.72295
  ],
  "Podzvizd": [
    15.87361,
    45.17417
  ],
  "Polje": [
    18.07452,
    43.88014
  ],
  "Polje-Bijela": [
    17.97216,
    43.63299
  ],
  "Popovi": [
    19.28667,
    44.76547
  ],
  "Potoci": [
    17.87855,
    43.40953
  ],
  "Pribini\u0107": [
    17.68982,
    44.6101
  ],
  "Priboj": [
    18.93165,
    44.60233
  ],
  "Prijedor": [
    16.71401,
    44.97991
  ],
  "Prnjavor": [
    17.66256,
    44.87021
  ],
  "Prozor": [
    17.60917,
    43.82222
  ],
  "Pura\u010di\u0107": [
    18.47865,
    44.54562
  ],
  "Radi\u0161i\u0107i": [
    17.54056,
    43.22302
  ],
  "Rodo\u010d": [
    17.8029,
    43.31453
  ],
  "Rogatica": [
    19.00363,
    43.79894
  ],
  "Rudo": [
    19.36719,
    43.61781
  ],
  "Rumboci": [
    17.50273,
    43.83154
  ],
  "Sanica": [
    16.64062,
    44.61354
  ],
  "Sanski Most": [
    16.667,
    44.7667
  ],
  "Sarajevo": [
    18.35644,
    43.84864
  ],
  "Skender Vakuf": [
    17.38161,
    44.49071
  ],
  "Skokovi": [
    15.91444,
    45.03139
  ],
  "Sladna": [
    18.42576,
    44.72897
  ],
  "Sokolac": [
    18.80079,
    43.93817
  ],
  "Solina": [
    18.69322,
    44.56226
  ],
  "Srbac": [
    17.52331,
    45.0973
  ],