{
  "Badarganj": [
    89.05377,
    25.67419
  ],
  "Baniachang": [
    91.35787,
    24.51863
  ],
  "Baris\u0101l": [
    90.37013,
    22.70497
  ],
  "Bera": [
    89.63262,
    24.07821
  ],
  "Bhairab B\u0101z\u0101r": [
    90.9764,
    24.0524
  ],
  "Bher\u0101m\u0101ra": [
    88.99234,
    24.02452
  ],
  "Bhola": [
    90.64403,
    22.68759
  ],
  "Bh\u0101nd\u0101ria": [
    90.06273,
    22.48898
  ],
  "Bh\u0101tp\u0101ra Abhaynagar": [
    89.43936,
    23.01472
  ],
  "Bogra": [
    89.37108,
    24.85098
  ],
  "Burh\u0101nuddin": [
    90.7239,
    22.49518
  ],
  "B\u0101jitpur": [
    90.95002,
    24.21623
  ],
  "B\u0101ndarban": [
    92.21946,
    22.19534
  ],
  "Char Bhadr\u0101san": [
    90.22698,
    23.30916
  ],
  "Chh\u0101galn\u0101iya": [
    91.51092,
    23.02475
  ],
  "Chh\u0101tak": [
    91.6815,
    25.03858
  ],
  "Chilm\u0101ri": [
    89.67097,
    25.55613
  ],
  "Chittagong": [
    91.83168,
    22.3384
  ],
  "Comilla": [
    91.18504,
    23.46186
  ],
  "Cox\u2019s B\u0101z\u0101r": [
    91.96765,
    21.45388
  ],
  "Dhaka": [
    90.40744,
    23.7104
  ],
  "Din\u0101jpur": [
    88.63779,
    25.62745
  ],
  "Doh\u0101r": [
    90.14251,
    23.59311
  ],
  "Far\u012bdpur": [
    89.84064,
    23.60612
  ],
  "Fatikchari": [
    91.78123,
    22.68768
  ],
  "Feni": [
    91.4013,
    23.01134
  ],
  "Gafargaon": [
    90.5585,
    24.432
  ],
  "Gaibandha": [
    89.5438,
    25.3293
  ],
  "Gaurnadi": [
    90.22376,
    22.97372
  ],
  "Habiganj": [
    91.413,
    24.38044
  ],
  "H\u0101j\u012bganj": [
    90.85508,
    23.25191
  ],
  "Ishurdi": [
    89.06573,
    24.12858
  ],
  "Jahedpur": [
    91.65,
    24.83333
  ],
  "Jam\u0101lpur": [
    89.94812,
    24.91965
  ],
  "Jessore": [
    89.21371,
    23.16971
  ],
  "Jhingerg\u0101cha": [
    89.09061,
    23.11134
  ],
  "Joypur H\u0101t": [
    89.02734,
    25.10147
  ],
  "Kesabpur": [
    89.21954,
    22.90725
  ],
  "Khagrachhari": [
    91.97006,
    23.10787
  ],
  "Khulna": [
    89.56439,
    22.80978
  ],
  "Kishorganj": [
    90.78291,
    24.43944
  ],
  "Kushtia": [
    89.11943,
    23.9028
  ],
  "K\u0101lia": [
    89.63094,
    23.043
  ],
  "K\u0101l\u012bganj": [
    89.13801,
    23.40964
  ],
  "Lakshm\u012bpur": [
    90.83005,
    22.9443
  ],
  "Lalmanirhat": [
    89.44595,
    25.91719
  ],
  "L\u0101ksh\u0101m": [
    91.12143,
    23.24018
  ],
  "L\u0101lmohan": [
    90.73708,
    22.33774
  ],
  "Manikchari": [
    91.84128,
    22.83957
  ],
  "Mathba": [
    89.95882,
    22.28616
  ],
  "Maulavi B\u0101z\u0101r": [
    91.77075,
    24.48888
  ],
  "Mehendiganj": [
    90.52859,
    22.82257
  ],
  "Mirz\u0101pur": [
    90.09841,
    24.10287
  ],
  "Morrelgonj": [
    89.85584,
    22.45566
  ],
  "Mukt\u0101g\u0101cha": [
    90.25698,
    24.76484
  ],
  "Mymensingh": [
    90.40646,
    24.75636
  ],
  "M\u0101d\u0101r\u012bpur": [
    90.20935,
    23.17097
  ],
  "Nab\u012bnagar": [
    90.96792,
    23.88791
  ],
  "Nageswari": [
    89.69153,
    25.96817
  ],
  "Narail": [
    89.49515,
    23.15509
  ],
  "Narsingdi": [
    90.71768,
    23.92298
  ],
  "Naw\u0101bganj": [
    88.27444,
    24.59025
  ],
  "Netrakona": [
    90.72898,
    24.88352
  ],
  "N\u0101garpur": [
    89.87696,
    24.05783
  ],
  "N\u0101lchiti": [
    90.27195,
    22.63696
  ],
  "N\u0101r\u0101yanganj": [
    90.50298,
    23.61352
  ],
  "Panchagarh": [
    88.55777,
    26.33338
  ],
  "Parbatipur": [
    88.93093,
    25.66369
  ],
  "Patiya": [
    91.979,
    22.29543
  ],
  "Phultala": [
    89.51194,
    22.71673
  ],
  "Pirojpur": [
    89.97521,
    22.57965
  ],
  "P\u0101bna": [
    89.2372,
    24.00644
  ],
  "P\u0101lang": [
    90.35076,
    23.21824
  ],
  "P\u0101r Naogaon": [
    88.94875,
    24.80418
  ],
  "P\u012brgaaj": [
    88.35943,
    25.85587
  ],
  "Rangpur": [
    89.25166,
    25.74664
  ],
  "Raoj\u0101n": [
    91.91919,
    22.53511
  ],
  "R\u0101ipur": [
    90.76808,
    23.0391
  ],
  "R\u0101jsh\u0101hi": [
    88.60114,
    24.374
  ],
  "R\u0101mganj": [
    90.84989,
    23.1006
  ],
  "Saidpur": [
    88.89169,
    25.77769
  ],
  "Sakhipur": [
    90.16943,
    24.31988
  ],
  "Sandw\u012bp": [
    91.45491,
    22.51409
  ],
  "Sarankhola": [
    89.79113,
    22.31006
  ],
  "Sarish\u0101b\u0101ri": [
    89.83126,
    24.75127
  ],
  "Sherpur": [
    90.01751,
    25.01881
  ],
  "Shibganj": [
    88.15638,
    24.68501
  ],
  "Sh\u0101hz\u0101dpur": [
    89.5988,
    24.17687
  ],
  "Sir\u0101jganj": [
    89.70802,
    24.45771
  ],
  "Sylhet": [
    91.87198,
    24.89904
  ],
  "S\u0101tkania": [
    92.04955,
    22.07639
  ],
  "S\u0101tkhira": [
    89.07185,
    22.70817
  ],
  "Tekn\u0101f": [
    92.30153,
    20.86382
  ],
  "Th\u0101kurgaon": [
    88.46989,
    26.03097
  ],
  "Tungi": [
    90.40232,
    23.89154
  ],
  "Tungip\u0101ra": [
    89.90326,
    22.89983
  ],
  "T\u0101ng\u0101il": [
    89.91655,
    24.24984
  ],
  "Uttar Char Fasson": [
    90.71275,
    22.22647
  ]
}
