{
  "Aheloy": [
    27.64838,
    42.64987
  ],
  "Akhtopol": [
    27.95,
    42.1
  ],
  "Aksakovo": [
    27.81667,
    43.25
  ],
  "Alfatar": [
    27.28333,
    43.95
  ],
  "Anton": [
    24.28333,
    42.75
  ],
  "Antonovo": [
    26.16667,
    43.15
  ],
  "Apriltsi": [
    24.91759,
    42.84142
  ],
  "Ardino": [
    25.13333,
    41.58333
  ],
  "Asen": [
    25.2,
    42.65
  ],
  "Asenovgrad": [
    24.86667,
    42.01667
  ],
  "Aytos": [
    27.25,
    42.7
  ],
  "Balchik": [
    28.16667,
    43.41667
  ],
  "Balgarevo": [
    28.41189,
    43.40296
  ],
  "Banite": [
    25.01667,
    41.61667
  ],
  "Bansko": [
    23.48851,
    41.8383
  ],
  "Bata": [
    27.5,
    42.73333
  ],
  "Batak": [
    24.21667,
    41.95
  ],
  "Batanovtsi": [
    22.95056,
    42.59972
  ],
  "Belene": [
    25.11667,
    43.65
  ],
  "Belitsa": [
    23.5725,
    41.95694
  ],
  "Belogradchik": [
    22.68361,
    43.62722
  ],
  "Beloslav": [
    27.7,
    43.18333
  ],
  "Belovo": [
    24.01667,
    42.21667
  ],
  "Berkovitsa": [
    23.12583,
    43.23611
  ],
  "Blagoevgrad": [
    23.1,
    42.01667
  ],
  "Boboshevo": [
    23.01639,
    42.15972
  ],
  "Bobovdol": [
    23.01722,
    42.36972
  ],
  "Bolyarovo": [
    26.81667,
    42.15
  ],
  "Borino": [
    24.28333,
    41.68333
  ],
  "Borovan": [
    23.75,
    43.43333
  ],
  "Borovo": [
    25.8,
    43.5
  ],
  "Botevgrad": [
    23.78333,
    42.9
  ],
  "Bov": [
    23.37806,
    43.0325
  ],
  "Boychinovtsi": [
    23.33583,
    43.47222
  ],
  "Bozhurishte": [
    23.2,
    42.75
  ],
  "Bratsigovo": [
    24.36667,
    42.01667
  ],
  "Bregovo": [
    22.6425,
    44.15167
  ],
  "Breznik": [
    22.89806,
    42.74139
  ],
  "Brezovo": [
    25.08333,
    42.35
  ],
  "Brusartsi": [
    23.06667,
    43.66667
  ],
  "Bukhovo": [
    23.56667,
    42.76667
  ],
  "Burgas": [
    27.46781,
    42.50606
  ],
  "Byala": [
    27.88333,
    42.88333
  ],
  "Byala Cherkva": [
    25.3,
    43.2
  ],
  "Byala Slatina": [
    23.93333,
    43.46667
  ],
  "Chavdar": [
    24.05,
    42.65
  ],
  "Chelopech": [
    24.08333,
    42.7
  ],
  "Chepelare": [
    24.68333,
    41.73333
  ],
  "Chernomorets": [
    27.63834,
    42.44589
  ],
  "Cherven Bryag": [
    24.1,
    43.26667
  ],
  "Chiprovtsi": [
    22.88083,
    43.38417
  ],
  "Chirpan": [
    25.33333,
    42.2
  ],
  "Debelets": [
    25.61667,
    43.03333
  ],
  "Devin": [
    24.40003,
    41.74327
  ],
  "Devnya": [
    27.56944,
    43.22222
  ],
  "Dimitrovgrad": [
    25.6,
    42.05
  ],
  "Dimovo": [
    22.72694,
    43.74167
  ],
  "Dobrich": [
    27.83333,
    43.56667
  ],
  "Dolna Banya": [
    23.76667,
    42.3
  ],
  "Dolna Mitropoliya": [
    24.53333,
    43.46667
  ],
  "Dolni Chiflik": [
    27.71667,
    42.98333
  ],
  "Dolni D\u016dbnik": [
    24.43333,
    43.4
  ],
  "Dospat": [
    24.16667,
    41.65
  ],
  "Dragoman": [
    22.93167,
    42.91889
  ],
  "Dryanovo": [
    25.4785,
    42.97897
  ],
  "Dulovo": [
    27.15,
    43.81667
  ],
  "Dunavtsi": [
    22.82111,
    43.92111
  ],
  "Dupnitsa": [
    23.11667,
    42.26667
  ],
  "Dve Mogili": [
    25.86667,
    43.6
  ],
  "Dzhebel": [
    25.3,
    41.5
  ],
  "D\u016dlgopol": [
    27.35,
    43.05
  ],
  "Elena": [
    25.88333,
    42.93333
  ],
  "Elin Pelin": [
    23.6,
    42.66667
  ],
  "Elkhovo": [
    26.56667,
    42.16667
  ],
  "Etropole": [
    24,
    42.83333
  ],
  "Gabrovo": [
    25.26667,
    41.8
  ],
  "Gara Khitrino": [
    26.91667,
    43.43333
  ],
  "General-Toshevo": [
    28.03333,
    43.7
  ],
  "Glavinitsa": [
    26.83333,
    43.91667
  ],
  "Godech": [
    23.04417,
    43.015
  ],
  "Gorichevo": [
    26.45,
    43.85
  ],
  "Gorna Malina": [
    23.7,
    42.68333
  ],
  "Gorna Oryakhovitsa": [
    25.70167,
    43.12778
  ],
  "Gotse Delchev": [
    23.73333,
    41.56667
  ],
  "Gramada": [
    22.65861,
    43.83444
  ],
  "Gulyantsi": [
    24.7,
    43.63333
  ],
  "Gurkovo": [
    25.8,
    42.66667
  ],
  "Gyovren": [
    24.23,
    41.4
  ],
  "G\u016dl\u016dbovo": [
    25.85,
    42.13333
  ],
  "G\u016drmen": [
    23.81667,
    41.6
  ],
  "Haskovo": [
    25.55557,
    41.93415
  ],
  "Ikhtiman": [
    23.81667,
    42.43333
  ],
  "Isk\u016dr": [
    24.26667,
    43.45
  ],
  "Isperikh": [
    26.83333,
    43.71667
  ],
  "Ivanovo": [
    25.98333,
    43.7
  ],
  "Ivaylovgrad": [
    26.13333,
    41.53333
  ],
  "Kalofer": [
    24.98333,
    42.61667
  ],
  "Kaloyanovo": [
    24.73333,
    42.35
  ],
  "Kameno": [
    27.29387,
    42.57446
  ],
  "Kaolinovo": [
    27.11667,
    43.61667
  ],
  "Karlovo": [
    24.8,
    42.63333
  ],
  "Karnobat": [
    26.98333,
    42.65
  ],
  "Kaspichan": [
    27.16667,
    43.31667
  ],
  "Kavarna": [
    28.33333,
    43.43333
  ],
  "Kaynardzha": [
    27.5,
    43.98333
  ],
  "Kazanl\u016dk": [
    25.4,
    42.61667
  ],
  "Kermen": [
    26.25,
    42.5
  ],
  "Khadzhidimovo": [
    23.86861,
    41.52222
  ],
  "Kharmanli": [
    25.9,
    41.93333
  ],
  "Khayredin": [
    23.66667,
    43.6
  ],
  "Khisarya": [
    24.7,
    42.5
  ],
  "Kilifarevo": [
    25.63333,
    42.98333
  ],
  "Kiten": [
    27.7749,
    42.23424
  ],
  "Klisura": [
    24.45,
    42.7
  ],
  "Knezha": [
    24.08333,
    43.5
  ],
  "Kocherinovo": [
    23.06667,
    42.08333
  ],
  "Koprivshtitsa": [
    24.35,
    42.63333
  ],
  "Kostinbrod": [
    23.21667,
    42.81667
  ],
  "Kotel": [
    26.45,
    42.88333
  ],
  "Koynare": [
    24.13333,
    43.35
  ],
  "Kozloduy": [
    23.73333,
    43.78333
  ],
  "Kresna": [
    23.15,
    41.73333
  ],
  "Krichim": [
    24.46667,
    42.05
  ],
  "Krivodol": [
    23.48444,
    43.37444
  ],
  "Krumovgrad": [
    25.65,
    41.46667
  ],
  "Krushari": [
    27.75,
    43.81667
  ],
  "Kubrat": [
    26.5,
    43.8
  ],
  "Kula": [
    22.52139,
    43.88778
  ],
  "Kyustendil": [
    22.69111,
    42.28389
  ],
  "K\u016drdzhali": [
    25.36667,
    41.65
  ],
  "Lakatnik": [
    23.4,
    43.05
  ],
  "Lesichevo": [
    24.11667,
    42.35
  ],
  "Letnitsa": [
    25.07333,
    43.31167
  ],
  "Levski": [
    25.13333,
    43.36667
  ],
  "Lom": [
    23.23611,
    43.81389
  ],
  "Lovech": [
    24.71667,
    43.13333
  ],
  "Loznitsa": [
    26.6,
    43.36667
  ],
  "Lukovit": [
    24.16667,
    43.2
  ],
  "Lyaskovets": [
    25.72833,
    43.11111
  ],
  "Lyubimets": [
    26.08333,
    41.83333
  ],
  "L\u016dki": [
    24.81667,
    41.85
  ],
  "Madan": [
    24.95,
    41.5
  ],
  "Madzharovo": [
    25.86667,
    41.63333
  ],
  "Malko T\u016drnovo": [
    27.53333,
    41.98333
  ],
  "Medkovets": [
    23.18111,
    43.62972
  ],
  "Medovene": [
    26.51667,
    43.76667
  ],
  "Mezdra": [
    23.7,
    43.15
  ],
  "Mineralni Bani": [
    25.35,
    41.91667
  ],
  "Mirkovo": [
    23.98333,
    42.7
  ],
  "Miziya": [
    23.85,
    43.68333
  ],
  "Montana": [
    23.225,
    43.4125
  ],
  "M\u016dglizh": [
    25.55,
    42.6
  ],
  "Nedelino": [
    25.08333,
    41.45
  ],
  "Nesebar": [
    27.73602,
    42.65921
  ],
  "Nikolaevo": [
    25.8,
    42.63333
  ],
  "Nikopol": [
    24.9,
    43.7
  ],
  "Nova Zagora": [
    26.01667,
    42.48333
  ],
  "Novi Pazar": [
    27.2,
    43.35
  ],
  "Novo Selo": [
    22.78667,
    44.15861
  ],
  "Obzor": [
    27.88333,
    42.81667
  ],
  "Omurtag": [
    26.41667,
    43.1
  ],
  "Opaka": [
    26.16667,
    43.45
  ],
  "Oryakhovo": [
    23.96667,
    43.73333
  ],
  "Panagyurishte": [
    24.18333,
    42.5
  ],
  "Pavel Banya": [
    25.2,
    42.6
  ],
  "Pavlikeni": [
    25.32194,
    43.24278
  ],
  "Pazardzhik": [
    24.33333,
    42.2
  ],
  "Pernik": [
    23.03333,
    42.6
  ],
  "Perushtitsa": [
    24.55,
    42.05
  ],
  "Peshtera": [
    24.3,
    42.03333
  ],
  "Petrich": [
    23.21667,
    41.4
  ],
  "Pirdop": [
    24.18333,
    42.7
  ],
  "Pleven": [
    24.61667,
    43.41667
  ],