{
  "Al Muharraq": [
    50.61194,
    26.25722
  ],
  "Al \u1e28add": [
    50.65417,
    26.24556
  ],
  "Ar Rif\u0101\u2018": [
    50.555,
    26.13
  ],
  "D\u0101r Kulayb": [
    50.50389,
    26.06861
  ],
  "Jidd \u1e28af\u015f": [
    50.54778,
    26.21861
  ],
  "Mad\u012bnat \u1e28amad": [
    50.50694,
    26.11528
  ],
  "Mad\u012bnat \u2018\u012as\u00e1": [
    50.54778,
    26.17361
  ],
  "Manama": [
    50.5832,
    26.21536
  ],
  "Sitrah": [
    50.62056,
    26.15472
  ]
}
