{
  "Abomey": [
    1.99119,
    7.18286
  ],
  "Abomey-Calavi": [
    2.35566,
    6.44852
  ],
  "Allada": [
    2.15138,
    6.66547
  ],
  "Aplahou\u00e9": [
    1.68333,
    6.93333
  ],
  "Banikoara": [
    2.43856,
    11.29845
  ],
  "Bassila": [
    1.6654,
    9.00814
  ],
  "Bemb\u00e8r\u00e8k\u00e8": [
    2.66335,
    10.22827
  ],
  "Bohicon": [
    2.0667,
    7.17826
  ],
  "B\u00e9t\u00e9rou": [
    2.25855,
    9.19916
  ],
  "Com\u00e9": [
    1.88198,
    6.40764
  ],
  "Cotonou": [
    2.41833,
    6.36536
  ],
  "Cov\u00e9": [
    2.34017,
    7.22097
  ],
  "Dassa-Zoum\u00e9": [
    2.18333,
    7.75
  ],
  "Djougou": [
    1.66598,
    9.70853
  ],
  "Dogbo": [
    1.78333,
    6.81667
  ],
  "Grand-Popo": [
    1.82251,
    6.28036
  ],
  "Guilmaro": [
    1.72444,
    10.56583
  ],
  "Hinvi": [
    2.16667,
    6.76667
  ],
  "H\u00e9vi\u00e9": [
    2.25,
    6.41667
  ],
  "Kandi": [
    2.93861,
    11.13417
  ],
  "K\u00e9tou": [
    2.59978,
    7.36332
  ],
  "Lokossa": [
    1.71674,
    6.63869
  ],
  "Malanville": [
    3.38327,
    11.86819
  ],
  "Natitingou": [
    1.37962,
    10.30416
  ],
  "Nikki": [
    3.21075,
    9.94009
  ],
  "Ouidah": [
    2.08506,
    6.36307
  ],
  "Parakou": [
    2.63031,
    9.33716
  ],
  "Pob\u00e9": [
    2.6649,
    6.98008
  ],
  "Porto-Novo": [
    2.60359,
    6.49646
  ],
  "Sak\u00e9t\u00e9": [
    2.65866,
    6.73618
  ],
  "Savalou": [
    1.97558,
    7.92807
  ],
  "Sav\u00e9": [
    2.4866,
    8.03424
  ],
  "Tangui\u00e9ta": [
    1.26651,
    10.62118
  ],
  "Tchaourou": [
    2.59752,
    8.88649
  ]
}
