{
  "Hamilton": [
    -64.77797,
    32.29149
  ],
  "Saint George": [
    -64.67806,
    32.38167
  ]
}
