{
  "Dorp Antriol": [
    -68.26667,
    12.16667
  ],
  "Dorp Rinc\u00f3n": [
    -68.33333,
    12.23333
  ],
  "Dorp Tera Kora": [
    -68.26667,
    12.13333
  ],
  "Kralendijk": [
    -68.26667,
    12.15
  ],
  "Oranjestad": [
    -62.98324,
    17.48268
  ],
  "The Bottom": [
    -63.24919,
    17.6259
  ],
  "Upper Hell's Gate": [
    -63.22649,
    17.643
  ]
}
