{
  "Daga": [
    89.87688,
    27.07529
  ],
  "Daphu": [
    89.38333,
    26.96667
  ],
  "Gasa": [
    89.72689,
    27.90372
  ],
  "Ha": [
    89.28074,
    27.38747
  ],
  "Jakar": [
    90.7525,
    27.54918
  ],
  "Lhuentse": [
    91.18393,
    27.66787
  ],
  "Mongar": [
    91.23963,
    27.27471
  ],
  "Pajo": [
    89.88333,
    27.53333
  ],
  "Panbang": [
    90.98333,
    26.86667
  ],
  "Paro": [
    89.41334,
    27.4305
  ],
  "Pemagatshel": [
    91.40305,
    27.03795
  ],
  "Phuntsholing": [
    89.38837,
    26.85164
  ],
  "Pun\u0101kha": [
    89.87743,
    27.59137
  ],
  "Samdrup Jongkhar": [
    91.50519,
    26.80069
  ],
  "Samtse": [
    89.09951,
    26.89903
  ],
  "Sarpang": [
    90.26745,
    26.86395
  ],
  "Shemgang": [
    90.65794,
    27.21689
  ],
  "Thimphu": [
    89.64191,
    27.46609
  ],
  "Trashi Yangtse": [
    91.498,
    27.6116
  ],
  "Trashigang": [
    91.55424,
    27.3331
  ],
  "Trongsa": [
    90.50716,
    27.5026
  ],
  "Tsimasham": [
    89.53604,
    27.0989
  ],
  "Tsirang": [
    90.12291,
    27.0219
  ],
  "Wangdue Phodrang": [
    89.89915,
    27.48615
  ]
}
