{
  "Aktsyabrski": [
    28.8801,
    52.644
  ],
  "Antopal\u2019": [
    24.7863,
    52.2038
  ],
  "Ashmyany": [
    25.936,
    54.421
  ],
  "Asipovichy": [
    28.6386,
    53.3011
  ],
  "Asnyezhytsy": [
    26.1299,
    52.1891
  ],
  "Astrashytski Haradok": [
    27.695,
    54.0651
  ],
  "Astravyets": [
    25.95537,
    54.61378
  ],
  "Atolina": [
    27.4346,
    53.7817
  ],
  "Azyartso": [
    27.3917,
    53.8397
  ],
  "Babruysk": [
    29.2214,
    53.1384
  ],
  "Balbasava": [
    30.2909,
    54.4207
  ],
  "Bal\u2019shavik": [
    27.5669,
    54.0036
  ],
  "Baranavichy": [
    26.0139,
    53.1327
  ],
  "Baran\u2019": [
    30.3159,
    54.4784
  ],
  "Baruny": [
    26.1376,
    54.3171
  ],
  "Ber\u00ebzovka": [
    25.49927,
    53.72143
  ],
  "Blon\u2019": [
    28.1732,
    53.5269
  ],
  "Bobr": [
    29.2736,
    54.342
  ],
  "Borovlyany": [
    27.6754,
    54.0022
  ],
  "Brahin": [
    30.2677,
    51.787
  ],
  "Braslaw": [
    27.0418,
    55.6413
  ],
  "Brest": [
    23.68775,
    52.09755
  ],
  "Buda-Kashalyova": [
    30.5701,
    52.7179
  ],
  "Buynichy": [
    30.2671,
    53.8536
  ],
  "Byahoml\u2019": [
    28.0577,
    54.7316
  ],
  "Byalynichy": [
    29.7141,
    53.9994
  ],
  "Byaroza": [
    24.9786,
    52.5314
  ],
  "Byelaazyorsk": [
    25.1784,
    52.4731
  ],
  "Byerazino": [
    28.9879,
    53.8391
  ],
  "Bykhaw": [
    30.2454,
    53.521
  ],
  "Chachersk": [
    30.9179,
    52.9164
  ],
  "Charnawchytsy": [
    23.74043,
    52.21948
  ],
  "Chashniki": [
    29.1608,
    54.8584
  ],
  "Chavusy": [
    30.9717,
    53.8098
  ],
  "Chervyen\u2019": [
    28.4313,
    53.7059
  ],
  "Cherykaw": [
    31.3831,
    53.5689
  ],
  "Chyrvonaya Slabada": [
    27.1698,
    52.8522
  ],
  "Chysts\u2019": [
    27.1067,
    54.2698
  ],
  "Dashkawka": [
    30.2625,
    53.7352
  ],
  "Davyd-Haradok": [
    27.2161,
    52.0566
  ],
  "Dobrush": [
    31.3237,
    52.4089
  ],
  "Dokshytsy": [
    27.7667,
    54.8918
  ],
  "Dowsk": [
    30.4601,
    53.1571
  ],
  "Drahichyn": [
    25.1597,
    52.1874
  ],
  "Druya": [
    27.4505,
    55.7906
  ],
  "Druzhny": [
    27.8977,
    53.6238
  ],
  "Drybin": [
    31.0939,
    54.1192
  ],
  "Dubrowna": [
    30.691,
    54.5716
  ],
  "Dukora": [
    27.94,
    53.6786
  ],
  "Dzisna": [
    28.2076,
    55.5676
  ],
  "Dzyarzhynsk": [
    27.138,
    53.6832
  ],
  "Dzyatlava": [
    25.4068,
    53.4631
  ],
  "Enyerhyetykaw": [
    27.0535,
    53.5871
  ],
  "Fanipol": [
    27.29622,
    53.76272
  ],
  "Hal\u2019shany": [
    26.0144,
    54.2585
  ],
  "Hantsavichy": [
    26.43,
    52.758
  ],
  "Haradok": [
    29.9845,
    55.4624
  ],
  "Haradzishcha": [
    26.0107,
    53.3247
  ],
  "Haradzyeya": [
    26.538,
    53.3121
  ],
  "Hatava": [
    27.6407,
    53.7829
  ],
  "Hlusha": [
    28.8567,
    53.0868
  ],
  "Hlusk": [
    28.6845,
    52.903
  ],
  "Hlybokaye": [
    27.6905,
    55.1384
  ],
  "Homyel\u2019": [
    30.9754,
    52.4345
  ],
  "Horad Barysaw": [
    28.505,
    54.2279
  ],
  "Horad Kobryn": [
    24.36639,
    52.21611
  ],
  "Horad Krychaw": [
    31.71417,
    53.69889
  ],
  "Horad Luninyets": [
    26.79944,
    52.25028
  ],
  "Horad Orsha": [
    30.40528,
    54.51528
  ],
  "Horad Pinsk": [
    26.07278,
    52.12139
  ],
  "Horad Rechytsa": [
    30.39472,
    52.36389
  ],
  "Horad Smalyavichy": [
    28.0894,
    54.0249
  ],
  "Horad Zhodzina": [
    28.3331,
    54.0985
  ],
  "Horki": [
    30.9863,
    54.2862
  ],
  "Hrodna": [
    23.8258,
    53.6884
  ],
  "Il\u2019ya": [
    27.2958,
    54.4167
  ],
  "Indura": [
    23.8823,
    53.4605
  ],
  "Ivanava": [
    25.5365,
    52.1451
  ],
  "Ivatsevichy": [
    25.3401,
    52.709
  ],
  "Ivyanyets": [
    26.7432,
    53.8864
  ],
  "Iwye": [
    25.7727,
    53.9299
  ],
  "Kadino": [
    30.52028,
    53.88389
  ],
  "Kalinkavichy": [
    29.3257,
    52.1323
  ],
  "Kalodzishchy": [
    27.7823,
    53.944
  ],
  "Kamyanyets": [
    23.81,
    52.40014
  ],
  "Kamyanyuki": [
    23.80525,
    52.55757
  ],
  "Kapyl\u2019": [
    27.0913,
    53.1516
  ],
  "Karelichy": [
    26.1406,
    53.5648
  ],
  "Karma": [
    30.8016,
    53.1301
  ],
  "Kastsyukovichy": [
    32.0514,
    53.3525
  ],
  "Kastsyukowka": [
    30.9173,
    52.5387
  ],
  "Khalopyenichy": [
    28.9587,
    54.5156
  ],
  "Khatsyezhyna": [
    27.3069,
    53.9094
  ],
  "Khodasy": [
    31.4779,
    53.9266
  ],
  "Khotsimsk": [
    32.578,
    53.4086
  ],
  "Khoyniki": [
    29.9552,
    51.8911
  ],
  "Kirawsk": [
    29.4752,
    53.2693
  ],
  "Klichaw": [
    29.3356,
    53.4923
  ],
  "Klimavichy": [
    31.9586,
    53.6079
  ],
  "Klyetsk": [
    26.6321,
    53.0635
  ],
  "Kobryn": [
    24.3564,
    52.2138
  ],
  "Kokhanava": [
    30.0018,
    54.4611
  ],
  "Konstantinovo": [
    29.2684,
    54.6593
  ],
  "Korol\u00ebv Stan": [
    27.7982,
    53.9865
  ],
  "Kosava": [
    25.1554,
    52.7583
  ],
  "Krasnapollye": [
    31.3999,
    53.3353
  ],
  "Krasnasyel\u2019ski": [
    24.4301,
    53.2645
  ],
  "Krasnaye": [
    27.0758,
    54.2438
  ],
  "Kreva": [
    26.2916,
    54.3118
  ],
  "Kruhlaye": [
    29.7968,
    54.2497
  ],
  "Krupki": [
    29.1374,
    54.3178
  ],
  "Krychaw": [
    31.717,
    53.7125
  ],
  "Kryvichy": [
    27.2886,
    54.7132
  ],
  "Lahishyn": [
    25.9867,
    52.339
  ],
  "Lahoysk": [
    27.8512,
    54.2064
  ],
  "Lida": [
    25.29972,
    53.88333
  ],
  "Loshnitsa": [
    28.7649,
    54.2796
  ],
  "Loyew": [
    30.7953,
    51.9458
  ],
  "Luhavaya Slabada": [
    27.8434,
    53.7823
  ],
  "Luninyets": [
    26.8047,
    52.2472
  ],
  "Lyakhavichy": [
    26.2656,
    53.0388
  ],
  "Lyasny": [
    27.6963,
    54.0072
  ],
  "Lyel\u2019chytsy": [
    28.3288,
    51.7862
  ],
  "Lyepyel\u2019": [
    28.699,
    54.8814
  ],
  "Lyeskawka": [
    27.7108,
    54.0024
  ],
  "Lyntupy": [
    26.3103,
    55.0516
  ],
  "Lyozna": [
    30.797,
    55.0247
  ],
  "Lyuban\u2019": [
    28.0048,
    52.7985
  ],
  "Lyubcha": [
    26.0603,
    53.7522
  ],
  "Machulishchy": [
    27.5948,
    53.7788
  ],
  "Mahilyow": [
    30.3449,
    53.9168
  ],
  "Maladzyechna": [
    26.854,
    54.3167
  ],
  "Malaryta": [
    24.074,
    51.7905
  ],
  "Malinovka": [
    27.4374,
    53.8579
  ],
  "Mar\u2019\u2019ina Horka": [
    28.147,
    53.509
  ],
  "Masty": [
    24.5387,
    53.4122
  ],
  "Mazyr": [
    29.2456,
    52.0495
  ],
  "Michanovichi": [
    27.69276,
    53.73937
  ],
  "Mikashevichy": [
    27.476,
    52.2173
  ],
  "Minsk": [
    27.56667,
    53.9
  ],
  "Mir": [
    26.467,
    53.4544
  ],
  "Mosar": [
    27.4609,
    55.2232
  ],
  "Mstsislaw": [
    31.7217,
    54.0185
  ],
  "Myadzyel": [
    26.9371,
    54.8789
  ],
  "Myazhysyatki": [
    30.1765,
    53.7776
  ],
  "Myory": [
    27.6281,
    55.6222
  ],
  "Myshkavichy": [
    29.512,
    53.2172
  ],
  "Narach": [
    26.7314,
    54.5652
  ],
  "Narowlya": [
    29.5004,
    51.7961
  ],
  "Nasilava": [
    26.78209,
    54.30441
  ],
  "Navahrudak": [
    25.8191,
    53.5942
  ],
  "Navapolatsk": [
    28.5987,
    55.5318
  ],
  "Novolukoml\u2019": [
    29.15016,
    54.66192
  ],
  "Novosel\u2019ye": [
    27.2009,
    53.9162
  ],
  "Novoye Medvezhino": [
    27.45,
    53.88333
  ],
  "Novy Svyerzhan\u2019": [
    26.7301,
    53.4542
  ],
  "Nyakhachava": [
    25.2027,
    52.644
  ],
  "Nyasvizh": [
    26.6779,
    53.2189
  ],
  "Orsha": [
    30.4172,
    54.5081
  ],
  "Osveya": [
    28.11049,
    56.0147
  ],
  "Palykavichy Pyershyya": [
    30.36,
    53.9854
  ],
  "Parychy": [
    29.4176,
    52.8042
  ],
  "Pastavy": [
    26.83263,
    55.11676
  ],
  "Pinsk": [
    26.0951,
    52.1229
  ],
  "Plyeshchanitsy": [
    27.8301,
    54.4235
  ],
  "Polatsk": [
    28.7856,
    55.4879
  ],
  "Prawdzinski": [
    27.8303,
    53.5248
  ],