{
  "Alindao": [
    21.20876,
    5.02666
  ],
  "Bambari": [
    20.67565,
    5.76795
  ],
  "Bangassou": [
    22.81838,
    4.74132
  ],
  "Bangui": [
    18.55496,
    4.36122
  ],
  "Baoro": [
    15.96667,
    5.66667
  ],
  "Batangafo": [
    18.2833,
    7.30082
  ],
  "Berb\u00e9rati": [
    15.79216,
    4.26116
  ],
  "Bimbo": [
    18.41583,
    4.25671
  ],
  "Birao": [
    22.78818,
    10.28488
  ],
  "Boali": [
    18.12747,
    4.80048
  ],
  "Boda": [
    17.46953,
    4.31887
  ],
  "Bossangoa": [
    17.45518,
    6.49263
  ],
  "Bouar": [
    15.59599,
    5.93404
  ],
  "Bouca": [
    18.2767,
    6.50734
  ],
  "Bozoum": [
    16.37992,
    6.31933
  ],
  "Bria": [
    21.98633,
    6.54233
  ],
  "Carnot": [
    15.87735,
    4.94273
  ],
  "Damara": [
    18.7035,
    4.96075
  ],
  "Gambo": [
    22.26331,
    4.64816
  ],
  "Gamboula": [
    15.13926,
    4.11775
  ],
  "Ippy": [
    21.22468,
    6.26793
  ],
  "Kabo": [
    18.62903,
    7.69937
  ],
  "Kaga Bandoro": [
    19.18744,
    6.98961
  ],
  "Kemb\u00e9": [
    21.88645,
    4.62275
  ],
  "Kouango": [
    19.96186,
    4.99337
  ],
  "Mba\u00efki": [
    17.98923,
    3.86781
  ],
  "Mobaye": [
    21.17861,
    4.31902
  ],
  "Mongoumba": [
    18.59364,
    3.64153
  ],
  "Nd\u00e9l\u00e9": [
    20.64728,
    8.41091
  ],
  "Nola": [
    16.04,
    3.52716
  ],
  "Obo": [
    26.49211,
    5.39586
  ],
  "Ouadda": [
    22.40075,
    8.07771
  ],
  "Ouango": [
    22.55524,
    4.31325
  ],
  "Paoua": [
    16.44059,
    7.24269
  ],
  "Rafa\u00ef": [
    23.91667,
    4.95
  ],
  "Sibut": [
    19.07389,
    5.71801
  ],
  "Zemio": [
    25.13614,
    5.03144
  ]
}
