{
  "Abengourou": [
    -3.49639,
    6.72972
  ],
  "Abidjan": [
    -4.01266,
    5.30966
  ],
  "Abobo": [
    -4.0159,
    5.41613
  ],
  "Aboisso": [
    -3.20711,
    5.46779
  ],
  "Adiak\u00e9": [
    -3.30402,
    5.28634
  ],
  "Adzop\u00e9": [
    -3.86194,
    6.10694
  ],
  "Affery": [
    -3.95235,
    6.32035
  ],
  "Agboville": [
    -4.21319,
    5.92801
  ],
  "Agnibil\u00e9krou": [
    -3.20415,
    7.13113
  ],
  "Agou": [
    -3.94393,
    5.98289
  ],
  "Akoup\u00e9": [
    -3.88759,
    6.38423
  ],
  "Al\u00e9p\u00e9": [
    -3.66308,
    5.5004
  ],
  "Anyama": [
    -4.05183,
    5.49462
  ],
  "Arrah": [
    -3.96938,
    6.67342
  ],
  "Ayam\u00e9": [
    -3.15709,
    5.6052
  ],
  "Azagui\u00e9": [
    -4.08204,
    5.62984
  ],
  "Bangolo": [
    -7.4864,
    7.01232
  ],
  "Biankouma": [
    -7.61377,
    7.73909
  ],
  "Bingerville": [
    -3.88537,
    5.35581
  ],
  "Bocanda": [
    -4.49948,
    7.06264
  ],
  "Bondoukou": [
    -2.80003,
    8.0402
  ],
  "Bongouanou": [
    -4.20406,
    6.65175
  ],
  "Bonoua": [
    -3.59625,
    5.27247
  ],
  "Botro": [
    -5.31063,
    7.85249
  ],
  "Bouafl\u00e9": [
    -5.7442,
    6.99041
  ],
  "Bouak\u00e9": [
    -5.03031,
    7.69385
  ],
  "Bouna": [
    -2.9951,
    9.26926
  ],
  "Boundiali": [
    -6.48694,
    9.52167
  ],
  "B\u00e9oumi": [
    -5.58086,
    7.67395
  ],
  "Dabakala": [
    -4.42863,
    8.36321
  ],
  "Dabou": [
    -4.37685,
    5.32556
  ],
  "Daloa": [
    -6.45022,
    6.87736
  ],
  "Danan\u00e9": [
    -8.15498,
    7.25957
  ],
  "Daoukro": [
    -3.9631,
    7.0591
  ],
  "Dimbokro": [
    -4.70519,
    6.64678
  ],
  "Divo": [
    -5.35723,
    5.83739
  ],
  "Duekou\u00e9": [
    -7.34918,
    6.74202
  ],
  "Ferkess\u00e9dougou": [
    -5.19449,
    9.5928
  ],
  "Gagnoa": [
    -5.9506,
    6.13193
  ],
  "Grand-Bassam": [
    -3.73884,
    5.2118
  ],
  "Grand-Lahou": [
    -5.02396,
    5.13553
  ],
  "Guib\u00e9roua": [
    -6.17146,
    6.23869
  ],
  "Guiglo": [
    -7.4935,
    6.54368
  ],
  "Issia": [
    -6.58558,
    6.49224
  ],
  "Jacqueville": [
    -4.4146,
    5.20515
  ],
  "Katiola": [
    -5.10095,
    8.13728
  ],
  "Korhogo": [
    -5.62961,
    9.45803
  ],
  "Lakota": [
    -5.682,
    5.84752
  ],
  "Maf\u00e9r\u00e9": [
    -3.03006,
    5.4151
  ],
  "Man": [
    -7.55383,
    7.41251
  ],
  "Mankono": [
    -6.18972,
    8.05861
  ],
  "Odienn\u00e9": [
    -7.56433,
    9.50511
  ],
  "Oum\u00e9": [
    -5.41759,
    6.38309
  ],
  "Sakassou": [
    -5.29263,
    7.45462
  ],
  "San-P\u00e9dro": [
    -6.6363,
    4.74851
  ],
  "Sassandra": [
    -6.08531,
    4.95384
  ],
  "Sinfra": [
    -5.91144,
    6.62103
  ],
  "Songon": [
    -4.25415,
    5.3196
  ],
  "Soubr\u00e9": [
    -6.60833,
    5.78556
  ],
  "S\u00e9gu\u00e9la": [
    -6.67306,
    7.96111
  ],
  "Tabou": [
    -7.3528,
    4.42295
  ],
  "Tanda": [
    -3.16832,
    7.80336
  ],
  "Tengrela": [
    -6.40694,
    10.48115
  ],
  "Tiapoum": [
    -3.02308,
    5.13622
  ],
  "Tiassal\u00e9": [
    -4.82293,
    5.89839
  ],
  "Touba": [
    -7.68333,
    8.28333
  ],
  "Toul\u00e9pleu Guer\u00e9": [
    -8.42592,
    6.57395
  ],
  "Toumodi": [
    -5.01769,
    6.55799
  ],
  "Vavoua": [
    -6.47778,
    7.38194
  ],
  "Yamoussoukro": [
    -5.27674,
    6.82055
  ],
  "Zu\u00e9noula": [
    -6.05054,
    7.43027
  ]
}
