{
  "Ancud": [
    -73.81622,
    -41.8707
  ],
  "Angol": [
    -72.71636,
    -37.79519
  ],
  "Antofagasta": [
    -70.3954,
    -23.65236
  ],
  "Arauco": [
    -73.31752,
    -37.2463
  ],
  "Arica": [
    -70.29792,
    -18.4746
  ],
  "Buin": [
    -70.74281,
    -33.73257
  ],
  "Bulnes": [
    -72.29854,
    -36.74232
  ],
  "Cabrero": [
    -72.40468,
    -37.03394
  ],
  "Calama": [
    -68.93015,
    -22.45591
  ],
  "Calbuco": [
    -73.13049,
    -41.77338
  ],
  "Carahue": [
    -73.16101,
    -38.71122
  ],
  "Cartagena": [
    -71.60761,
    -33.55384
  ],
  "Castro": [
    -73.77319,
    -42.4721
  ],
  "Cauquenes": [
    -72.32248,
    -35.9671
  ],
  "Ca\u00f1ete": [
    -73.39616,
    -37.80128
  ],
  "Chait\u00e9n": [
    -72.70632,
    -42.91596
  ],
  "Chicureo Abajo": [
    -70.65333,
    -33.28379
  ],
  "Chiguayante": [
    -73.02841,
    -36.9256
  ],
  "Chile Chico": [
    -71.72375,
    -46.541
  ],
  "Chill\u00e1n": [
    -72.10344,
    -36.60664
  ],
  "Chimbarongo": [
    -71.0434,
    -34.71247
  ],
  "Chonchi": [
    -73.77674,
    -42.62003
  ],
  "Cochrane": [
    -72.5695,
    -47.2557
  ],
  "Coihaique": [
    -72.06619,
    -45.57524
  ],
  "Coihueco": [
    -71.83068,
    -36.62786
  ],
  "Colb\u00fan": [
    -71.40568,
    -35.69494
  ],
  "Collipulli": [
    -72.43438,
    -37.95453
  ],
  "Concepci\u00f3n": [
    -73.04977,
    -36.82699
  ],
  "Constituci\u00f3n": [
    -72.41156,
    -35.33321
  ],
  "Copiap\u00f3": [
    -70.3314,
    -27.36679
  ],
  "Coquimbo": [
    -71.33947,
    -29.95332
  ],
  "Coronel": [
    -73.14019,
    -37.03386
  ],
  "Corral": [
    -73.42747,
    -39.88972
  ],
  "Curanilahue": [
    -73.34495,
    -37.47793
  ],
  "Curic\u00f3": [
    -71.23943,
    -34.98279
  ],
  "Diego de Almagro": [
    -70.05,
    -26.36667
  ],
  "El Monte": [
    -70.98482,
    -33.67969
  ],
  "El Tabo": [
    -71.66667,
    -33.45
  ],
  "Freire": [
    -72.62653,
    -38.95252
  ],
  "Frutillar": [
    -73.04372,
    -41.12676
  ],
  "Futaleuf\u00fa": [
    -71.86722,
    -43.18492
  ],
  "Graneros": [
    -70.72747,
    -34.06863
  ],
  "Hacienda La Calera": [
    -71.21667,
    -32.78333
  ],
  "Hanga Roa": [
    -109.43241,
    -27.15474
  ],
  "Illapel": [
    -71.16967,
    -31.63349
  ],
  "Iquique": [
    -70.13913,
    -20.22036
  ],
  "La Ensenada": [
    -72.5384,
    -41.20746
  ],
  "La Junta": [
    -72.40554,
    -43.97434
  ],
  "La Laja": [
    -72.71105,
    -37.28415
  ],
  "La Ligua": [
    -71.23106,
    -32.45242
  ],
  "La Pintana": [
    -70.63419,
    -33.58331
  ],
  "La Serena": [
    -71.24894,
    -29.90453
  ],
  "La Uni\u00f3n": [
    -73.08167,
    -40.29313
  ],
  "Lampa": [
    -70.87562,
    -33.2863
  ],
  "Las Animas": [
    -73.21821,
    -39.80867
  ],
  "Las Gaviotas": [
    -73.18834,
    -39.86653
  ],
  "Lautaro": [
    -72.43652,
    -38.53066
  ],
  "Lebu": [
    -73.65356,
    -37.60825
  ],
  "Limache": [
    -71.26667,
    -33.01667
  ],
  "Linares": [
    -71.59308,
    -35.84667
  ],
  "Llaillay": [
    -70.95623,
    -32.84043
  ],
  "Lo Prado": [
    -70.72552,
    -33.4443
  ],
  "Loncoche": [
    -72.63087,
    -39.36708
  ],
  "Longav\u00ed": [
    -71.6836,
    -35.96496
  ],
  "Los Andes": [
    -70.59827,
    -32.83369
  ],
  "Los \u00c1ngeles": [
    -72.35366,
    -37.46973
  ],
  "Lota": [
    -73.1577,
    -37.08994
  ],
  "Machal\u00ed": [
    -70.64934,
    -34.18082
  ],
  "Melipilla": [
    -71.21528,
    -33.68909
  ],
  "Molina": [
    -71.28232,
    -35.11428
  ],
  "Monte Patria": [
    -70.9577,
    -30.69496
  ],
  "Mulch\u00e9n": [
    -72.24099,
    -37.71893
  ],
  "Nacimiento": [
    -72.67307,
    -37.50253
  ],
  "Nueva Imperial": [
    -72.95025,
    -38.74451
  ],
  "Osorno": [
    -73.13348,
    -40.57395
  ],
  "Ovalle": [
    -71.19901,
    -30.60106
  ],
  "Paine": [
    -70.74109,
    -33.80796
  ],
  "Palena": [
    -71.80434,
    -43.61876
  ],
  "Panguipulli": [
    -72.33269,
    -39.64355
  ],
  "Parral": [
    -71.82605,
    -36.14311
  ],
  "Penco": [
    -72.99528,
    -36.74075
  ],
  "Pe\u00f1aflor": [
    -70.87649,
    -33.60627
  ],
  "Pichilemu": [
    -72,
    -34.38333
  ],
  "Pitrufqu\u00e9n": [
    -72.63721,
    -38.98635
  ],
  "Puc\u00f3n": [
    -71.95427,
    -39.28223
  ],
  "Puente Alto": [
    -70.57577,
    -33.61169
  ],
  "Puerto Ais\u00e9n": [
    -72.69184,
    -45.40303
  ],
  "Puerto Chacabuco": [
    -72.81667,
    -45.46667
  ],
  "Puerto Cisnes": [
    -72.69695,
    -44.74736
  ],
  "Puerto Montt": [
    -72.94289,
    -41.46574
  ],
  "Puerto Natales": [
    -72.48745,
    -51.72363
  ],
  "Puerto Quell\u00f3n": [
    -73.61661,
    -43.11819
  ],
  "Puerto Varas": [
    -72.98538,
    -41.31946
  ],
  "Punta Arenas": [
    -70.91129,
    -53.15483
  ],
  "Purranque": [
    -73.15913,
    -40.91305
  ],
  "Putre": [
    -69.56071,
    -18.19821
  ],
  "Puyehue": [
    -72.60172,
    -40.65944
  ],
  "Quillota": [
    -71.24882,
    -32.8834
  ],
  "Quilpu\u00e9": [
    -71.44249,
    -33.04752
  ],
  "Rancagua": [
    -70.74444,
    -34.17083
  ],
  "Rauco": [
    -71.31722,
    -34.92546
  ],
  "Rengo": [
    -70.85834,
    -34.40639
  ],
  "R\u00edo Bueno": [
    -72.95564,
    -40.33494
  ],
  "Salamanca": [
    -70.96389,
    -31.77922
  ],
  "San Antonio": [
    -71.60746,
    -33.59473
  ],
  "San Bernardo": [
    -70.6996,
    -33.59218
  ],
  "San Carlos": [
    -71.958,
    -36.42477
  ],
  "San Clemente": [
    -71.487,
    -35.53777
  ],
  "San Felipe": [
    -70.72584,
    -32.74976
  ],
  "San Javier": [
    -71.72924,
    -35.5952
  ],
  "San Pedro de Atacama": [
    -68.20113,
    -22.9111
  ],
  "San Vicente": [
    -71.08333,
    -34.43333
  ],
  "Santa Cruz": [
    -71.36576,
    -34.63881
  ],
  "Santiago": [
    -70.64827,
    -33.45694
  ],
  "Talagante": [
    -70.92734,
    -33.66386
  ],
  "Talca": [
    -71.65542,
    -35.4264
  ],
  "Talcahuano": [
    -73.11684,
    -36.72494
  ],
  "Taltal": [
    -70.48358,
    -25.40872
  ],
  "Temuco": [
    -72.59842,
    -38.73965
  ],
  "Teno": [
    -71.16219,
    -34.87055
  ],
  "Tocopilla": [
    -70.19792,
    -22.09198
  ],
  "Tom\u00e9": [
    -72.95593,
    -36.61756
  ],
  "Traigu\u00e9n": [
    -72.67027,
    -38.2496
  ],
  "Valdivia": [
    -73.24589,
    -39.81422
  ],
  "Vallenar": [
    -70.25551,
    -28.51576
  ],
  "Valpara\u00edso": [
    -71.62725,
    -33.03932
  ],
  "Victoria": [
    -72.33292,
    -38.23291
  ],
  "Vicu\u00f1a": [
    -70.71274,
    -30.03541
  ],
  "Vilc\u00fan": [
    -72.22565,
    -38.66875
  ],
  "Villa Alemana": [
    -71.37333,
    -33.04222
  ],
  "Villa Presidente Frei, \u00d1u\u00f1oa, Santiago, Chile": [
    -70.58024,
    -33.46069
  ],
  "Villarrica": [
    -72.2279,
    -39.28569
  ],
  "Vi\u00f1a del Mar": [
    -71.55183,
    -33.02457
  ],
  "Yumbel": [
    -72.56084,
    -37.0982
  ],
  "\u041e\u0441\u0442\u0440\u043e\u0432 \u041f\u0430\u0441\u0445\u0438": [
    -109.35053,
    -27.11124
  ]
}
