{
  "Abong Mbang": [
    13.18333,
    3.98333
  ],
  "Akom II": [
    10.56667,
    2.78333
  ],
  "Akono": [
    11.33333,
    3.5
  ],
  "Akonolinga": [
    12.25,
    3.76667
  ],
  "Ambam": [
    11.28333,
    2.38333
  ],
  "Babanki": [
    10.25,
    6.11667
  ],
  "Bafang": [
    10.1771,
    5.15705
  ],
  "Bafia": [
    11.23333,
    4.75
  ],
  "Bafoussam": [
    10.41759,
    5.47775
  ],
  "Bali": [
    10.01248,
    5.88724
  ],
  "Bamenda": [
    10.15824,
    5.95266
  ],
  "Bamendjou": [
    10.33014,
    5.38988
  ],
  "Bamusso": [
    8.9027,
    4.4591
  ],
  "Bana": [
    10.27545,
    5.14655
  ],
  "Bandjoun": [
    10.41326,
    5.37568
  ],
  "Bangangt\u00e9": [
    10.52535,
    5.14079
  ],
  "Bankim": [
    11.4905,
    6.08303
  ],
  "Bansoa": [
    10.31355,
    5.44836
  ],
  "Banyo": [
    11.81667,
    6.75
  ],
  "Batibo": [
    9.8553,
    5.8358
  ],
  "Batouri": [
    14.36667,
    4.43333
  ],
  "Bazou": [
    10.46751,
    5.06001
  ],
  "Bekondo": [
    9.3214,
    4.6819
  ],
  "Belo": [
    10.25,
    6.13333
  ],
  "Bertoua": [
    13.68459,
    4.57728
  ],
  "Bogo": [
    14.60928,
    10.7336
  ],
  "Bonab\u00e9ri": [
    9.6759,
    4.0779
  ],
  "Buea": [
    9.241,
    4.1527
  ],
  "B\u00e9labo": [
    13.3,
    4.93333
  ],
  "B\u00e9lel": [
    14.43333,
    7.05
  ],
  "B\u00e9tar\u00e9 Oya": [
    14.08333,
    5.6
  ],
  "Diang": [
    10.01667,
    4.25
  ],
  "Dibombari": [
    9.6561,
    4.1787
  ],
  "Dimako": [
    13.56667,
    4.38333
  ],
  "Dizangu\u00e9": [
    9.98333,
    3.76667
  ],
  "Djohong": [
    14.7,
    6.83333
  ],
  "Douala": [
    9.70428,
    4.04827
  ],
  "Doum\u00e9": [
    13.45,
    4.23333
  ],
  "Dschang": [
    10.05332,
    5.44397
  ],
  "Ed\u00e9a": [
    10.13333,
    3.8
  ],
  "Ess\u00e9": [
    11.9,
    4.1
  ],
  "Es\u00e9ka": [
    10.76667,
    3.65
  ],
  "Fontem": [
    9.8818,
    5.4685
  ],
  "Foumban": [
    10.90011,
    5.7291
  ],
  "Foumbot": [
    10.6356,
    5.50787
  ],
  "Fundong": [
    10.26667,
    6.25
  ],
  "Garoua": [
    13.4,
    9.3
  ],
  "Garoua Boula\u00ef": [
    14.55,
    5.88333
  ],
  "Guider": [
    13.94861,
    9.93417
  ],
  "Idenao": [
    9.00472,
    4.2475
  ],
  "Jakiri": [
    10.65,
    6.1
  ],
  "Ka\u00e9l\u00e9": [
    14.45083,
    10.10917
  ],
  "Kontcha": [
    12.23333,
    7.96667
  ],
  "Kouss\u00e9ri": [
    15.03063,
    12.07689
  ],
  "Koza": [
    13.87855,
    10.87079
  ],
  "Kribi": [
    9.91667,
    2.95
  ],
  "Kumba": [
    9.4469,
    4.6363
  ],
  "Kumbo": [
    10.66667,
    6.2
  ],
  "Lagdo": [
    13.73333,
    9.05
  ],
  "Limbe": [
    9.2149,
    4.0242
  ],
  "Lolodorf": [
    10.73333,
    3.23333
  ],
  "Loum": [
    9.7351,
    4.7182
  ],
  "Makary": [
    14.46662,
    12.5717
  ],
  "Mamfe": [
    9.3123,
    5.754
  ],
  "Manjo": [
    9.8217,
    4.8428
  ],
  "Maroua": [
    14.31592,
    10.59095
  ],
  "Mbalmayo": [
    11.5,
    3.51667
  ],
  "Mbandjok": [
    11.9,
    4.45
  ],
  "Mbang": [
    13.33333,
    4.58333
  ],
  "Mbanga": [
    9.5671,
    4.5016
  ],
  "Mbankomo": [
    11.38333,
    3.78333
  ],
  "Mbengwi": [
    10,
    6.01667
  ],
  "Mbouda": [
    10.25517,
    5.62578
  ],
  "Melong": [
    9.96143,
    5.1218
  ],
  "Me\u00efganga": [
    14.3,
    6.51667
  ],
  "Mindif": [
    14.43626,
    10.39757
  ],
  "Minta": [
    12.8,
    4.58333
  ],
  "Mme-Bafumen": [
    10.23333,
    6.33333
  ],
  "Mokolo": [
    13.80188,
    10.73978
  ],
  "Mora": [
    14.14011,
    11.04611
  ],
  "Mouanko": [
    9.77694,
    3.63972
  ],
  "Mundemba": [
    8.8724,
    4.9479
  ],
  "Mutengene": [
    9.3144,
    4.0913
  ],
  "Muyuka": [
    9.4103,
    4.2898
  ],
  "Mvangu\u00e9": [
    11.51667,
    2.96667
  ],
  "Nanga Eboko": [
    12.36667,
    4.68333
  ],
  "Ndelele": [
    14.92501,
    4.04065
  ],
  "Ndikinim\u00e9ki": [
    10.83333,
    4.76667
  ],
  "Ndom": [
    9.5628,
    4.4978
  ],
  "Ngamb\u00e9": [
    10.61667,
    4.23333
  ],
  "Ngaound\u00e9r\u00e9": [
    13.58472,
    7.32765
  ],
  "Ngomedzap": [
    11.2,
    3.25
  ],
  "Ngoro": [
    11.38333,
    4.95
  ],
  "Ngou": [
    10.38595,
    5.19685
  ],
  "Nguti": [
    9.4185,
    5.3299
  ],
  "Njinikom": [
    10.28333,
    6.23333
  ],
  "Nkongsamba": [
    9.9404,
    4.9547
  ],
  "Nkoteng": [
    12.03333,
    4.51667
  ],
  "Ntui": [
    11.63333,
    4.45
  ],
  "Obala": [
    11.53333,
    4.16667
  ],
  "Okoa": [
    11.6,
    3.98333
  ],
  "Okola": [
    11.38333,
    4.01667
  ],
  "Omb\u00e9sa": [
    11.25,
    4.6
  ],
  "Penja": [
    9.67987,
    4.63911
  ],
  "Pitoa": [
    13.53333,
    9.38333
  ],
  "Poli": [
    13.25,
    8.48333
  ],
  "Rey Bouba": [
    14.1786,
    8.6724
  ],
  "Saa": [
    11.45,
    4.36667
  ],
  "Sangm\u00e9lima": [
    11.98333,
    2.93333
  ],
  "Somi\u00e9": [
    11.43299,
    6.45843
  ],
  "Tchollir\u00e9": [
    14.1698,
    8.4022
  ],
  "Tibati": [
    12.63333,
    6.46667
  ],
  "Tign\u00e8re": [
    12.65,
    7.36667
  ],
  "Tiko": [
    9.3699,
    4.0745
  ],
  "Tonga": [
    10.7,
    4.96667
  ],
  "Wum": [
    10.06667,
    6.38333
  ],
  "Yabassi": [
    9.96822,
    4.45697
  ],
  "Yagoua": [
    15.23288,
    10.34107
  ],
  "Yaound\u00e9": [
    11.51667,
    3.86667
  ],
  "Yokadouma": [
    15.05,
    3.51667
  ],
  "Yoko": [
    12.31667,
    5.53333
  ],
  "\u00c9bolowa": [
    11.15,
    2.9
  ],
  "\u00c9vodoula": [
    11.2,
    4.08333
  ]
}
