{
  "Alajuela": [
    -84.21163,
    10.01625
  ],
  "Alajuelita": [
    -84.10042,
    9.90163
  ],
  "Aserr\u00ed": [
    -84.0923,
    9.85876
  ],
  "Atenas": [
    -84.38032,
    9.97806
  ],
  "Bagaces": [
    -85.25482,
    10.52709
  ],
  "Bat\u00e1n": [
    -83.341,
    10.08444
  ],
  "Bel\u00e9n": [
    -85.58836,
    10.40788
  ],
  "Bijagua": [
    -85.05676,
    10.7328
  ],
  "Buenos Aires": [
    -83.33417,
    9.17189
  ],
  "Calle Blancos": [
    -84.06667,
    9.95
  ],
  "Canoas": [
    -82.83844,
    8.53305
  ],
  "Carrillos": [
    -84.27404,
    10.02918
  ],
  "Cartago": [
    -83.91944,
    9.86444
  ],
  "Ca\u00f1as": [
    -85.09311,
    10.4294
  ],
  "Chacarita": [
    -84.77232,
    9.98289
  ],
  "Ciudad Cort\u00e9s": [
    -83.52381,
    8.95988
  ],
  "Colima": [
    -84.08503,
    9.95091
  ],
  "Col\u00f3n": [
    -84.2417,
    9.91491
  ],
  "Concepci\u00f3n": [
    -84,
    9.93333
  ],
  "Corredor": [
    -82.946,
    8.64002
  ],
  "Cot": [
    -83.87302,
    9.89449
  ],
  "Curridabat": [
    -84.03407,
    9.91178
  ],
  "Daniel Flores": [
    -83.6694,
    9.33554
  ],
  "Desamparados": [
    -84.50626,
    9.94727
  ],
  "Escaz\u00fa": [
    -84.1399,
    9.91887
  ],
  "Esparza": [
    -84.66466,
    9.99447
  ],
  "Esquipulas": [
    -84.42337,
    10.05676
  ],
  "Fortuna": [
    -85.19984,
    10.67384
  ],
  "Golfito": [
    -83.16603,
    8.63901
  ],
  "Granadilla": [
    -84.01688,
    9.93491
  ],
  "Guadalupe": [
    -84.05279,
    9.94611
  ],
  "Gu\u00e1cimo": [
    -83.68067,
    10.21044
  ],
  "Gu\u00e1piles": [
    -83.78661,
    10.21588
  ],
  "Heredia": [
    -84.11651,
    10.00236
  ],
  "Hojancha": [
    -85.41803,
    10.0579
  ],
  "Ip\u00eds": [
    -84.01326,
    9.96746
  ],
  "Jac\u00f3": [
    -84.62975,
    9.61497
  ],
  "Juntas": [
    -84.95951,
    10.2809
  ],
  "La Asunci\u00f3n": [
    -84.17281,
    9.97961
  ],
  "La Cruz": [
    -85.63272,
    11.07377
  ],
  "La Fortuna": [
    -84.64535,
    10.47089
  ],
  "La Suiza": [
    -83.61331,
    9.85238
  ],
  "Liberia": [
    -85.43772,
    10.63504
  ],
  "Llorente": [
    -84.15448,
    9.99844
  ],
  "Los Chiles": [
    -84.71667,
    11.03333
  ],
  "Matina": [
    -83.28953,
    10.07609
  ],
  "Mercedes": [
    -83.58202,
    9.2627
  ],
  "Miramar": [
    -84.72978,
    10.0925
  ],
  "Nandayure": [
    -85.2,
    10.03333
  ],
  "Naranjo": [
    -84.37824,
    10.09866
  ],
  "Nicoya": [
    -85.45201,
    10.14828
  ],
  "Oros\u00ed": [
    -83.85383,
    9.79617
  ],
  "Orotina": [
    -84.52337,
    9.91197
  ],
  "Pacayas": [
    -84.04764,
    9.80709
  ],
  "Palmichal": [
    -84.20478,
    9.83778
  ],
  "Paquera": [
    -84.93513,
    9.82005
  ],
  "Para\u00edso": [
    -83.86556,
    9.83832
  ],
  "Parrita": [
    -84.32249,
    9.52012
  ],
  "Patarr\u00e1": [
    -84.03501,
    9.88071
  ],
  "Pejibaye": [
    -83.70336,
    9.81135
  ],
  "Pital": [
    -84.27406,
    10.45056
  ],
  "Pocora": [
    -83.60439,
    10.17185
  ],
  "Pocosol": [
    -84.61667,
    10.36667
  ],
  "Puerto Lim\u00f3n": [
    -83.03053,
    9.99286
  ],
  "Puntarenas": [
    -84.83836,
    9.97625
  ],
  "Purral": [
    -84.0305,
    9.95808
  ],
  "Quepos": [
    -84.16522,
    9.42357
  ],
  "Quesada": [
    -84.42714,
    10.32381
  ],
  "Roxana": [
    -83.75133,
    10.27528
  ],
  "R\u00edo Segundo": [
    -84.27933,
    10.24138
  ],
  "Sabanilla": [
    -84.03926,
    9.94522
  ],
  "Salitral": [
    -84.17835,
    9.91163
  ],
  "Salitrillos": [
    -84.09062,
    9.85259
  ],
  "San Antonio": [
    -84.18333,
    9.98333
  ],
  "San Diego": [
    -84.00287,
    9.89898
  ],
  "San Felipe": [
    -84.10551,
    9.90488
  ],
  "San Francisco": [
    -84.12934,
    9.99299
  ],
  "San Ignacio": [
    -84.16173,
    9.79853
  ],
  "San Isidro": [
    -83.70399,
    9.3721
  ],
  "San Josecito": [
    -84.1,
    10.01667
  ],
  "San Jos\u00e9": [
    -84.08333,
    9.93333
  ],
  "San Juan": [
    -84.08165,
    9.95974
  ],
  "San Juan de Dios": [
    -84.0847,
    9.8773
  ],
  "San Marcos": [
    -84.02026,
    9.6601
  ],
  "San Miguel": [
    -84.06084,
    9.87121
  ],
  "San Pablo": [
    -84.09656,
    9.99559
  ],
  "San Pedro": [
    -84.05074,
    9.92829
  ],
  "San Rafael": [
    -84.13722,
    9.92787
  ],
  "San Rafael Abajo": [
    -84.29008,
    9.831
  ],
  "San Rafael Arriba": [
    -84.07661,
    9.87556
  ],
  "San Ram\u00f3n": [
    -84.47022,
    10.08802
  ],
  "San Vicente": [
    -84.04762,
    9.96016
  ],
  "San Vicente de Moravia": [
    -84.0488,
    9.96164
  ],
  "San Vito": [
    -82.97092,
    8.82079
  ],
  "Santa Ana": [
    -84.18254,
    9.9326
  ],
  "Santa Cruz": [
    -85.5851,
    10.26053
  ],
  "Santiago": [
    -84.31428,
    9.84636
  ],
  "Santo Domingo": [
    -84.15499,
    10.06388
  ],
  "Sardinal": [
    -85.64748,
    10.51674
  ],
  "Siquirres": [
    -83.50659,
    10.09748
  ],
  "Sixaola": [
    -82.62185,
    9.52766
  ],
  "S\u00e1mara": [
    -85.52665,
    9.8824
  ],
  "Tejar": [
    -84.23368,
    9.74622
  ],
  "Tilar\u00e1n": [
    -84.96709,
    10.47029
  ],
  "Tobos\u00ed": [
    -83.98391,
    9.83837
  ],
  "Tres R\u00edos": [
    -83.9876,
    9.90644
  ],
  "Tucurrique": [
    -83.72273,
    9.85336
  ],
  "Turrialba": [
    -83.68352,
    9.90467
  ],
  "Upala": [
    -85.01454,
    10.89792
  ],
  "Zarcero": [
    -84.39076,
    10.18561
  ],
  "\u00c1ngeles": [
    -84.05126,
    9.9959
  ]
}
