{
  "Abreus": [
    -80.5675,
    22.2775
  ],
  "Aguada de Pasajeros": [
    -80.84898,
    22.37925
  ],
  "Alacranes": [
    -81.56929,
    22.76512
  ],
  "Alamar": [
    -82.27694,
    23.15833
  ],
  "Alqu\u00edzar": [
    -82.58417,
    22.80583
  ],
  "Amancio": [
    -77.57861,
    20.8225
  ],
  "Arroyo Naranjo": [
    -82.3031,
    23.0144
  ],
  "Artemisa": [
    -82.76194,
    22.81306
  ],
  "Bah\u00eda Honda": [
    -83.15917,
    22.90361
  ],
  "Banes": [
    -75.71861,
    20.9625
  ],
  "Baracoa": [
    -74.49675,
    20.34659
  ],
  "Baragu\u00e1": [
    -78.63606,
    21.6883
  ],
  "Bartolom\u00e9 Mas\u00f3": [
    -76.94443,
    20.16303
  ],
  "Bataban\u00f3": [
    -82.28806,
    22.71639
  ],
  "Bauta": [
    -82.54639,
    22.98278
  ],
  "Bayamo": [
    -76.64333,
    20.37917
  ],
  "Bejucal": [
    -82.38861,
    22.92861
  ],
  "Bolondr\u00f3n": [
    -81.44694,
    22.76333
  ],
  "Boyeros": [
    -82.4017,
    23.0072
  ],
  "B\u00e1guanos": [
    -76.02694,
    20.75167
  ],
  "Cabaigu\u00e1n": [
    -79.49917,
    22.07889
  ],
  "Caba\u00f1as": [
    -82.91927,
    22.97581
  ],
  "Cacocum": [
    -76.32646,
    20.73668
  ],
  "Caibari\u00e9n": [
    -79.46694,
    22.52056
  ],
  "Calabazar de Sagua": [
    -79.89539,
    22.64178
  ],
  "Calimete": [
    -80.9045,
    22.53166
  ],
  "Camag\u00fcey": [
    -77.91694,
    21.38083
  ],
  "Camajuan\u00ed": [
    -79.75,
    22.48333
  ],
  "Campechuela": [
    -77.27889,
    20.23417
  ],
  "Candelaria": [
    -82.95817,
    22.73478
  ],
  "Cauto Cristo": [
    -76.47444,
    20.55639
  ],
  "Centro Habana": [
    -82.36417,
    23.13833
  ],
  "Cerro": [
    -82.37778,
    23.10861
  ],
  "Chambas": [
    -78.91569,
    22.18736
  ],
  "Ciego de \u00c1vila": [
    -78.76194,
    21.84
  ],
  "Cienfuegos": [
    -80.43556,
    22.14611
  ],
  "Cifuentes": [
    -80.04611,
    22.645
  ],
  "Ciro Redondo": [
    -78.705,
    22.01222
  ],
  "Colombia": [
    -77.42972,
    20.98806
  ],
  "Col\u00f3n": [
    -80.90583,
    22.71917
  ],
  "Condado": [
    -79.84028,
    21.87667
  ],
  "Consolaci\u00f3n del Sur": [
    -83.51095,
    22.50528
  ],
  "Contramaestre": [
    -76.24139,
    20.29778
  ],
  "Corralillo": [
    -80.58556,
    22.98194
  ],
  "Cruces": [
    -80.27028,
    22.34175
  ],
  "Cueto": [
    -75.9402,
    20.64511
  ],
  "Cumanayagua": [
    -80.20222,
    22.14944
  ],
  "C\u00e1rdenas": [
    -81.20472,
    23.0375
  ],
  "Diez de Octubre": [
    -82.3597,
    23.0881
  ],
  "El Caney": [
    -78.48333,
    21.3
  ],
  "El Cobre": [
    -75.95033,
    20.04751
  ],
  "Encrucijada": [
    -79.86458,
    22.61611
  ],
  "Esmeralda": [
    -78.12005,
    21.85155
  ],
  "Esperanza": [
    -80.09609,
    22.4439
  ],
  "Florencia": [
    -78.97764,
    22.14518
  ],
  "Florida": [
    -78.22583,
    21.52472
  ],
  "Fomento": [
    -79.71913,
    22.1001
  ],
  "Gibara": [
    -76.13167,
    21.10972
  ],
  "Guanabacoa": [
    -82.30028,
    23.12389
  ],
  "Guanajay": [
    -82.6875,
    22.92639
  ],
  "Guane": [
    -84.0875,
    22.2025
  ],
  "Guant\u00e1namo": [
    -75.20917,
    20.14444
  ],
  "Guara": [
    -82.20306,
    22.81
  ],
  "Guayos": [
    -79.46184,
    22.0506
  ],
  "Guisa": [
    -76.54152,
    20.25101
  ],
  "Gu\u00e1imaro": [
    -77.35021,
    21.05176
  ],
  "G\u00fcines": [
    -82.02806,
    22.83611
  ],
  "G\u00fcira de Melena": [
    -82.50823,
    22.79274
  ],
  "Habana del Este": [
    -82.33056,
    23.15917
  ],
  "Havana": [
    -82.38304,
    23.13302
  ],
  "Holgu\u00edn": [
    -76.26306,
    20.88722
  ],
  "Jag\u00fcey Grande": [
    -81.12861,
    22.52694
  ],
  "Jamaica": [
    -82.17028,
    22.97917
  ],
  "Jaruco": [
    -82.01083,
    23.04306
  ],
  "Jatibonico": [
    -79.17484,
    21.941
  ],
  "Jes\u00fas Men\u00e9ndez": [
    -76.47889,
    21.16
  ],
  "Jiguan\u00ed": [
    -76.42722,
    20.36667
  ],
  "Jimaguay\u00fa": [
    -77.82778,
    21.24278
  ],
  "Jobabo": [
    -77.28819,
    20.90508
  ],
  "Jovellanos": [
    -81.19444,
    22.80444
  ],
  "La Esperanza": [
    -83.73194,
    22.77056
  ],
  "La Habana Vieja": [
    -82.35306,
    23.13028
  ],
  "La Salud": [
    -82.42193,
    22.86991
  ],
  "La Sierpe": [
    -79.24306,
    21.75722
  ],
  "Las Tunas": [
    -76.95111,
    20.96167
  ],
  "Los Arabos": [
    -80.72139,
    22.72806
  ],
  "Los Palacios": [
    -83.24861,
    22.58722
  ],
  "Madruga": [
    -81.85611,
    22.91139
  ],
  "Mais\u00ed": [
    -74.15181,
    20.24673
  ],
  "Manat\u00ed": [
    -76.93955,
    21.31084
  ],
  "Manguito": [
    -80.91444,
    22.58806
  ],
  "Manicaragua": [
    -79.97361,
    22.14944
  ],
  "Mantua": [
    -84.28173,
    22.28259
  ],
  "Manzanillo": [
    -77.11667,
    20.34333
  ],
  "Mariel": [
    -82.75361,
    22.9875
  ],
  "Mart\u00ed": [
    -80.91966,
    22.9437
  ],
  "Matanzas": [
    -81.5775,
    23.04111
  ],
  "Ma\u00f1alich": [
    -82.14748,
    22.81112
  ],
  "Media Luna": [
    -77.43658,
    20.14001
  ],
  "Melena del Sur": [
    -82.15138,
    22.78813
  ],
  "Minas": [
    -77.61832,
    21.48833
  ],
  "Minas de Matahambre": [
    -83.945,
    22.5875
  ],
  "Moa": [
    -74.94028,
    20.65694
  ],
  "Mor\u00f3n": [
    -78.6275,
    22.10944
  ],
  "Niquero": [
    -77.5851,
    20.04478
  ],
  "Nueva Gerona": [
    -82.8,
    21.88333
  ],
  "Nuevitas": [
    -77.26444,
    21.54528
  ],
  "Palma Soriano": [
    -75.99843,
    20.21238
  ],
  "Palmira": [
    -80.39028,
    22.24167
  ],
  "Pedro Betancourt": [
    -81.28852,
    22.72467
  ],
  "Perico": [
    -81.01889,
    22.76917
  ],
  "Pinar del R\u00edo": [
    -83.69806,
    22.4175
  ],
  "Placetas": [
    -79.65333,
    22.31194
  ],
  "Primero de Enero": [
    -78.42833,
    21.94694
  ],
  "Puerto Padre": [
    -76.60355,
    21.19449
  ],
  "Quemado de G\u00fcines": [
    -80.25361,
    22.78528
  ],
  "Quivic\u00e1n": [
    -82.355,
    22.82306
  ],
  "Rancho Veloz": [
    -80.39167,
    22.88056
  ],
  "Ranchuelo": [
    -80.14983,
    22.37485
  ],
  "Regla": [
    -82.33194,
    23.125
  ],
  "Remedios": [
    -79.54488,
    22.49303
  ],
  "Rodas": [
    -80.55538,
    22.33794
  ],
  "R\u00edo Cauto": [
    -76.92122,
    20.56284
  ],
  "R\u00edo Guayabal de Yateras": [
    -75.01667,
    20.36667
  ],
  "Sagua de T\u00e1namo": [
    -75.24139,
    20.58194
  ],
  "Sagua la Grande": [
    -80.07556,
    22.80667
  ],
  "San Antonio de los Ba\u00f1os": [
    -82.49917,
    22.89111
  ],
  "San Crist\u00f3bal": [
    -83.04806,
    22.71417
  ],
  "San Diego de los Ba\u00f1os": [
    -83.36972,
    22.64667
  ],
  "San Jos\u00e9 de las Lajas": [
    -82.15111,
    22.96139
  ],
  "San Luis": [
    -75.85083,
    20.1875
  ],
  "San Miguel del Padr\u00f3n": [
    -82.29472,
    23.06639
  ],
  "San Nicol\u00e1s": [
    -81.91333,
    22.78444
  ],
  "Sancti Sp\u00edritus": [
    -79.4425,
    21.92972
  ],
  "Santa Clara": [
    -79.96667,
    22.4
  ],
  "Santa Cruz del Norte": [
    -81.92611,
    23.15374
  ],
  "Santa Cruz del Sur": [
    -77.9986,
    20.71176
  ],
  "Santiago de Cuba": [
    -75.82194,
    20.02472
  ],
  "Santiago de las Vegas": [
    -82.38694,
    22.97
  ],
  "Santo Domingo": [
    -80.24361,
    22.58667
  ],
  "Sibanic\u00fa": [
    -77.52639,
    21.235
  ],
  "Soroa": [
    -83.01667,
    22.8
  ],
  "Topes de Collantes": [
    -80.02194,
    21.91361
  ],
  "Trinidad": [
    -79.98417,
    21.80194
  ],
  "Uni\u00f3n de Reyes": [
    -81.5375,
    22.79528
  ],
  "Urbano Noris": [
    -76.13188,
    20.60101
  ],
  "Varadero": [
    -81.25139,
    23.15361
  ],
  "Venezuela": [
    -78.79639,
    21.73528
  ],
  "Vertientes": [
    -78.15338,
    21.25528
  ],
  "Vi\u00f1ales": [
    -83.71136,
    22.61243
  ],
  "Yaguajay": [
    -79.23778,
    22.32722
  ],
  "Yara": [
    -76.95399,
    20.2733
  ],
  "Zaza del Medio": [
    -79.36931,
    21.99431
  ]
}
