{
  "Assomada": [
    -23.68333,
    15.1
  ],
  "Calheta": [
    -23.59228,
    15.18613
  ],
  "Cidade Velha": [
    -23.61667,
    14.91667
  ],
  "Cova Figueira": [
    -24.29343,
    14.89054
  ],
  "Espargos": [
    -22.9446,
    16.75524
  ],
  "Jo\u00e3o Teves": [
    -23.58969,
    15.06457
  ],
  "Mindelo": [
    -24.98042,
    16.89014
  ],
  "Pedra Badejo": [
    -23.53216,
    15.13493
  ],
  "Picos": [
    -23.63236,
    15.0836
  ],
  "Pombas": [
    -25.02007,
    17.15026
  ],
  "Ponta do Sol": [
    -25.09192,
    17.19942
  ],
  "Porto Novo": [
    -25.06471,
    17.01969
  ],
  "Porto dos Mosteiros": [
    -24.33333,
    15.03333
  ],
  "Praia": [
    -23.51254,
    14.93152
  ],
  "Ribeira Grande": [
    -25.07243,
    17.18561
  ],
  "Santa Cruz": [
    -23.56667,
    15.13333
  ],
  "Santa Maria": [
    -22.9,
    16.6
  ],
  "S\u00e3o Domingos": [
    -23.5625,
    15.02438
  ],
  "S\u00e3o Filipe": [
    -24.49556,
    14.8961
  ],
  "Tarrafal": [
    -23.75381,
    15.27591
  ],
  "Tarrafal de S\u00e3o Nicolau": [
    -24.36667,
    16.56667
  ],
  "Vila Nova Sintra": [
    -24.71667,
    14.86667
  ],
  "Vila da Ribeira Brava": [
    -24.3,
    16.61667
  ],
  "Vila de Sal Rei": [
    -22.91667,
    16.18333
  ],
  "Vila do Maio": [
    -23.21667,
    15.13333
  ]
}
