{
  "Akaki": [
    33.12917,
    35.13333
  ],
  "Akhyritou": [
    33.8625,
    35.1
  ],
  "Alambra": [
    33.4,
    34.99167
  ],
  "Aradhiou": [
    33.19583,
    35.04583
  ],
  "Aradhippou": [
    33.59167,
    34.95
  ],
  "Astromeritis": [
    33.0375,
    35.14167
  ],
  "Athienou": [
    33.54167,
    35.06667
  ],
  "Athna": [
    33.78333,
    35.05833
  ],
  "Avgorou": [
    33.84029,
    35.03688
  ],
  "Ayia Napa": [
    34.00183,
    34.98213
  ],
  "Ayios Tykhonas": [
    33.14167,
    34.725
  ],
  "Dhali": [
    33.42083,
    35.025
  ],
  "Dherinia": [
    33.95833,
    35.06667
  ],
  "Dhromolaxia": [
    33.58684,
    34.87551
  ],
  "Emba": [
    32.425,
    34.80833
  ],
  "Ergates": [
    33.24583,
    35.05417
  ],
  "Erimi": [
    32.91667,
    34.67917
  ],
  "Famagusta": [
    33.95,
    35.125
  ],
  "Kakopetria": [
    32.90417,
    34.99167
  ],
  "Kato Dheftera": [
    33.27917,
    35.0875
  ],
  "Kato Pyrgos": [
    32.6825,
    35.18028
  ],
  "Khlorakas": [
    32.40833,
    34.80417
  ],
  "Kissonerga": [
    32.4,
    34.825
  ],
  "Kiti": [
    33.575,
    34.85
  ],
  "Klirou": [
    33.17917,
    35.02083
  ],
  "Kokkini Trimithia": [
    33.2,
    35.15417
  ],
  "Kolossi": [
    32.93375,
    34.66865
  ],
  "Kophinou": [
    33.3875,
    34.825
  ],
  "Kornos": [
    33.39167,
    34.92083
  ],
  "Kyperounda": [
    32.975,
    34.9375
  ],
  "Kyrenia": [
    33.31667,
    35.34167
  ],
  "Lapithos": [
    33.17917,
    35.3375
  ],
  "Larnaca": [
    33.62917,
    34.91667
  ],
  "Lefka": [
    32.85056,
    35.11056
  ],
  "Lefkoniko": [
    33.73333,
    35.25833
  ],
  "Leonarisso": [
    34.14167,
    35.47083
  ],
  "Limassol": [
    33.03333,
    34.675
  ],
  "Liopetri": [
    33.89167,
    35.00833
  ],
  "Livadhia": [
    33.62917,
    34.95417
  ],
  "Lymbia": [
    33.4625,
    35
  ],
  "Lythrodhondas": [
    33.29583,
    34.95
  ],
  "Mammari": [
    33.2,
    35.16667
  ],
  "Meneou": [
    33.59516,
    34.86114
  ],
  "Meniko": [
    33.14167,
    35.10833
  ],
  "Mesoyi": [
    32.45833,
    34.81667
  ],
  "Morphou": [
    32.99139,
    35.19806
  ],
  "Mosphiloti": [
    33.42917,
    34.95
  ],
  "Moutayiaka": [
    33.1,
    34.72083
  ],
  "Nicosia": [
    33.36667,
    35.16667
  ],
  "Pakhna": [
    32.79583,
    34.77917
  ],
  "Pano Dheftera": [
    33.2625,
    35.07917
  ],
  "Pano Polemidhia": [
    33,
    34.7
  ],
  "Paphos": [
    32.41667,
    34.76667
  ],
  "Paralimni": [
    33.98333,
    35.0375
  ],
  "Parekklisha": [
    33.15833,
    34.74583
  ],
  "Pelendria": [
    32.96667,
    34.9
  ],
  "Pera": [
    33.25,
    35.03333
  ],
  "Pergamos": [
    33.70833,
    35.04167
  ],
  "Peristerona": [
    33.07917,
    35.13333
  ],
  "Perivolia": [
    33.58333,
    34.82917
  ],
  "Peyia": [
    32.38333,
    34.88333
  ],
  "Phrenaros": [
    33.925,
    35.04167
  ],
  "Pissouri": [
    32.70833,
    34.67083
  ],
  "Polis": [
    32.42639,
    35.03667
  ],
  "Protaras": [
    34.05833,
    35.0125
  ],
  "Psevdhas": [
    33.4625,
    34.95
  ],
  "Psimolofou": [
    33.2625,
    35.0625
  ],
  "Pyla": [
    33.69167,
    35.02917
  ],
  "Pyrgos": [
    33.18333,
    34.74167
  ],
  "Rizokarpaso": [
    34.375,
    35.6
  ],
  "Sotira": [
    32.8625,
    34.72917
  ],
  "Tala": [
    32.43333,
    34.8375
  ],
  "Tersephanou": [
    33.54583,
    34.85417
  ],
  "Trikomo": [
    33.89167,
    35.2875
  ],
  "Troulli": [
    33.61667,
    35.03333
  ],
  "Voroklini": [
    33.65833,
    34.98333
  ],
  "Xeri": [
    33.32083,
    35.075
  ],
  "Xylotymbou": [
    33.74245,
    35.0172
  ],
  "Yeri": [
    33.41667,
    35.1
  ],
  "Ypsonas": [
    32.95743,
    34.68844
  ]
}
