{
  "'Ali Sabieh": [
    42.7125,
    11.15583
  ],
  "Ala\u00efli \u1e0ea\u1e0f\u1e0fa\u2018": [
    42.89556,
    12.42167
  ],
  "Dikhil": [
    42.37389,
    11.10861
  ],
  "Djibouti": [
    43.14503,
    11.58901
  ],
  "Dorra": [
    42.47624,
    12.15028
  ],
  "Goub\u00e9tto": [
    43.00028,
    11.42389
  ],
  "G\u00e2l\u00e2fi": [
    41.83611,
    11.71583
  ],
  "Holhol": [
    42.92944,
    11.31028
  ],
  "Loyada": [
    43.25278,
    11.46111
  ],
  "Obock": [
    43.29056,
    11.96306
  ],
  "Tadjoura": [
    42.88444,
    11.78528
  ],
  "\u1e0e\u00e2nan": [
    42.93333,
    11.18333
  ],
  "\u2018Arta": [
    42.84194,
    11.52222
  ]
}
