{
  "Aabenraa": [
    9.41741,
    55.04434
  ],
  "Aalborg": [
    9.9187,
    57.048
  ],
  "Aars": [
    9.51441,
    56.80399
  ],
  "Albertslund": [
    12.36381,
    55.65691
  ],
  "Alling\u00e5bro": [
    10.33409,
    56.46495
  ],
  "Arden": [
    9.86184,
    56.76899
  ],
  "Asn\u00e6s": [
    11.50129,
    55.81229
  ],
  "Assens": [
    9.90081,
    55.27023
  ],
  "Assentoft": [
    10.1517,
    56.4421
  ],
  "Augustenborg": [
    9.87216,
    54.95201
  ],
  "Auning": [
    10.37818,
    56.43079
  ],
  "Avlum": [
    8.79256,
    56.26539
  ],
  "Ballerup": [
    12.36328,
    55.73165
  ],
  "Beder": [
    10.21179,
    56.06025
  ],
  "Bellinge": [
    10.32045,
    55.33535
  ],
  "Billund": [
    9.10785,
    55.73349
  ],
  "Birker\u00f8d": [
    12.42791,
    55.84759
  ],
  "Bjerringbro": [
    9.66065,
    56.37797
  ],
  "Bj\u00e6verskov": [
    12.03651,
    55.45756
  ],
  "Blovstr\u00f8d": [
    12.3864,
    55.87038
  ],
  "Bogense": [
    10.08863,
    55.56691
  ],
  "Bording Kirkeby": [
    9.24384,
    56.16871
  ],
  "Borup": [
    11.97584,
    55.49472
  ],
  "Bramming": [
    8.70007,
    55.46946
  ],
  "Brande": [
    9.12178,
    55.93814
  ],
  "Brejning": [
    9.67703,
    55.6613
  ],
  "Brenderup": [
    9.97365,
    55.49
  ],
  "Broager": [
    9.68096,
    54.88736
  ],
  "Brovst": [
    9.52801,
    57.09562
  ],
  "Br\u00e6dstrup": [
    9.61129,
    55.97153
  ],
  "Br\u00f8ndbyvester": [
    12.40996,
    55.65029
  ],
  "Br\u00f8nderslev": [
    9.94102,
    57.27021
  ],
  "Br\u00f8rup": [
    9.01756,
    55.48194
  ],
  "Buddinge": [
    12.48899,
    55.75769
  ],
  "Bullerup": [
    10.47137,
    55.42686
  ],
  "Byrum": [
    10.99738,
    57.25679
  ],
  "B\u00f8rkop": [
    9.64822,
    55.63794
  ],
  "Charlottenlund": [
    12.59181,
    55.75367
  ],
  "Christiansfeld": [
    9.48701,
    55.35817
  ],
  "Christians\u00f8": [
    15.18662,
    55.32006
  ],
  "Copenhagen": [
    12.56553,
    55.67594
  ],
  "Dianalund": [
    11.4925,
    55.53133
  ],
  "Drag\u00f8r": [
    12.66638,
    55.59455
  ],
  "Dronninglund": [
    10.29287,
    57.16035
  ],
  "Dybb\u00f8l": [
    9.73601,
    54.91079
  ],
  "Ebeltoft": [
    10.6821,
    56.19442
  ],
  "Egtved": [
    9.30102,
    55.61796
  ],
  "Ejby": [
    9.92973,
    55.4301
  ],
  "Esbjerg": [
    8.45,
    55.46667
  ],
  "Esperg\u00e6rde": [
    12.56667,
    56
  ],
  "Faaborg": [
    10.24226,
    55.0951
  ],
  "Fakse": [
    12.11764,
    55.24686
  ],
  "Fakse Ladeplads": [
    12.17013,
    55.2198
  ],
  "Fars\u00f8": [
    9.33926,
    56.77276
  ],
  "Farum": [
    12.36066,
    55.80858
  ],
  "Fensmark": [
    11.80382,
    55.27919
  ],
  "Fjerritslev": [
    9.26643,
    57.08134
  ],
  "Fl\u00f8ng": [
    12.18698,
    55.66212
  ],
  "Forlev": [
    11.28333,
    55.38333
  ],
  "Framlev": [
    10.01318,
    56.15664
  ],
  "Fredensborg": [
    12.40314,
    55.97558
  ],
  "Fredericia": [
    9.75257,
    55.56568
  ],
  "Frederiksberg": [
    11.56934,
    55.41618
  ],
  "Frederikshavn": [
    10.53661,
    57.44073
  ],
  "Frederikssund": [
    12.06896,
    55.83956
  ],
  "Frederiksv\u00e6rk": [
    12.0225,
    55.97073
  ],
  "Frejlev": [
    9.81711,
    57.00623
  ],
  "Fuglebjerg": [
    11.54766,
    55.30604
  ],
  "Galten": [
    9.91691,
    56.15902
  ],
  "Ganl\u00f8se": [
    12.26421,
    55.79124
  ],
  "Gilleleje": [
    12.31056,
    56.12196
  ],
  "Gistrup": [
    9.99085,
    56.9943
  ],
  "Give": [
    9.24998,
    55.83977
  ],
  "Gjellerup Kirkeby": [
    9.04988,
    56.14341
  ],
  "Glamsbjerg": [
    10.10483,
    55.27237
  ],
  "Glostrup": [
    12.4,
    55.66667
  ],
  "Gram": [
    9.04913,
    55.28948
  ],
  "Grenaa": [
    10.87825,
    56.41578
  ],
  "Greve": [
    12.3,
    55.58333
  ],
  "Grindsted": [
    8.91231,
    55.754
  ],
  "Gr\u00e5sten": [
    9.59523,
    54.91918
  ],
  "Gr\u00e6sted": [
    12.28512,
    56.06558
  ],
  "Guderup": [
    9.87174,
    54.98978
  ],
  "Gunds\u00f8magle": [
    12.15158,
    55.73565
  ],
  "G\u00f8rlev": [
    11.22708,
    55.53926
  ],
  "Haderslev": [
    9.48982,
    55.25377
  ],
  "Hadsten": [
    10.04931,
    56.32819
  ],
  "Hadsund": [
    10.11682,
    56.71482
  ],
  "Hals": [
    10.30807,
    56.99609
  ],
  "Hammel": [
    9.86316,
    56.25762
  ],
  "Hammerum": [
    9.06121,
    56.13361
  ],
  "Hanstholm": [
    8.61667,
    57.11667
  ],
  "Harbo\u00f8re": [
    8.18069,
    56.61752
  ],
  "Haslev": [
    11.96389,
    55.32346
  ],
  "Havdrup": [
    12.12392,
    55.54481
  ],
  "Hedensted": [
    9.7011,
    55.77043
  ],
  "Helleb\u00e6k": [
    12.55782,
    56.06823
  ],
  "Helsinge": [
    12.19752,
    56.02283
  ],
  "Helsing\u00f8r": [
    12.6136,
    56.03606
  ],
  "Herlev": [
    12.43998,
    55.72366
  ],
  "Herning": [
    8.97378,
    56.13932
  ],
  "Hiller\u00f8d": [
    12.31091,
    55.92667
  ],
  "Hinnerup": [
    10.06299,
    56.26608
  ],
  "Hirtshals": [
    9.95922,
    57.58812
  ],
  "Hjallerup": [
    10.14571,
    57.16466
  ],
  "Hjortsh\u00f8j": [
    10.26532,
    56.24811
  ],
  "Hj\u00f8rring": [
    9.98229,
    57.46417
  ],
  "Hobro": [
    9.79029,
    56.64306
  ],
  "Holb\u00e6k": [
    11.71667,
    55.71667
  ],
  "Holeby": [
    11.46416,
    54.71148
  ],
  "Holstebro": [
    8.61607,
    56.36009
  ],
  "Holsted": [
    8.91872,
    55.51086
  ],
  "Hornb\u00e6k": [
    12.45048,
    56.08541
  ],
  "Hornslet": [
    10.32041,
    56.3155
  ],
  "Horsens": [
    9.85034,
    55.86066
  ],
  "Humleb\u00e6k": [
    12.5341,
    55.9618
  ],
  "Hundested": [
    11.86667,
    55.96667
  ],
  "Hurup": [
    8.41952,
    56.74944
  ],
  "Hvide Sande": [
    8.12937,
    56.00452
  ],
  "Hvidovre": [
    12.47364,
    55.65719
  ],
  "H\u00e5rby": [
    10.12262,
    55.21502
  ],
  "H\u00e5rlev": [
    12.23382,
    55.34936
  ],
  "H\u00f8jby": [
    10.43684,
    55.34218
  ],
  "H\u00f8jslev": [
    9.13637,
    56.58565
  ],
  "H\u00f8ng": [
    11.29032,
    55.51165
  ],
  "H\u00f8rning": [
    10.03716,
    56.08701
  ],
  "H\u00f8rsholm": [
    12.5,
    55.88333
  ],
  "H\u00f8ruphav": [
    9.89872,
    54.91017
  ],
  "H\u00f8rve": [
    11.45298,
    55.75292
  ],
  "Ikast": [
    9.15768,
    56.13883
  ],
  "Ish\u00f8j": [
    12.35182,
    55.61543
  ],
  "Jelling": [
    9.4258,
    55.75588
  ],
  "Juelsminde": [
    10.01668,
    55.70876
  ],
  "Jyderup": [
    11.42029,
    55.66399
  ],
  "Jyllinge": [
    12.11227,
    55.75843
  ],
  "J\u00e6gerspris": [
    11.96786,
    55.85544
  ],
  "Kalundborg": [
    11.08864,
    55.67954
  ],
  "Karup": [
    9.16835,
    56.30673
  ],
  "Kerteminde": [
    10.65769,
    55.44903
  ],
  "Kib\u00e6k": [
    8.85697,
    56.0317
  ],
  "Kirke Hvals\u00f8": [
    11.86253,
    55.5917
  ],
  "Kjellerup": [
    9.43528,
    56.28581
  ],
  "Klarup": [
    10.05617,
    57.01194
  ],
  "Kokkedal": [
    12.49952,
    55.91179
  ],
  "Kolding": [
    9.47216,
    55.4904
  ],
  "Kolt": [
    10.06986,
    56.10845
  ],
  "Kongens Lyngby": [
    12.50378,
    55.77044
  ],
  "Kors\u00f8r": [
    11.13857,
    55.32993
  ],
  "Krus\u00e5": [
    9.40129,
    54.85097
  ],
  "K\u00e5s": [
    9.67173,
    57.19774
  ],
  "K\u00f8ge": [
    12.18214,
    55.45802
  ],
  "Langeskov": [
    10.58447,
    55.35655
  ],
  "Lang\u00e5": [
    9.89486,
    56.39026
  ],
  "Lejre": [
    11.97477,
    55.60461
  ],
  "Lemvig": [
    8.31019,
    56.54856
  ],
  "Liller\u00f8d": [
    12.34579,
    55.87496
  ],
  "Lind": [
    8.98333,
    56.1
  ],
  "Liseleje": [
    11.94827,
    56.00531
  ],
  "Lunderskov": [
    9.29917,
    55.48375
  ],
  "Lynge": [
    12.27725,
    55.83941
  ],
  "Lystrup": [
    10.23778,
    56.2375
  ],
  "L\u00f8gst\u00f8r": [
    9.2583,
    56.96245
  ],
  "L\u00f8gten": [
    10.31181,
    56.27459
  ],
  "L\u00f8gumkloster": [
    8.95508,
    55.05941
  ],