{
  "Berekua": [
    -61.31667,
    15.23333
  ],
  "Calibishie": [
    -61.35,
    15.58333
  ],
  "Castle Bruce": [
    -61.26667,
    15.43333
  ],
  "Colihaut": [
    -61.46215,
    15.48478
  ],
  "La Plaine": [
    -61.25,
    15.33333
  ],
  "Mahaut": [
    -61.39701,
    15.36357
  ],
  "Marigot": [
    -61.3,
    15.53333
  ],
  "Pointe Michel": [
    -61.37452,
    15.25976
  ],
  "Pont Cass\u00e9": [
    -61.35,
    15.36667
  ],
  "Portsmouth": [
    -61.46667,
    15.58333
  ],
  "Rosalie": [
    -61.26667,
    15.36667
  ],
  "Roseau": [
    -61.38808,
    15.30174
  ],
  "Saint Joseph": [
    -61.43333,
    15.4
  ],
  "Salisbury": [
    -61.45,
    15.43333
  ],
  "Soufri\u00e8re": [
    -61.35881,
    15.23374
  ],
  "Wesley": [
    -61.31667,
    15.56667
  ],
  "Woodford Hill": [
    -61.33333,
    15.56667
  ]
}
