{
  "Agua Santa del Yuna": [
    -69.77977,
    19.15282
  ],
  "Altamira": [
    -70.84428,
    19.6773
  ],
  "Amina": [
    -70.99599,
    19.54814
  ],
  "Arenoso": [
    -69.85918,
    19.18732
  ],
  "Arroyo Salado": [
    -69.9,
    19.5
  ],
  "Azua de Compostela": [
    -70.7349,
    18.45319
  ],
  "Baitoa": [
    -70.70357,
    19.32512
  ],
  "Bajos de Haina": [
    -70.03317,
    18.41538
  ],
  "Ban\u00ed": [
    -70.33184,
    18.27964
  ],
  "Bayaguana": [
    -69.63616,
    18.75639
  ],
  "Bella Vista": [
    -69.93333,
    18.45
  ],
  "Boca Chica": [
    -69.60914,
    18.45174
  ],
  "Boca de Yuma": [
    -68.609,
    18.37825
  ],
  "Bohech\u00edo": [
    -70.98889,
    18.77515
  ],
  "Bonao": [
    -70.40923,
    18.93687
  ],
  "B\u00e1nica": [
    -71.7054,
    19.08239
  ],
  "Cabarete": [
    -70.40829,
    19.74982
  ],
  "Cabral": [
    -71.21667,
    18.25
  ],
  "Cabrera": [
    -69.9049,
    19.6426
  ],
  "Cach\u00f3n": [
    -71.18912,
    18.24833
  ],
  "Cambita Garabitos": [
    -70.1978,
    18.4533
  ],
  "Cana Chapet\u00f3n": [
    -71.25734,
    19.60703
  ],
  "Canoa": [
    -71.1585,
    18.35499
  ],
  "Casta\u00f1uelas": [
    -71.49876,
    19.71387
  ],
  "Castillo": [
    -70.02726,
    19.20824
  ],
  "Cayetano Germos\u00e9n": [
    -70.48342,
    19.34413
  ],
  "Cercado Abajo": [
    -71.51742,
    18.72681
  ],
  "Cevicos": [
    -69.97896,
    19.00449
  ],
  "Ciudad Nueva": [
    -69.9,
    18.46667
  ],
  "Comendador": [
    -71.70278,
    18.8775
  ],
  "Concepci\u00f3n de La Vega": [
    -70.52956,
    19.22207
  ],
  "Constanza": [
    -70.74499,
    18.90919
  ],
  "Cotu\u00ed": [
    -70.14939,
    19.05272
  ],
  "Cristo Rey": [
    -69.93333,
    18.5
  ],
  "Crist\u00f3bal": [
    -71.29298,
    18.29405
  ],
  "Dajab\u00f3n": [
    -71.70829,
    19.54878
  ],
  "Don Juan": [
    -69.94629,
    18.82774
  ],
  "Duverg\u00e9": [
    -71.52469,
    18.37839
  ],
  "El Cacao": [
    -70.29585,
    18.52719
  ],
  "El Carril": [
    -70.02785,
    18.44905
  ],
  "El Factor": [
    -69.88827,
    19.31834
  ],
  "El Guayabal": [
    -70.8369,
    18.7496
  ],
  "El Llano": [
    -71.63333,
    18.81667
  ],
  "El Palmar": [
    -71.24558,
    18.41139
  ],
  "El Pe\u00f1\u00f3n": [
    -71.1841,
    18.29643
  ],
  "El Pino": [
    -71.4754,
    19.43536
  ],
  "El Puerto": [
    -69.46667,
    18.78333
  ],
  "El Valle": [
    -69.37827,
    18.97567
  ],
  "Enriquillo": [
    -71.23333,
    17.9
  ],
  "Ensanche Luper\u00f3n": [
    -69.9,
    18.5
  ],
  "Esperalvillo": [
    -70.03557,
    18.81509
  ],
  "Esperanza": [
    -70.98489,
    19.5847
  ],
  "Esteban\u00eda": [
    -70.6435,
    18.4577
  ],
  "Estero Hondo": [
    -71.17411,
    19.82712
  ],
  "Fantino": [
    -70.29972,
    19.12148
  ],
  "Fundaci\u00f3n": [
    -71.18147,
    18.28668
  ],
  "Galv\u00e1n": [
    -71.34271,
    18.50228
  ],
  "Gaspar Hern\u00e1ndez": [
    -70.28112,
    19.6289
  ],
  "Gonzalo": [
    -69.75114,
    18.95147
  ],
  "Guananico": [
    -70.92294,
    19.72693
  ],
  "Guatapanal": [
    -70.91713,
    19.50704
  ],
  "Guayabal": [
    -71.64184,
    18.5981
  ],
  "Guayabo Dulce": [
    -69.28333,
    18.65
  ],
  "Guaymate": [
    -68.97867,
    18.58793
  ],
  "Hatillo Palma": [
    -71.19406,
    19.66256
  ],
  "Hato Mayor del Rey": [
    -69.25681,
    18.76278
  ],
  "Hondo Valle": [
    -71.69511,
    18.71599
  ],
  "Hostos": [
    -70.02046,
    19.18043
  ],
  "Imbert": [
    -70.82906,
    19.75371
  ],
  "Jaib\u00f3n": [
    -71.14847,
    19.61169
  ],
  "Jamao al Norte": [
    -70.44664,
    19.63552
  ],
  "Jaquimeyes": [
    -71.16145,
    18.31173
  ],
  "Jarabacoa": [
    -70.64218,
    19.12178
  ],
  "Jicom\u00e9": [
    -70.94927,
    19.64956
  ],
  "Jima Abajo": [
    -70.37607,
    19.13292
  ],
  "Jiman\u00ed": [
    -71.85022,
    18.49169
  ],
  "Joba Arriba": [
    -70.26667,
    19.56667
  ],
  "Juan Adri\u00e1n": [
    -70.33732,
    18.76365
  ],
  "Juan L\u00f3pez Abajo": [
    -70.5,
    19.43333
  ],
  "Juan Santiago": [
    -71.58971,
    18.70342
  ],
  "Juan de Herrera": [
    -71.2383,
    18.87402
  ],
  "Juancho": [
    -71.29311,
    17.85782
  ],
  "Juncalito Abajo": [
    -70.81905,
    19.2199
  ],
  "La Agustina": [
    -69.93333,
    18.5
  ],
  "La Canela": [
    -70.81629,
    19.47341
  ],
  "La Caya": [
    -71.12084,
    19.69981
  ],
  "La Ci\u00e9naga": [
    -71.10651,
    18.06858
  ],
  "La Descubierta": [
    -71.72967,
    18.57053
  ],
  "La Entrada": [
    -69.90762,
    19.55367
  ],
  "La Julia": [
    -69.93333,
    18.46667
  ],
  "La Romana": [
    -68.97285,
    18.42734
  ],
  "La Uvilla": [
    -71.21046,
    18.36186
  ],
  "Laguna Salada": [
    -71.09446,
    19.64827
  ],
  "Las Charcas": [
    -70.61724,
    18.45026
  ],
  "Las Gu\u00e1ranas": [
    -70.20835,
    19.1931
  ],
  "Las Matas de Farf\u00e1n": [
    -71.51656,
    18.87309
  ],
  "Las Matas de Santa Cruz": [
    -71.50471,
    19.67119
  ],
  "Las Salinas": [
    -71.31596,
    18.27485
  ],
  "Las Terrenas": [
    -69.5428,
    19.31102
  ],
  "Licey al Medio": [
    -70.6,
    19.43333
  ],
  "Loma de Cabrera": [
    -71.6,
    19.43333
  ],
  "Los Botados": [
    -69.99536,
    18.73226
  ],
  "Los Hidalgos": [
    -71.03333,
    19.73333
  ],
  "Los Llanos": [
    -69.49581,
    18.62035
  ],
  "Los R\u00edos": [
    -71.59106,
    18.52131
  ],
  "Luper\u00f3n": [
    -70.96204,
    19.89132
  ],
  "Maizal": [
    -71.02734,
    19.63655
  ],
  "Majagual": [
    -69.83616,
    19.04134
  ],
  "Mao": [
    -71.07813,
    19.55186
  ],
  "Matanzas": [
    -70.41768,
    18.24297
  ],
  "Matayaya": [
    -71.59459,
    18.89036
  ],
  "Mella": [
    -71.41716,
    18.35871
  ],
  "Miches": [
    -69.0476,
    18.98364
  ],
  "Moca": [
    -70.52598,
    19.39352
  ],
  "Monci\u00f3n": [
    -71.15257,
    19.41084
  ],
  "Monte Plata": [
    -69.78399,
    18.807
  ],
  "Nagua": [
    -69.8474,
    19.3832
  ],
  "Neiba": [
    -71.41965,
    18.48138
  ],
  "Nizao": [
    -70.21053,
    18.24697
  ],
  "Otra Banda": [
    -68.66281,
    18.65016
  ],
  "Oviedo": [
    -71.401,
    17.80136
  ],
  "Padre Las Casas": [
    -70.93916,
    18.73172
  ],
  "Palmar Arriba": [
    -70.73826,
    19.53957
  ],
  "Palmar de Ocoa": [
    -70.58635,
    18.29656
  ],
  "Para\u00edso": [
    -71.16526,
    17.99172
  ],
  "Partido": [
    -71.5473,
    19.48403
  ],
  "Paya": [
    -70.2956,
    18.26196
  ],
  "Pedernales": [
    -71.74403,
    18.03838
  ],
  "Pedro Corto": [
    -71.41041,
    18.84856
  ],
  "Pedro Garc\u00eda": [
    -70.65256,
    19.59202
  ],
  "Pedro Santana": [
    -71.69498,
    19.10515
  ],
  "Pedro S\u00e1nchez": [
    -69.10868,
    18.86375
  ],
  "Pepillo Salcedo": [
    -71.74513,
    19.69841
  ],
  "Peralta": [
    -70.77029,
    18.58164
  ],
  "Pescader\u00eda": [
    -71.16612,
    18.26766
  ],
  "Piedra Blanca": [
    -70.31688,
    18.84431
  ],
  "Pimentel": [
    -70.10884,
    19.18416
  ],
  "Pizarrete": [
    -70.22648,
    18.29935
  ],
  "Polo": [
    -71.28723,
    18.07873
  ],
  "Postrer R\u00edo": [
    -71.63561,
    18.54374
  ],
  "Pueblo Viejo": [
    -70.76765,
    18.4
  ],
  "Puerto Plata": [
    -70.6884,
    19.79344
  ],
  "Punta Cana": [
    -68.40431,
    18.58182
  ],
  "Quisqueya": [
    -69.40814,
    18.55542
  ],
  "Ram\u00f3n Santana": [
    -69.17979,
    18.54224
  ],
  "Restauraci\u00f3n": [
    -71.69239,
    19.31532
  ],
  "Rinc\u00f3n": [
    -70.40632,
    19.11938
  ],
  "R\u00edo Grande": [
    -70.76667,
    19.66667
  ],
  "R\u00edo Limpio": [
    -71.53077,
    19.24513
  ],
  "R\u00edo San Juan": [
    -70.07635,
    19.64385
  ],
  "R\u00edo Verde Arriba": [
    -70.56643,
    19.31583
  ],
  "Sabana Buey": [
    -70.52352,
    18.27351
  ],
  "Sabana Grande de Boy\u00e1": [
    -69.79331,
    18.94498
  ],
  "Sabana Grande de Palenque": [
    -70.14822,
    18.26256
  ],