{
  "Abou el Hassan": [
    1.19616,
    36.41657
  ],
  "Adrar": [
    -0.29388,
    27.87429
  ],
  "Aflou": [
    2.10228,
    34.1128
  ],
  "Akbou": [
    4.53494,
    36.4575
  ],
  "Algiers": [
    3.04197,
    36.7525
  ],
  "Amizour": [
    4.90131,
    36.64022
  ],
  "Ammi Moussa": [
    1.11143,
    35.86781
  ],
  "Annaba": [
    7.76667,
    36.9
  ],
  "Aoulef": [
    1.08333,
    26.96667
  ],
  "Arbatache": [
    3.37127,
    36.63773
  ],
  "Arhribs": [
    4.31158,
    36.79361
  ],
  "Arris": [
    6.34706,
    35.25881
  ],
  "Azazga": [
    4.37222,
    36.74472
  ],
  "Azzaba": [
    7.10528,
    36.73944
  ],
  "A\u00efn Arnat": [
    5.31347,
    36.18683
  ],
  "A\u00efn Bessem": [
    3.67319,
    36.29333
  ],
  "A\u00efn Be\u00efda": [
    7.39278,
    35.79639
  ],
  "A\u00efn Defla": [
    1.9679,
    36.26406
  ],
  "A\u00efn Fakroun": [
    6.87374,
    35.97108
  ],
  "A\u00efn Kercha": [
    6.69528,
    35.92472
  ],
  "A\u00efn Oussera": [
    2.90583,
    35.45139
  ],
  "A\u00efn Sefra": [
    -0.58333,
    32.75
  ],
  "A\u00efn Smara": [
    6.50135,
    36.2674
  ],
  "A\u00efn Taya": [
    3.28694,
    36.79333
  ],
  "A\u00efn Touta": [
    5.90001,
    35.37675
  ],
  "A\u00efn el Bya": [
    -0.30178,
    35.80389
  ],
  "BABOR - VILLE": [
    5.5393,
    36.48994
  ],
  "Bab Ezzouar": [
    3.18291,
    36.72615
  ],
  "Baraki": [
    3.09606,
    36.66655
  ],
  "Barbacha": [
    4.96667,
    36.56667
  ],
  "Barika": [
    5.36584,
    35.38901
  ],
  "Batna": [
    6.17414,
    35.55597
  ],
  "Beja\u00efa": [
    5.08433,
    36.75587
  ],
  "Ben Mehidi": [
    7.9064,
    36.76967
  ],
  "Beni Amrane": [
    3.59115,
    36.66774
  ],
  "Beni Douala": [
    4.08282,
    36.61954
  ],
  "Beni Mered": [
    2.86131,
    36.52389
  ],
  "Beni Mester": [
    -1.42319,
    34.87045
  ],
  "Beni Saf": [
    -1.38226,
    35.30099
  ],
  "Bensekrane": [
    -1.22431,
    35.07465
  ],
  "Berrahal": [
    7.45333,
    36.83528
  ],
  "Berriane": [
    3.7669,
    32.82648
  ],
  "Berrouaghia": [
    2.91085,
    36.13516
  ],
  "Besbes": [
    7.84722,
    36.70222
  ],
  "Bir el Ater": [
    8.06024,
    34.74488
  ],
  "Bir el Djir": [
    -0.545,
    35.72
  ],
  "Birine": [
    3.225,
    35.635
  ],
  "Birkhadem": [
    3.05002,
    36.71499
  ],
  "Biskra": [
    5.72805,
    34.85038
  ],
  "Blida": [
    2.8277,
    36.47004
  ],
  "Boghni": [
    3.95306,
    36.54222
  ],
  "Bordj Bou Arreridj": [
    4.76108,
    36.07322
  ],
  "Bordj Ghdir": [
    4.89806,
    35.90111
  ],
  "Bordj Zemoura": [
    4.85668,
    36.27462
  ],
  "Bordj el Kiffan": [
    3.19248,
    36.74871
  ],
  "Bou Hanifia el Hamamat": [
    -0.05037,
    35.31473
  ],
  "Bou Isma\u00efl": [
    2.69007,
    36.64262
  ],
  "Bou Tlelis": [
    -0.8996,
    35.57272
  ],
  "Boudjima": [
    4.15187,
    36.80218
  ],
  "Boudouaou": [
    3.40995,
    36.72735
  ],
  "Boufarik": [
    2.91214,
    36.57412
  ],
  "Bougaa": [
    5.08843,
    36.33293
  ],
  "Bougara": [
    3.081,
    36.54178
  ],
  "Bouinan": [
    2.99194,
    36.53167
  ],
  "Boukadir": [
    1.12602,
    36.06629
  ],
  "Boumahra Ahmed": [
    7.51389,
    36.45833
  ],
  "Boumerdas": [
    3.47717,
    36.76639
  ],
  "Bou\u00efra": [
    3.902,
    36.37489
  ],
  "Bo\u00fb Arfa": [
    2.81464,
    36.46298
  ],
  "Brezina": [
    1.26082,
    33.09892
  ],
  "B\u00e9char": [
    -2.21667,
    31.61667
  ],
  "Chabet el Ameur": [
    3.69474,
    36.63709
  ],
  "Charef": [
    2.79503,
    34.62098
  ],
  "Chebli": [
    3.00917,
    36.57722
  ],
  "Chelghoum el A\u00efd": [
    6.16651,
    36.16286
  ],
  "Chemini": [
    4.61667,
    36.6
  ],
  "Cheraga": [
    2.95924,
    36.76775
  ],
  "Cheria": [
    7.75194,
    35.27306
  ],
  "Chetouane": [
    -1.29512,
    34.92129
  ],
  "Chiffa": [
    2.73873,
    36.46293
  ],
  "Chlef": [
    1.33452,
    36.16525
  ],
  "Chorfa": [
    4.32636,
    36.36505
  ],
  "Constantine": [
    6.61472,
    36.365
  ],
  "Dar Chioukh": [
    3.48543,
    34.89638
  ],
  "Dar el Be\u00efda": [
    3.2125,
    36.71333
  ],
  "Debila": [
    6.95,
    33.51667
  ],
  "Dellys": [
    3.91311,
    36.91716
  ],
  "Didouche Mourad": [
    6.63639,
    36.4525
  ],
  "Djamaa": [
    5.99306,
    33.53388
  ],
  "Djebilet Rosfa": [
    0.83496,
    34.86375
  ],
  "Djelfa": [
    3.263,
    34.67279
  ],
  "Djidiouia": [
    0.82871,
    35.92989
  ],
  "Douera": [
    2.94444,
    36.67
  ],
  "Draa Ben Khedda": [
    3.96223,
    36.73436
  ],
  "Draa el Mizan": [
    3.8334,
    36.53628
  ],
  "Drean": [
    7.75111,
    36.68482
  ],
  "Ech Chettia": [
    1.25538,
    36.19591
  ],
  "El Abadia": [
    1.68609,
    36.26951
  ],
  "El Abiodh Sidi Cheikh": [
    0.54839,
    32.893
  ],
  "El Achir": [
    4.62744,
    36.06386
  ],
  "El Affroun": [
    2.62528,
    36.4701
  ],
  "El Amria": [
    -1.01577,
    35.52439
  ],
  "El Aouinet": [
    7.88672,
    35.86691
  ],
  "El Attaf": [
    1.67187,
    36.22393
  ],
  "El Bayadh": [
    1.01927,
    33.68318
  ],
  "El Eulma": [
    5.69016,
    36.15281
  ],
  "El Hadjar": [
    7.73684,
    36.80377
  ],
  "El Hadjira": [
    5.51259,
    32.61336
  ],
  "El Idrissia": [
    2.52749,
    34.44542
  ],
  "El Kala": [
    8.44333,
    36.89556
  ],
  "El Khroub": [
    6.69361,
    36.26333
  ],
  "El Kseur": [
    4.8555,
    36.67942
  ],
  "El Malah": [
    -1.09238,
    35.39138
  ],
  "El Oued": [
    6.86319,
    33.35608
  ],
  "El Tarf": [
    8.31377,
    36.7672
  ],
  "Es Senia": [
    -0.62397,
    35.64779
  ],
  "Feraoun": [
    4.85454,
    36.5604
  ],
  "Freha": [
    4.3155,
    36.75234
  ],
  "Frenda": [
    1.04945,
    35.06544
  ],
  "Gharda\u00efa": [
    3.67347,
    32.49094
  ],
  "Guelma": [
    7.42608,
    36.46214
  ],
  "Hadjout": [
    2.41382,
    36.51257
  ],
  "Hamma Bouziane": [
    6.59603,
    36.41205
  ],
  "Hammam Bou Hadjar": [
    -0.96778,
    35.37889
  ],
  "Hammamet": [
    7.95184,
    35.44862
  ],
  "Hassi Messaoud": [
    6.07286,
    31.68041
  ],
  "Hennaya": [
    -1.36806,
    34.95139
  ],
  "H\u00e9liopolis": [
    7.44278,
    36.50361
  ],
  "I-n-Salah": [
    2.46069,
    27.19351
  ],
  "Ighram": [
    4.50532,
    36.46295
  ],
  "Illizi": [
    8.46667,
    26.48333
  ],
  "Isser": [
    3.66924,
    36.71859
  ],
  "Jijel": [
    5.76671,
    36.82055
  ],
  "Kerkera": [
    6.58556,
    36.92917
  ],
  "Khemis Miliana": [
    2.22015,
    36.26104
  ],
  "Khemis el Khechna": [
    3.3308,
    36.64997
  ],
  "Khenchela": [
    7.14333,
    35.43583
  ],
  "Kolea": [
    2.76845,
    36.63888
  ],
  "Ksar Chellala": [
    2.31889,
    35.21222
  ],
  "Ksar el Boukhari": [
    2.74905,
    35.88889
  ],
  "Laghouat": [
    2.86514,
    33.8
  ],
  "Lakhdaria": [
    3.5933,
    36.56463
  ],
  "Larba\u00e2": [
    3.15434,
    36.56471
  ],
  "L\u2019Arbaa Na\u00eft Irathen": [
    4.19864,
    36.63112
  ],
  "Makouda": [
    4.06273,
    36.78567
  ],
  "Mansourah": [
    4.45192,
    36.08725
  ],
  "Manso\u00fbra": [
    -1.33935,
    34.86158
  ],
  "Mascara": [
    0.14027,
    35.39664
  ],
  "Mazouna": [
    0.89865,
    36.12232
  ],
  "Meftah": [
    3.22248,
    36.6204
  ],
  "Megarine": [
    6.08695,
    33.19195
  ],
  "Mehdia": [
    1.75714,
    35.43058
  ],
  "Mekla": [
    4.26378,
    36.68178
  ],
  "Melouza": [
    4.18665,
    35.97999
  ],
  "Merouana": [
    5.91186,
    35.63106
  ],
  "Mers el Kebir": [
    -0.7081,
    35.7279
  ],
  "Meskiana": [
    7.66606,
    35.63058
  ],
  "Messaad": [
    3.50309,
    34.15429
  ],
  "Metlili Chaamba": [
    3.63333,
    32.26667
  ],
  "Mila": [
    6.26444,
    36.45028
  ],
  "Mostaganem": [
    0.08918,
    35.93115
  ],
  "Mouza\u00efa": [
    2.68991,
    36.46695
  ],
  "M\u00e9d\u00e9a": [
    2.75393,
    36.26417
  ],
  "M\u2019Sila": [
    4.54194,
    35.70583
  ],