{
  "Abja-Paluoja": [
    25.34972,
    58.12528
  ],
  "Aruk\u00fcla": [
    25.07722,
    59.36444
  ],
  "Aseri": [
    26.8675,
    59.45056
  ],
  "Audru": [
    24.37389,
    58.40861
  ],
  "Elva": [
    26.42111,
    58.2225
  ],
  "Haabneeme": [
    24.82111,
    59.51139
  ],
  "Haapsalu": [
    23.54139,
    58.94306
  ],
  "Haljala": [
    26.26139,
    59.43361
  ],
  "Hullo": [
    23.24441,
    58.99004
  ],
  "J\u00e4rva-Jaani": [
    25.88639,
    59.03861
  ],
  "J\u00e4rvakandi": [
    24.82583,
    58.77889
  ],
  "J\u00f5geva": [
    26.39389,
    58.74667
  ],
  "J\u00f5hvi": [
    27.42111,
    59.35917
  ],
  "J\u00fcri": [
    24.89417,
    59.35417
  ],
  "Kadrina": [
    26.145,
    59.33472
  ],
  "Kallaste": [
    27.15917,
    58.655
  ],
  "Karksi-Nuia": [
    25.56278,
    58.10333
  ],
  "Kehra": [
    25.32111,
    59.33611
  ],
  "Kehtna": [
    24.87806,
    58.93028
  ],
  "Keila": [
    24.41306,
    59.30361
  ],
  "Kiili": [
    24.83778,
    59.30694
  ],
  "Kilingi-N\u00f5mme": [
    24.96417,
    58.15028
  ],
  "Kivi\u00f5li": [
    26.97111,
    59.35306
  ],
  "Koeru": [
    26.03083,
    58.96306
  ],
  "Kohila": [
    24.7575,
    59.16806
  ],
  "Kohtla-J\u00e4rve": [
    27.27306,
    59.39861
  ],
  "Kohtla-N\u00f5mme": [
    27.175,
    59.35167
  ],
  "Kose": [
    24.87833,
    59.45806
  ],
  "Kunda": [
    26.53333,
    59.48333
  ],
  "Kuressaare": [
    22.50389,
    58.24806
  ],
  "Kuusalu": [
    25.44139,
    59.44389
  ],
  "K\u00e4rdla": [
    22.74917,
    58.99778
  ],
  "Laagri": [
    24.61418,
    59.35083
  ],
  "Lihula": [
    23.84528,
    58.68139
  ],
  "Loksa": [
    25.72139,
    59.57639
  ],
  "Loo": [
    24.94833,
    59.43639
  ],
  "Maardu": [
    25.025,
    59.47667
  ],
  "Mustvee": [
    26.93972,
    58.84861
  ],
  "M\u00e4rjamaa": [
    24.43056,
    58.90389
  ],
  "M\u00f5isak\u00fcla": [
    25.18639,
    58.09222
  ],
  "Narva": [
    28.19028,
    59.37722
  ],
  "Narva-J\u00f5esuu": [
    28.04083,
    59.45889
  ],
  "N\u00f5o": [
    26.5375,
    58.27556
  ],
  "Orissaare": [
    23.08262,
    58.55917
  ],
  "Paide": [
    25.55722,
    58.88556
  ],
  "Paikuse": [
    24.63444,
    58.37917
  ],
  "Paldiski": [
    24.05306,
    59.35667
  ],
  "Puhja": [
    26.31472,
    58.34194
  ],
  "P\u00e4rnu": [
    24.49711,
    58.38588
  ],
  "P\u00e4rnu-Jaagupi": [
    24.50689,
    58.61052
  ],
  "P\u00f5ltsamaa": [
    25.97056,
    58.6525
  ],
  "P\u00f5lva": [
    27.06944,
    58.06028
  ],
  "P\u00fcssi": [
    27.04972,
    59.36
  ],
  "Raasiku": [
    25.18306,
    59.36639
  ],
  "Rakke": [
    26.25444,
    58.98167
  ],
  "Rakvere": [
    26.35583,
    59.34639
  ],
  "Rapla": [
    24.79278,
    59.00722
  ],
  "Riisipere": [
    24.31056,
    59.11417
  ],
  "Rummu": [
    24.79972,
    59.53528
  ],
  "R\u00e4pina": [
    27.46361,
    58.09806
  ],
  "Saku": [
    24.65778,
    59.30222
  ],
  "Saue": [
    24.5525,
    59.32028
  ],
  "Sauga": [
    24.49496,
    58.4272
  ],
  "Sillam\u00e4e": [
    27.76331,
    59.39697
  ],
  "Sindi": [
    24.6675,
    58.40056
  ],
  "Suure-Jaani": [
    25.47056,
    58.53611
  ],
  "S\u00e4revere": [
    25.42806,
    58.79
  ],
  "S\u00f5meru": [
    26.4375,
    59.36111
  ],
  "Tabasalu": [
    24.53306,
    59.43028
  ],
  "Tabivere": [
    26.59556,
    58.55417
  ],
  "Tallinn": [
    24.75353,
    59.43696
  ],
  "Tamsalu": [
    26.11528,
    59.15861
  ],
  "Tapa": [
    25.95861,
    59.26056
  ],
  "Tartu": [
    26.72509,
    58.38062
  ],
  "Toila": [
    27.50807,
    59.42127
  ],
  "Tootsi": [
    24.7925,
    58.57806
  ],
  "Turba": [
    24.225,
    59.08306
  ],
  "T\u00f5rva": [
    25.935,
    58.00278
  ],
  "T\u00fcri": [
    25.4325,
    58.80861
  ],
  "Uuem\u00f5isa": [
    23.58944,
    58.93944
  ],
  "Vaida": [
    24.96583,
    59.29056
  ],
  "Valga": [
    26.0473,
    57.77781
  ],
  "Vana-Antsla": [
    26.53222,
    57.86611
  ],
  "Viimsi": [
    24.86254,
    59.50086
  ],
  "Viiratsi": [
    25.63722,
    58.36
  ],
  "Viljandi": [
    25.59,
    58.36389
  ],
  "Vinni": [
    26.43222,
    59.29583
  ],
  "Voka": [
    27.58263,
    59.40776
  ],
  "V\u00e4ike-Maarja": [
    26.25,
    59.12639
  ],
  "V\u00e4ndra": [
    25.03611,
    58.64806
  ],
  "V\u00f5hma": [
    25.54833,
    58.62833
  ],
  "V\u00f5ru": [
    27.01944,
    57.83389
  ],
  "\u00dclenurme": [
    26.72517,
    58.3162
  ]
}
