{
  "Abn\u016bb": [
    31.15105,
    27.2696
  ],
  "Ab\u016b Kab\u012br": [
    31.67148,
    30.72508
  ],
  "Ab\u016b Qurq\u0101\u015f": [
    30.83841,
    27.9312
  ],
  "Ab\u016b Sunbul": [
    31.61624,
    22.3457
  ],
  "Ab\u016b T\u012bj": [
    31.31897,
    27.04411
  ],
  "Ab\u016b al Ma\u0163\u0101m\u012br": [
    30.17438,
    30.91018
  ],
  "Ad Dilinj\u0101t": [
    30.53633,
    30.82791
  ],
  "Ain Sukhna": [
    32.31671,
    29.60018
  ],
  "Aj\u0101": [
    31.29039,
    30.94162
  ],
  "Akhm\u012bm": [
    31.74503,
    26.56217
  ],
  "Al Bad\u0101r\u012b": [
    31.41554,
    26.99257
  ],
  "Al Balyan\u0101": [
    32.00347,
    26.23568
  ],
  "Al Baw\u012b\u0163\u012b": [
    28.86591,
    28.34919
  ],
  "Al B\u0101j\u016br": [
    31.03681,
    30.43026
  ],
  "Al Fashn": [
    30.89948,
    28.82431
  ],
  "Al Fayy\u016bm": [
    30.8418,
    29.30995
  ],
  "Al Ghardaqah": [
    33.81291,
    27.25738
  ],
  "Al Ibr\u0101h\u012bm\u012byah": [
    31.56299,
    30.71877
  ],
  "Al Jam\u0101l\u012byah": [
    31.86518,
    31.18086
  ],
  "Al J\u012bzah": [
    31.21093,
    30.00808
  ],
  "Al Kh\u0101nkah": [
    31.36812,
    30.21035
  ],
  "Al Kh\u0101rijah": [
    30.54635,
    25.4514
  ],
  "Al Mansh\u0101h": [
    31.8035,
    26.47686
  ],
  "Al Manzilah": [
    31.937,
    31.15815
  ],
  "Al Man\u015f\u016brah": [
    31.38069,
    31.03637
  ],
  "Al Ma\u0163ar\u012byah": [
    32.03108,
    31.18287
  ],
  "Al Ma\u1e29allah al Kubr\u00e1": [
    31.16499,
    30.9745
  ],
  "Al Miny\u0101": [
    30.7503,
    28.10988
  ],
  "Al Qan\u0101y\u0101t": [
    31.46099,
    30.6188
  ],
  "Al Qan\u0101\u0163ir al Khayr\u012byah": [
    31.13703,
    30.19327
  ],
  "Al Qurayn": [
    31.73514,
    30.61618
  ],
  "Al Qu\u015fayr": [
    34.27793,
    26.10426
  ],
  "Al Q\u016b\u015f\u012byah": [
    30.81841,
    27.4402
  ],
  "Al W\u0101si\u0163ah": [
    31.20556,
    29.33778
  ],
  "Al \u1e28aw\u0101mid\u012byah": [
    31.25,
    29.9
  ],
  "Al \u1e28\u0101m\u016bl": [
    31.14766,
    31.31146
  ],
  "Al \u2018Alamayn": [
    28.95502,
    30.83007
  ],
  "Al \u2018Ayy\u0101\u0163": [
    31.2575,
    29.61972
  ],
  "Alexandria": [
    29.95527,
    31.21564
  ],
  "Arish": [
    33.79844,
    31.13159
  ],
  "Ash Shaykh Zuwayd": [
    34.11074,
    31.2163
  ],
  "Ash Shuhad\u0101\u2019": [
    30.89875,
    30.59618
  ],
  "Ashm\u016bn": [
    30.97635,
    30.29857
  ],
  "Aswan": [
    32.89942,
    24.09082
  ],
  "Asy\u016b\u0163": [
    31.18368,
    27.18096
  ],
  "At Tall al Kab\u012br": [
    31.78525,
    30.54448
  ],
  "Aws\u012bm": [
    31.13571,
    30.12303
  ],
  "Az Zarq\u0101": [
    31.63528,
    31.20864
  ],
  "A\u015f \u015eaff": [
    31.28111,
    29.56472
  ],
  "Banh\u0101": [
    31.17858,
    30.45906
  ],
  "Ban\u012b Maz\u0101r": [
    30.8004,
    28.5036
  ],
  "Ban\u012b Suwayf": [
    31.09785,
    29.07441
  ],
  "Basy\u016bn": [
    30.81338,
    30.93976
  ],
  "Beheira": [
    30.34355,
    30.51478
  ],
  "Bilbays": [
    31.56223,
    30.42039
  ],
  "Bilq\u0101s": [
    31.35798,
    31.21452
  ],
  "Bi\u2019r al \u2018Abd": [
    33.0098,
    31.01887
  ],
  "B\u016br Saf\u0101jah": [
    33.93651,
    26.72918
  ],
  "B\u016bsh": [
    31.12733,
    29.14816
  ],
  "Cairo": [
    31.24967,
    30.06263
  ],
  "Damanh\u016br": [
    30.46914,
    31.03917
  ],
  "Damietta": [
    31.81332,
    31.41648
  ],
  "Dayr Maw\u0101s": [
    30.84662,
    27.64176
  ],
  "Dayr\u016b\u0163": [
    30.80764,
    27.55602
  ],
  "Dhahab": [
    34.51338,
    28.50098
  ],
  "Dikirnis": [
    31.59478,
    31.08898
  ],
  "Dishn\u0101": [
    32.47598,
    26.12467
  ],
  "Dis\u016bq": [
    30.64649,
    31.13305
  ],
  "Diyarb Najm": [
    31.44016,
    30.75438
  ],
  "El Gouna": [
    33.67825,
    27.39417
  ],
  "Farsh\u016b\u0163": [
    32.16329,
    26.05494
  ],
  "Fuwah": [
    30.55018,
    31.20291
  ],
  "F\u0101q\u016bs": [
    31.80182,
    30.73006
  ],
  "F\u0101rask\u016br": [
    31.71507,
    31.32977
  ],
  "Hihy\u0101": [
    31.58801,
    30.6713
  ],
  "Ibshaw\u0101y": [
    30.68142,
    29.35804
  ],
  "Idfu": [
    32.87472,
    24.98028
  ],
  "Idk\u016b": [
    30.29901,
    31.30782
  ],
  "Ismailia": [
    32.27225,
    30.60427
  ],
  "Isn\u0101": [
    32.55402,
    25.29336
  ],
  "I\u0163s\u0101": [
    30.78944,
    29.2376
  ],
  "Jirj\u0101": [
    31.89161,
    26.33826
  ],
  "Juhaynah": [
    31.4976,
    26.67319
  ],
  "Kafr ad Daww\u0101r": [
    30.12843,
    31.13385
  ],
  "Kafr ash Shaykh": [
    30.94012,
    31.1143
  ],
  "Kafr az Zayy\u0101t": [
    30.81805,
    30.8248
  ],
  "Kafr \u015eaqr": [
    31.62575,
    30.79336
  ],
  "Kawm Umb\u016b": [
    32.94626,
    24.47669
  ],
  "Kawm \u1e28am\u0101dah": [
    30.69733,
    30.76096
  ],
  "Kousa": [
    32.76362,
    25.91407
  ],
  "Luxor": [
    32.6421,
    25.69893
  ],
  "Mad\u012bnat Sittah Ukt\u016bbar": [
    31.05,
    29.81667
  ],
  "Makadi Bay": [
    33.89952,
    26.99123
  ],
  "Mallaw\u012b": [
    30.84165,
    27.7314
  ],
  "Manfal\u016b\u0163": [
    30.97004,
    27.3104
  ],
  "Marsa Alam": [
    34.89005,
    25.06305
  ],
  "Masht\u016bl as S\u016bq": [
    31.3776,
    30.36056
  ],
  "Ma\u0163\u0101y": [
    30.77924,
    28.41899
  ],
  "Mersa Matruh": [
    27.23725,
    31.3529
  ],
  "Minyat an Na\u015fr": [
    31.64313,
    31.12624
  ],
  "Min\u016bf": [
    30.93164,
    30.46579
  ],
  "Naj\u2018 \u1e28amm\u0101d\u012b": [
    32.24142,
    26.04949
  ],
  "Nuwaybi\u2018a": [
    34.6634,
    29.04681
  ],
  "Port Said": [
    32.28412,
    31.25654
  ],
  "Qaly\u016bb": [
    31.2056,
    30.17922
  ],
  "Qa\u015fr al Far\u0101firah": [
    27.96979,
    27.0568
  ],
  "Qin\u0101": [
    32.72671,
    26.16418
  ],
  "Quwaysin\u0101": [
    31.15777,
    30.56482
  ],
  "Qu\u0163\u016br": [
    30.95614,
    30.97225
  ],
  "Rafa\u1e29": [
    34.23807,
    31.28781
  ],
  "Rosetta": [
    30.41639,
    31.40444
  ],
  "Saint Catherine": [
    33.94934,
    28.56191
  ],
  "Samann\u016bd": [
    31.24069,
    30.9616
  ],
  "Sam\u0101l\u016b\u0163": [
    30.71007,
    28.31214
  ],
  "Sharm ash Shaykh": [
    34.30499,
    27.85183
  ],
  "Shib\u012bn al Kawm": [
    31.00904,
    30.55258
  ],
  "Shib\u012bn al Qan\u0101\u0163ir": [
    31.32018,
    30.31269
  ],
  "Shirb\u012bn": [
    31.5243,
    31.19688
  ],
  "Siwa Oasis": [
    25.51965,
    29.2032
  ],
  "Sohag": [
    31.69478,
    26.55695
  ],
  "Suez": [
    32.52627,
    29.97371
  ],
  "Sumus\u0163\u0101 as Sul\u0163\u0101n\u012b": [
    30.85,
    28.91667
  ],
  "S\u012bd\u012b S\u0101lim": [
    30.78665,
    31.27105
  ],
  "Tal\u0101": [
    30.94292,
    30.68025
  ],
  "Tanda": [
    31.00192,
    30.78847
  ],
  "Tor": [
    33.6254,
    28.23638
  ],
  "Toukh": [
    31.20071,
    30.35394
  ],
  "Zagazig": [
    31.502,
    30.58768
  ],
  "Zift\u00e1": [
    31.24425,
    30.7142
  ],
  "\u0162ah\u0163\u0101": [
    31.50214,
    26.7693
  ],
  "\u0162alkh\u0101": [
    31.37787,
    31.0539
  ],
  "\u0162\u0101miyah": [
    30.96119,
    29.47639
  ],
  "\u1e28alw\u0101n": [
    31.30084,
    29.84144
  ],
  "\u1e28awsh \u2018\u012as\u00e1": [
    30.29018,
    30.9128
  ],
  "\u2018Izbat al Burj": [
    31.84106,
    31.5084
  ]
}
