{
  "Dakhla": [
    -15.95798,
    23.68477
  ],
  "Laayoune Plage": [
    -13.41583,
    27.09611
  ],
  "La\u00e2youne / El Aai\u00fan": [
    -13.20315,
    27.16224
  ],
  "Smara": [
    -11.67194,
    26.73841
  ]
}
