{
  "Adi Keyh": [
    39.37722,
    14.84444
  ],
  "Ak\u2019ordat": [
    37.88291,
    15.54798
  ],
  "Asmara": [
    38.93184,
    15.33805
  ],
  "Assab": [
    42.73944,
    13.00917
  ],
  "Barentu": [
    37.59067,
    15.10582
  ],
  "Dek\u2019emh\u0101re": [
    39.0475,
    15.07
  ],
  "Edd": [
    41.6938,
    13.93088
  ],
  "Keren": [
    38.45107,
    15.77792
  ],
  "Massawa": [
    39.47455,
    15.60811
  ],
  "Mendefera": [
    38.81528,
    14.88722
  ],
  "Teseney": [
    36.6575,
    15.11
  ]
}
