{
  "Abomsa": [
    39.98333,
    9.98333
  ],
  "Addiet Canna": [
    37.48333,
    11.26667
  ],
  "Addis Ababa": [
    38.74689,
    9.02497
  ],
  "Asaita": [
    41.43869,
    11.56838
  ],
  "Bahir Dar": [
    37.39077,
    11.59364
  ],
  "Bako": [
    36.56667,
    5.78333
  ],
  "Bat\u012b": [
    40.01675,
    11.19152
  ],
  "Bedel\u0113": [
    36.35302,
    8.456
  ],
  "Bed\u0113sa": [
    40.78333,
    8.9
  ],
  "Bichena": [
    38.2,
    10.45
  ],
  "Bod\u012bt\u012b": [
    37.86667,
    6.96667
  ],
  "Bonga": [
    36.23333,
    7.28333
  ],
  "Bur\u0113": [
    37.06667,
    10.7
  ],
  "Butaj\u012bra": [
    38.36667,
    8.11667
  ],
  "Dabat": [
    37.765,
    12.98417
  ],
  "Debark\u2019": [
    37.89806,
    13.15611
  ],
  "Debre Birhan": [
    39.53262,
    9.67954
  ],
  "Debre Mark\u2019os": [
    37.73333,
    10.35
  ],
  "Debre S\u012bna": [
    39.76027,
    9.84752
  ],
  "Debre Tabor": [
    38.01667,
    11.85
  ],
  "Debre Werk\u2019": [
    38.16667,
    10.66667
  ],
  "Debre Zeyit": [
    38.98333,
    8.75
  ],
  "Deder": [
    41.44301,
    9.31168
  ],
  "Dejen": [
    38.13333,
    10.16667
  ],
  "Demb\u012b Dolo": [
    34.8,
    8.53333
  ],
  "Des\u0113": [
    39.63333,
    11.13333
  ],
  "Dire Dawa": [
    41.86611,
    9.59306
  ],
  "Dodola": [
    39.18333,
    6.98333
  ],
  "Dubt\u012b": [
    41.08528,
    11.73611
  ],
  "D\u012bla": [
    38.31667,
    6.41667
  ],
  "Felege Neway": [
    36.88333,
    6.3
  ],
  "Fich\u0113": [
    38.73333,
    9.8
  ],
  "Finote Selam": [
    37.26667,
    10.7
  ],
  "Gamb\u0113la": [
    34.58333,
    8.25
  ],
  "Gebre Guracha": [
    38.4,
    9.8
  ],
  "Gelemso": [
    40.51667,
    8.81667
  ],
  "Genet": [
    38.5,
    9.06667
  ],
  "Gewan\u0113": [
    40.64689,
    10.16658
  ],
  "Gimbi": [
    35.83491,
    9.17031
  ],
  "Ginir": [
    40.71083,
    7.13952
  ],
  "Giyon": [
    37.98333,
    8.53333
  ],
  "Goba": [
    39.98333,
    7.01667
  ],
  "Gondar": [
    37.46667,
    12.6
  ],
  "Gor\u0113": [
    35.53333,
    8.15
  ],
  "Guder": [
    37.76667,
    8.96667
  ],
  "G\u0113do": [
    37.45,
    9.01667
  ],
  "G\u012bdol\u0113": [
    37.36667,
    5.65
  ],
  "Hagere Maryam": [
    38.23603,
    5.63418
  ],
  "Harar": [
    42.11815,
    9.31387
  ],
  "Hawassa": [
    38.47635,
    7.06205
  ],
  "Huruta": [
    39.35,
    8.15
  ],
  "H\u0101gere Hiywet": [
    37.85,
    8.98333
  ],
  "H\u0101gere Selam": [
    38.51667,
    6.48333
  ],
  "H\u012brna": [
    41.1,
    9.21667
  ],
  "Inda Silas\u0113": [
    38.28289,
    14.10307
  ],
  "Jijiga": [
    42.8,
    9.35
  ],
  "Jinka": [
    36.65,
    5.65
  ],
  "J\u012bma": [
    36.83333,
    7.66667
  ],
  "Kemis\u0113": [
    39.86997,
    10.71668
  ],
  "Kibre Mengist": [
    38.98333,
    5.88333
  ],
  "Kofel\u0113": [
    38.78333,
    7.06667
  ],
  "Kombolcha": [
    39.74339,
    11.08155
  ],
  "Konso": [
    37.48333,
    5.25
  ],
  "Korem": [
    39.52278,
    12.50583
  ],
  "K\u2019ol\u012bto": [
    38.08333,
    7.31667
  ],
  "Lal\u012bbela": [
    39.03333,
    12.03333
  ],
  "Leku": [
    38.44425,
    6.87309
  ],
  "Lobuni": [
    36.1,
    4.83333
  ],
  "Maych\u2019ew": [
    39.54222,
    12.7875
  ],
  "Mekele": [
    39.47528,
    13.49667
  ],
  "Mend\u012b": [
    35.1,
    9.8
  ],
  "Metah\u0101ra": [
    39.91667,
    8.9
  ],
  "Metu": [
    35.58333,
    8.3
  ],
  "Mojo": [
    39.11667,
    8.6
  ],
  "M\u0113ga": [
    38.3,
    4.05
  ],
  "M\u012bzan Tefer\u012b": [
    35.58948,
    6.99674
  ],
  "Nazr\u0113t": [
    39.26667,
    8.55
  ],
  "Nejo": [
    35.5,
    9.5
  ],
  "Rob\u012bt": [
    39.63333,
    12.01667
  ],
  "Sebeta": [
    38.61667,
    8.91667
  ],
  "Semera": [
    41.20098,
    11.50099
  ],
  "Sendafa": [
    39.02335,
    9.15202
  ],
  "Shak\u012bso": [
    38.91667,
    5.75
  ],
  "Shambu": [
    37.1,
    9.56667
  ],
  "Shashemen\u0113": [
    38.6,
    7.2
  ],
  "Sirre": [
    39.48333,
    8.31667
  ],
  "Tippi": [
    35.45,
    7.2
  ],
  "Tulu Bolo": [
    38.21667,
    8.66667
  ],
  "Turmi": [
    36.48333,
    4.96667
  ],
  "Wendo": [
    38.41667,
    6.6
  ],
  "Wenj\u012b": [
    39.28333,
    8.45
  ],
  "Were \u012alu": [
    39.43767,
    10.58964
  ],
  "Werota": [
    37.7,
    11.91667
  ],
  "Yab\u0113lo": [
    38.08333,
    4.88333
  ],
  "Yirga \u2018Alem": [
    38.41667,
    6.75
  ],
  "Ziway": [
    38.71667,
    7.93333
  ],
  "\u0100d\u012bgrat": [
    39.462,
    14.277
  ],
  "\u0100d\u012bs Zemen": [
    37.78333,
    12.11667
  ],
  "\u0100d\u012bs \u2018Alem": [
    38.4,
    9.03333
  ],
  "\u0100garo": [
    36.65,
    7.85
  ],
  "\u0100ksum": [
    38.72444,
    14.12448
  ],
  "\u0100rba Minch\u2019": [
    37.55,
    6.03333
  ],
  "\u0100reka": [
    37.7,
    7.06667
  ],
  "\u0100sasa": [
    39.2,
    7.1
  ],
  "\u0100sbe Tefer\u012b": [
    40.86708,
    9.08569
  ],
  "\u0100sosa": [
    34.53333,
    10.06667
  ],
  "\u0100wash": [
    40.16667,
    8.98333
  ]
}
