{
  "Argir": [
    -6.77154,
    61.99595
  ],
  "Ei\u00f0i": [
    -7.09245,
    62.2993
  ],
  "Eystur": [
    -6.75247,
    62.20907
  ],
  "Fuglafj\u00f8r\u00f0ur": [
    -6.81395,
    62.24398
  ],
  "Hoyv\u00edk": [
    -6.78127,
    62.03407
  ],
  "Klaksv\u00edk": [
    -6.58901,
    62.22655
  ],
  "Kollafj\u00f8r\u00f0ur": [
    -6.91067,
    62.11167
  ],
  "Mi\u00f0v\u00e1gur": [
    -7.19389,
    62.05111
  ],
  "Sandur": [
    -6.80778,
    61.8425
  ],
  "S\u00f8rv\u00e1gur": [
    -7.3577,
    62.09726
  ],
  "Tv\u00f8royri": [
    -6.81109,
    61.55557
  ],
  "T\u00f3rshavn": [
    -6.77164,
    62.00973
  ],
  "Vestmanna": [
    -7.16639,
    62.15639
  ],
  "V\u00e1gur": [
    -6.81185,
    61.47324
  ]
}
