{
  "Bitam": [
    11.50065,
    2.07597
  ],
  "Boou\u00e9": [
    11.93846,
    -0.09207
  ],
  "Cocobeach": [
    9.58228,
    1.00019
  ],
  "Fougamou": [
    10.58378,
    -1.21544
  ],
  "Franceville": [
    13.58357,
    -1.63333
  ],
  "Gamba": [
    10,
    -2.65
  ],
  "Koulamoutou": [
    12.47359,
    -1.13032
  ],
  "Lambar\u00e9n\u00e9": [
    10.24055,
    -0.7001
  ],
  "Lastoursville": [
    12.70818,
    -0.81742
  ],
  "Libreville": [
    9.45356,
    0.39241
  ],
  "L\u00e9koni": [
    14.25905,
    -1.58431
  ],
  "Makokou": [
    12.86419,
    0.57381
  ],
  "Mayumba": [
    10.6554,
    -3.43198
  ],
  "Mbigou": [
    11.906,
    -1.90046
  ],
  "Mimongo": [
    11.60675,
    -1.61952
  ],
  "Mitzic": [
    11.54904,
    0.78206
  ],
  "Moanda": [
    13.21775,
    -1.55746
  ],
  "Mouila": [
    11.05594,
    -1.86846
  ],
  "Mounana": [
    13.15857,
    -1.4085
  ],
  "Ndend\u00e9": [
    11.35813,
    -2.40077
  ],
  "Ndjol\u00e9": [
    10.76488,
    -0.17827
  ],
  "Ntoum": [
    9.76096,
    0.39051
  ],
  "Okondja": [
    13.67533,
    -0.65487
  ],
  "Ombou\u00e9": [
    9.26184,
    -1.57464
  ],
  "Oyem": [
    11.57933,
    1.5995
  ],
  "Port-Gentil": [
    8.78151,
    -0.71933
  ],
  "Tchibanga": [
    11.03333,
    -2.85
  ]
}
