{
  "Gouyave": [
    -61.72965,
    12.16462
  ],
  "Grenville": [
    -61.62498,
    12.12278
  ],
  "Hillsborough": [
    -61.45597,
    12.48292
  ],
  "Saint David\u2019s": [
    -61.66874,
    12.04903
  ],
  "Saint George's": [
    -61.74849,
    12.05644
  ],
  "Sauteurs": [
    -61.63333,
    12.21667
  ],
  "Victoria": [
    -61.70677,
    12.19021
  ]
}
