{
  "Abasha": [
    42.22111,
    42.20959
  ],
  "Abastumani": [
    42.84572,
    41.7075
  ],
  "Adigeni": [
    42.69867,
    41.6819
  ],
  "Agara": [
    43.82382,
    42.03761
  ],
  "Akhaldaba": [
    42.15163,
    41.65395
  ],
  "Akhalgori": [
    44.48333,
    42.12597
  ],
  "Akhalk\u2019alak\u2019i": [
    43.48629,
    41.40514
  ],
  "Akhalts\u2019ikhe": [
    42.98262,
    41.63901
  ],
  "Akhmeta": [
    45.2075,
    42.03111
  ],
  "Ambrolauri": [
    43.14949,
    42.52652
  ],
  "Aspindza": [
    43.24826,
    41.57389
  ],
  "Bagdadi": [
    46.03333,
    41.81667
  ],
  "Bakuriani": [
    43.5325,
    41.74972
  ],
  "Bakurianis Andeziti": [
    43.47242,
    41.73371
  ],
  "Batumi": [
    41.63593,
    41.64159
  ],
  "Bichvint\u2019a": [
    40.34102,
    43.16198
  ],
  "Bolnisi": [
    44.53838,
    41.44794
  ],
  "Borjomi": [
    43.41284,
    41.85272
  ],
  "Didi Lilo": [
    44.96472,
    41.73611
  ],
  "Dioknisi": [
    42.39171,
    41.62933
  ],
  "Dmanisi": [
    44.3472,
    41.52514
  ],
  "Dranda": [
    41.15333,
    42.87167
  ],
  "Gagra": [
    40.25614,
    43.30387
  ],
  "Gali": [
    41.73808,
    42.62655
  ],
  "Gant\u2019iadi": [
    40.07944,
    43.38111
  ],
  "Gardabani": [
    45.09283,
    41.46054
  ],
  "Gori": [
    44.11578,
    41.98422
  ],
  "Gudaut\u2019a": [
    40.62067,
    43.10547
  ],
  "Gurjaani": [
    45.80111,
    41.74292
  ],
  "Java": [
    43.93667,
    42.39972
  ],
  "Jvari": [
    42.052,
    42.71692
  ],
  "K'ut'aisi": [
    42.69459,
    42.26791
  ],
  "Kaspi": [
    44.42568,
    41.9252
  ],
  "Kelasuri": [
    41.07067,
    42.97877
  ],
  "Kharagauli": [
    43.19773,
    42.02137
  ],
  "Khashuri": [
    43.59994,
    41.99414
  ],
  "Khobi": [
    41.89871,
    42.31558
  ],
  "Khoni": [
    42.42061,
    42.3226
  ],
  "Kobuleti": [
    41.77528,
    41.82
  ],
  "Kulashi": [
    42.34944,
    42.20444
  ],
  "K\u2019veda Ch\u2019khorotsqu": [
    42.09661,
    42.48103
  ],
  "Lagodekhi": [
    46.27667,
    41.82681
  ],
  "Lent\u2019ekhi": [
    42.72611,
    42.78556
  ],
  "Makhinjauri": [
    41.69401,
    41.67385
  ],
  "Manglisi": [
    44.38448,
    41.69698
  ],
  "Marneuli": [
    44.80894,
    41.47588
  ],
  "Martvili": [
    42.37924,
    42.41436
  ],
  "Mestia": [
    42.7278,
    43.04581
  ],
  "Mts\u2019khet\u2019a": [
    44.71875,
    41.84514
  ],
  "Naghvarevi": [
    44.76178,
    41.35272
  ],
  "Naruja": [
    41.95417,
    41.90694
  ],
  "Ninotsminda": [
    43.5916,
    41.26458
  ],
  "Ochkhamuri": [
    41.85309,
    41.85975
  ],
  "Och\u2019amch\u2019ire": [
    41.46863,
    42.71232
  ],
  "Oni": [
    43.4425,
    42.57944
  ],
  "Ozurget\u2019i": [
    42.00682,
    41.92442
  ],
  "Primorskoe": [
    40.6965,
    43.09236
  ],
  "P\u2019asanauri": [
    44.68912,
    42.3506
  ],
  "P\u2019ot\u2019i": [
    41.67197,
    42.14616
  ],
  "Qvareli": [
    45.81716,
    41.95492
  ],
  "Rust\u2019avi": [
    44.99323,
    41.54949
  ],
  "Sagarejo": [
    45.33148,
    41.73397
  ],
  "Samtredia": [
    42.33517,
    42.1537
  ],
  "Senaki": [
    42.0675,
    42.27042
  ],
  "Shorapani": [
    43.08662,
    42.0898
  ],
  "Sighnaghi": [
    45.92198,
    41.62046
  ],
  "Sokhumi": [
    40.9893,
    43.00697
  ],
  "Stantsiya Novyy Afon": [
    40.83833,
    43.08056
  ],
  "Step\u2019antsminda": [
    44.64333,
    42.65667
  ],
  "Surami": [
    43.55556,
    42.02431
  ],
  "Tbilisi": [
    44.83368,
    41.69411
  ],
  "Tqibuli": [
    42.99874,
    42.35121
  ],
  "Tqvarch'eli": [
    41.68007,
    42.84035
  ],
  "Tsaghveri": [
    43.48194,
    41.80365
  ],
  "Tsalenjikha": [
    42.06825,
    42.60444
  ],
  "Tsalka": [
    44.08909,
    41.5946
  ],
  "Tsinandali": [
    45.57129,
    41.89315
  ],
  "Tsnori": [
    45.96943,
    41.62088
  ],
  "Tsqaltubo": [
    42.5976,
    42.34129
  ],
  "Tsqnet\u2019i": [
    44.69861,
    41.69472
  ],
  "Ts\u2019khinvali": [
    43.96861,
    42.22764
  ],
  "T\u2019elavi": [
    45.47315,
    41.91978
  ],
  "T\u2019et\u2019ri Tsqaro": [
    44.46153,
    41.54448
  ],
  "T\u2019ianet\u2019i": [
    44.96389,
    42.10833
  ],
  "Urek\u2019i": [
    41.77861,
    41.99556
  ],
  "Vale": [
    42.87224,
    41.61558
  ],
  "Vani": [
    42.52163,
    42.0832
  ],
  "Zahesi": [
    44.75361,
    41.82458
  ],
  "Zestap\u2019oni": [
    43.0525,
    42.11
  ],
  "Zhinvali": [
    44.77264,
    42.13181
  ],
  "Zugdidi": [
    41.87088,
    42.5088
  ]
}
