{
  "Apatou": [
    -54.34722,
    5.155
  ],
  "Camopi": [
    -52.31575,
    3.16548
  ],
  "Cayenne": [
    -52.33333,
    4.93333
  ],
  "Grand-Santi": [
    -54.38333,
    4.25
  ],
  "Iracoubo": [
    -53.20109,
    5.48024
  ],
  "Kourou": [
    -52.64779,
    5.15518
  ],
  "Macouria": [
    -52.37632,
    4.91164
  ],
  "Mana": [
    -53.77666,
    5.65919
  ],
  "Matoury": [
    -52.32156,
    4.847
  ],
  "Roura": [
    -52.32742,
    4.72629
  ],
  "R\u00e9mire-Montjoly": [
    -52.26667,
    4.91667
  ],
  "Saint-Georges-de-l'Oyapock": [
    -51.8,
    3.9
  ],
  "Saint-Laurent-du-Maroni": [
    -54.03333,
    5.5
  ],
  "Sinnamary": [
    -52.95,
    5.38333
  ]
}
