{
  "Aboso": [
    -1.94732,
    5.3617
  ],
  "Aburi": [
    -0.17449,
    5.84802
  ],
  "Accra": [
    -0.1969,
    5.55602
  ],
  "Achiaman": [
    -0.33333,
    5.7
  ],
  "Agogo": [
    -1.08193,
    6.80004
  ],
  "Akim Oda": [
    -0.98577,
    5.92665
  ],
  "Akim Swedru": [
    -1.01636,
    5.8938
  ],
  "Akropong": [
    -0.08542,
    5.97462
  ],
  "Akwatia": [
    -0.80876,
    6.04024
  ],
  "Anloga": [
    0.89728,
    5.79473
  ],
  "Apam": [
    -0.73711,
    5.28483
  ],
  "Asamankese": [
    -0.6635,
    5.86006
  ],
  "Axim": [
    -2.24046,
    4.86992
  ],
  "Bawku": [
    -0.24168,
    11.0616
  ],
  "Bechem": [
    -2.02498,
    7.09034
  ],
  "Begoro": [
    -0.37738,
    6.38706
  ],
  "Bekwai": [
    -1.57741,
    6.45335
  ],
  "Berekum": [
    -2.58404,
    7.4534
  ],
  "Bibiani": [
    -2.31938,
    6.46346
  ],
  "Bolgatanga": [
    -0.85139,
    10.78556
  ],
  "Cape Coast": [
    -1.2466,
    5.10535
  ],
  "Dome": [
    -0.2361,
    5.65003
  ],
  "Duayaw Nkwanta": [
    -2.1028,
    7.17242
  ],
  "Dunkwa": [
    -1.77995,
    5.96562
  ],
  "Ejura": [
    -1.35617,
    7.38558
  ],
  "Elmina": [
    -1.35093,
    5.0847
  ],
  "Foso": [
    -1.28657,
    5.70119
  ],
  "Gbawe": [
    -0.31035,
    5.57714
  ],
  "Ho": [
    0.4713,
    6.60084
  ],
  "Hohoe": [
    0.47362,
    7.15181
  ],
  "Kasoa": [
    -0.41679,
    5.53449
  ],
  "Keta": [
    0.9879,
    5.91793
  ],
  "Kete Krachi": [
    -0.0498,
    7.79391
  ],
  "Kibi": [
    -0.55376,
    6.16494
  ],
  "Kintampo": [
    -1.73058,
    8.05627
  ],
  "Koforidua": [
    -0.25913,
    6.09408
  ],
  "Konongo": [
    -1.21667,
    6.61667
  ],
  "Kpandae": [
    -0.01127,
    8.46885
  ],
  "Kpandu": [
    0.29306,
    6.99536
  ],
  "Kumasi": [
    -1.62443,
    6.68848
  ],
  "Mampong": [
    -1.4001,
    7.06273
  ],
  "Mamponteng": [
    -1.55,
    6.73333
  ],
  "Medina Estates": [
    -0.16308,
    5.6658
  ],
  "Mpraeso": [
    -0.73462,
    6.5932
  ],
  "Mumford": [
    -0.75897,
    5.26176
  ],
  "Navrongo": [
    -1.0921,
    10.89557
  ],
  "Nkawkaw": [
    -0.7662,
    6.55121
  ],
  "Nsawam": [
    -0.35026,
    5.80893
  ],
  "Nungua": [
    -0.07713,
    5.60106
  ],
  "Obuasi": [
    -1.66191,
    6.20602
  ],
  "Prestea": [
    -2.14284,
    5.43274
  ],
  "Salaga": [
    -0.51875,
    8.55083
  ],
  "Saltpond": [
    -1.06058,
    5.20913
  ],
  "Savelugu": [
    -0.8253,
    9.62441
  ],
  "Sekondi-Takoradi": [
    -1.7137,
    4.934
  ],
  "Shama Junction": [
    -1.63011,
    5.00872
  ],
  "Suhum": [
    -0.45004,
    6.04089
  ],
  "Sunyani": [
    -2.32676,
    7.33991
  ],
  "Swedru": [
    -0.69984,
    5.53711
  ],
  "Tafo": [
    -1.61275,
    6.73453
  ],
  "Takoradi": [
    -1.75536,
    4.88447
  ],
  "Tamale": [
    -0.8393,
    9.40078
  ],
  "Tarkwa": [
    -1.98474,
    5.30644
  ],
  "Techiman": [
    -1.94137,
    7.58616
  ],
  "Tema": [
    -0.01657,
    5.6698
  ],
  "Teshi Old Town": [
    -0.10722,
    5.58365
  ],
  "Wa": [
    -2.50192,
    10.06069
  ],
  "Wenchi": [
    -2.10456,
    7.73916
  ],
  "Winneba": [
    -0.62313,
    5.35113
  ],
  "Yendi": [
    -0.00991,
    9.44272
  ]
}
