{
  "Abuko": [
    -16.65583,
    13.40417
  ],
  "Bakadagy": [
    -14.38333,
    13.3
  ],
  "Bakau": [
    -16.68194,
    13.47806
  ],
  "Bambali": [
    -15.33333,
    13.48333
  ],
  "Banjul": [
    -16.57803,
    13.45274
  ],
  "Bansang": [
    -14.65,
    13.43333
  ],
  "Bantanto": [
    -14.65,
    13.41667
  ],
  "Baro Kunda": [
    -15.26667,
    13.48333
  ],
  "Barra": [
    -16.54556,
    13.48278
  ],
  "Basse Santa Su": [
    -14.21373,
    13.30995
  ],
  "Brifu": [
    -13.93333,
    13.5
  ],
  "Brikama": [
    -16.64944,
    13.27136
  ],
  "Brikama Nding": [
    -14.93333,
    13.53333
  ],
  "Bureng": [
    -15.28333,
    13.41667
  ],
  "Chilla": [
    -16.28333,
    13.55
  ],
  "Daba Kunda": [
    -14.3,
    13.31667
  ],
  "Dankunku": [
    -15.31667,
    13.56667
  ],
  "Daru Rilwan": [
    -15.98333,
    13.55
  ],
  "Demba Kunda": [
    -14.26667,
    13.25
  ],
  "Denton": [
    -14.93333,
    13.5
  ],
  "Diabugu": [
    -14.4,
    13.38333
  ],
  "Diabugu Basilla": [
    -13.95,
    13.33333
  ],
  "Essau": [
    -16.53472,
    13.48389
  ],
  "Farafenni": [
    -15.6,
    13.56667
  ],
  "Galleh Manda": [
    -14.78333,
    13.43333
  ],
  "Georgetown": [
    -14.76667,
    13.53333
  ],
  "Gunjur": [
    -16.73389,
    13.20194
  ],
  "Gunjur Kuta": [
    -14.11667,
    13.53333
  ],
  "Jakhaly": [
    -14.96667,
    13.55
  ],
  "Jali": [
    -15.96667,
    13.35
  ],
  "Jarreng": [
    -15.18333,
    13.61667
  ],
  "Jenoi": [
    -15.56667,
    13.48333
  ],
  "Jifarong": [
    -15.86667,
    13.3
  ],
  "Kaiaf": [
    -15.61667,
    13.4
  ],
  "Karantaba": [
    -15.51667,
    13.43333
  ],
  "Kass Wollof": [
    -14.93333,
    13.78333
  ],
  "Katchang": [
    -15.75,
    13.5
  ],
  "Keneba": [
    -16.015,
    13.32889
  ],
  "Kerewan": [
    -16.08879,
    13.4898
  ],
  "Koina": [
    -13.86667,
    13.48333
  ],
  "Kumbija": [
    -14.18333,
    13.26667
  ],
  "Kuntaur": [
    -14.88333,
    13.66667
  ],
  "Kunting": [
    -14.66667,
    13.53333
  ],
  "Lamin": [
    -16.43389,
    13.35222
  ],
  "Mansa Konko": [
    -15.55,
    13.46667
  ],
  "Nioro": [
    -15.75,
    13.35
  ],
  "No Kunda": [
    -15.83333,
    13.56667
  ],
  "Nyamanari": [
    -13.86667,
    13.33333
  ],
  "Pateh Sam": [
    -15.06667,
    13.61667
  ],
  "Perai": [
    -14.03333,
    13.38333
  ],
  "Saba": [
    -16.04917,
    13.51639
  ],
  "Sabi": [
    -14.2,
    13.23333
  ],
  "Sami": [
    -15.2,
    13.58333
  ],
  "Sankwia": [
    -15.51667,
    13.46667
  ],
  "Sara Kunda": [
    -15.41667,
    13.53333
  ],
  "Saruja": [
    -14.91667,
    13.55
  ],
  "Si Kunda": [
    -15.56667,
    13.43333
  ],
  "Soma": [
    -15.53333,
    13.43333
  ],
  "Somita": [
    -16.30556,
    13.20583
  ],
  "Sudowol": [
    -13.96667,
    13.36667
  ],
  "Sukuta": [
    -16.70815,
    13.41033
  ],
  "Sun Kunda": [
    -13.85,
    13.38333
  ],
  "Sutukoba": [
    -14.01667,
    13.5
  ],
  "Sutukung": [
    -15.26667,
    13.46667
  ],
  "Toniataba": [
    -15.58333,
    13.43333
  ],
  "Wassu": [
    -14.87884,
    13.69094
  ],
  "Wellingara Ba": [
    -15.4,
    13.41667
  ]
}
