{
  "Beyla": [
    -8.63333,
    8.68333
  ],
  "Boffa": [
    -14.03333,
    10.16667
  ],
  "Bok\u00e9": [
    -14.29665,
    10.94094
  ],
  "Camayenne": [
    -13.68778,
    9.535
  ],
  "Conakry": [
    -13.67729,
    9.53795
  ],
  "Coyah": [
    -13.37694,
    9.70556
  ],
  "Dabola": [
    -11.11667,
    10.75
  ],
  "Dalaba": [
    -12.25,
    10.7
  ],
  "Dinguiraye": [
    -10.71667,
    11.3
  ],
  "Dubr\u00e9ka": [
    -13.52333,
    9.79111
  ],
  "Faranah": [
    -10.74343,
    10.04036
  ],
  "For\u00e9cariah": [
    -13.08806,
    9.43056
  ],
  "Fria": [
    -13.53333,
    10.45
  ],
  "Gaoual": [
    -13.2,
    11.75
  ],
  "Gueckedou": [
    -10.1336,
    8.56744
  ],
  "Kamsar": [
    -14.6,
    10.66667
  ],
  "Kankan": [
    -9.30568,
    10.38542
  ],
  "Kimbo": [
    -13.55,
    10.4
  ],
  "Kindia": [
    -12.86576,
    10.05692
  ],
  "Kissidougou": [
    -10.09987,
    9.1848
  ],
  "Koubia": [
    -11.9,
    11.58333
  ],
  "Koundara": [
    -13.3,
    12.48333
  ],
  "Kouroussa": [
    -9.88333,
    10.65
  ],
  "K\u00e9rouan\u00e9": [
    -9.01667,
    9.26667
  ],
  "Lab\u00e9": [
    -12.28332,
    11.31823
  ],
  "Lola": [
    -8.53333,
    7.8
  ],
  "L\u00e9louma": [
    -12.93333,
    11.18333
  ],
  "Macenta": [
    -9.47099,
    8.54351
  ],
  "Mali": [
    -12.2982,
    12.079
  ],
  "Mamou": [
    -12.09148,
    10.37546
  ],
  "Mandiana": [
    -8.68333,
    10.63333
  ],
  "Nz\u00e9r\u00e9kor\u00e9": [
    -8.8179,
    7.75624
  ],
  "Pita": [
    -12.4,
    11.08333
  ],
  "Sangu\u00e9ya": [
    -14.36667,
    10.7
  ],
  "Siguiri": [
    -9.16852,
    11.42282
  ],
  "Tokonou": [
    -9.78333,
    9.65
  ],
  "Tondon": [
    -13.35,
    10.36667
  ],
  "Tougu\u00e9": [
    -11.68333,
    11.45
  ],
  "T\u00e9lim\u00e9l\u00e9": [
    -13.03333,
    10.9
  ],
  "Yomou": [
    -9.26528,
    7.56028
  ],
  "Youkounkoun": [
    -13.1224,
    12.5311
  ]
}
