{
  "Anse-Bertrand": [
    -61.50778,
    16.47206
  ],
  "Baie-Mahault": [
    -61.58543,
    16.26738
  ],
  "Baillif": [
    -61.74632,
    16.02018
  ],
  "Basse-Terre": [
    -61.72548,
    15.99854
  ],
  "Bouillante": [
    -61.76919,
    16.13041
  ],
  "Capesterre-Belle-Eau": [
    -61.56596,
    16.04322
  ],
  "Gourbeyre": [
    -61.69138,
    15.99378
  ],
  "Grand-Bourg": [
    -61.31484,
    15.88346
  ],
  "Grande Anse": [
    -61.07406,
    16.30351
  ],
  "Lamentin": [
    -61.63124,
    16.27105
  ],
  "Le Gosier": [
    -61.49329,
    16.20685
  ],
  "Le Moule": [
    -61.34728,
    16.33315
  ],
  "Les Abymes": [
    -61.50451,
    16.27095
  ],
  "Petit-Bourg": [
    -61.59159,
    16.19135
  ],
  "Petit-Canal": [
    -61.48788,
    16.37836
  ],
  "Pointe-Noire": [
    -61.78783,
    16.23086
  ],
  "Pointe-\u00e0-Pitre": [
    -61.5343,
    16.2422
  ],
  "Port-Louis": [
    -61.53131,
    16.41901
  ],
  "Saint-Claude": [
    -61.70215,
    16.02409
  ],
  "Saint-Fran\u00e7ois": [
    -61.27414,
    16.25264
  ],
  "Sainte-Anne": [
    -61.37919,
    16.22636
  ],
  "Sainte-Rose": [
    -61.69793,
    16.33238
  ],
  "Terre-de-Bas": [
    -61.64417,
    15.85011
  ],
  "Trois-Rivi\u00e8res": [
    -61.64509,
    15.97567
  ],
  "Vieux-Habitants": [
    -61.76595,
    16.0589
  ]
}
