{
  "Acatenango": [
    -90.94222,
    14.55194
  ],
  "Agua Blanca": [
    -89.65,
    14.5
  ],
  "Aguacat\u00e1n": [
    -91.31167,
    15.34306
  ],
  "Almolonga": [
    -91.5,
    14.81667
  ],
  "Alotenango": [
    -90.8075,
    14.48028
  ],
  "Amatitl\u00e1n": [
    -90.61528,
    14.4875
  ],
  "Antigua Guatemala": [
    -90.73444,
    14.56111
  ],
  "Asunci\u00f3n Mita": [
    -89.71083,
    14.33083
  ],
  "Atescatempa": [
    -89.7425,
    14.17444
  ],
  "Barberena": [
    -90.36111,
    14.30944
  ],
  "Barillas": [
    -91.31583,
    15.80361
  ],
  "Caba\u00f1as": [
    -89.8,
    14.93333
  ],
  "Cabric\u00e1n": [
    -91.61667,
    15.13333
  ],
  "Cahab\u00f3n": [
    -89.81667,
    15.56667
  ],
  "Cajol\u00e1": [
    -91.61667,
    14.91667
  ],
  "Camot\u00e1n": [
    -89.36667,
    14.81667
  ],
  "Canill\u00e1": [
    -90.85,
    15.16667
  ],
  "Cantel": [
    -91.45,
    14.81667
  ],
  "Casillas": [
    -90.24417,
    14.42222
  ],
  "Catarina": [
    -92.08333,
    14.85
  ],
  "Chahal": [
    -89.60432,
    15.79561
  ],
  "Chajul": [
    -91.03417,
    15.48528
  ],
  "Champerico": [
    -91.91667,
    14.3
  ],
  "Chiantla": [
    -91.45833,
    15.35472
  ],
  "Chicacao": [
    -91.31667,
    14.53333
  ],
  "Chicam\u00e1n": [
    -90.76667,
    15.4
  ],
  "Chichicastenango": [
    -91.11667,
    14.93333
  ],
  "Chich\u00e9": [
    -91.065,
    15.00861
  ],
  "Chimaltenango": [
    -90.81944,
    14.66111
  ],
  "Chinautla": [
    -90.49944,
    14.70833
  ],
  "Chinique": [
    -91.02583,
    15.04472
  ],
  "Chiquimula": [
    -89.54583,
    14.8
  ],
  "Chiquimulilla": [
    -90.37667,
    14.08583
  ],
  "Chisec": [
    -90.28333,
    15.81667
  ],
  "Chuarrancho": [
    -90.50861,
    14.82167
  ],
  "Ciudad Melchor de Mencos": [
    -89.15222,
    17.06861
  ],
  "Ciudad Tec\u00fan Um\u00e1n": [
    -92.15,
    14.66667
  ],
  "Ciudad Vieja": [
    -90.75972,
    14.52639
  ],
  "Coatepeque": [
    -91.86667,
    14.7
  ],
  "Cob\u00e1n": [
    -90.37083,
    15.47083
  ],
  "Colomba": [
    -91.73333,
    14.71667
  ],
  "Colotenango": [
    -91.71267,
    15.40602
  ],
  "Comalapa": [
    -90.8875,
    14.74111
  ],
  "Comapa": [
    -89.91667,
    14.11667
  ],
  "Comitancillo": [
    -91.71667,
    15.08333
  ],
  "Concepci\u00f3n": [
    -91.15,
    14.78333
  ],
  "Concepci\u00f3n Chiquirichapa": [
    -91.61667,
    14.85
  ],
  "Concepci\u00f3n Las Minas": [
    -89.45,
    14.51667
  ],
  "Concepci\u00f3n Tutuapa": [
    -91.78333,
    15.28333
  ],
  "Conguaco": [
    -90.03111,
    14.04417
  ],
  "Cubulco": [
    -90.58333,
    15.13333
  ],
  "Cuilapa": [
    -90.29889,
    14.27639
  ],
  "Cuilco": [
    -91.96667,
    15.4
  ],
  "Cun\u00e9n": [
    -91.02694,
    15.3375
  ],
  "Cuyotenango": [
    -91.56667,
    14.53333
  ],
  "Dolores": [
    -89.41583,
    16.51417
  ],
  "El Adelanto": [
    -89.83333,
    14.16667
  ],
  "El Asintal": [
    -91.73333,
    14.6
  ],
  "El Chol": [
    -90.48056,
    14.96417
  ],
  "El Estor": [
    -89.35,
    15.53333
  ],
  "El J\u00edcaro": [
    -89.9,
    14.91667
  ],
  "El Palmar": [
    -91.58333,
    14.65
  ],
  "El Progreso": [
    -89.85,
    14.35
  ],
  "El Quetzal": [
    -91.81667,
    14.76667
  ],
  "El Rodeo": [
    -91.96667,
    14.91667
  ],
  "El Tejar": [
    -90.79278,
    14.64778
  ],
  "El Tumbador": [
    -91.93333,
    14.86667
  ],
  "Escuintla": [
    -90.785,
    14.305
  ],
  "Esquipulas": [
    -89.35,
    14.56667
  ],
  "Esquipulas Palo Gordo": [
    -91.81667,
    14.93333
  ],
  "Estanzuela": [
    -89.56667,
    15
  ],
  "Flores": [
    -89.89941,
    16.92258
  ],
  "Flores Costa Cuca": [
    -91.81667,
    14.65
  ],
  "Fraijanes": [
    -90.44083,
    14.46528
  ],
  "Gual\u00e1n": [
    -89.36667,
    15.13333
  ],
  "Guanagazapa": [
    -90.64333,
    14.22528
  ],
  "Guastatoya": [
    -90.06944,
    14.85417
  ],
  "Guatemala City": [
    -90.51327,
    14.64072
  ],
  "Guazacap\u00e1n": [
    -90.41667,
    14.07417
  ],
  "G\u00e9nova": [
    -91.83333,
    14.61667
  ],
  "Huehuetenango": [
    -91.47083,
    15.31972
  ],
  "Huit\u00e1n": [
    -91.61667,
    15.1
  ],
  "Huit\u00e9": [
    -89.71667,
    14.93333
  ],
  "Ipala": [
    -89.61667,
    14.61667
  ],
  "Ixchigu\u00e1n": [
    -91.88333,
    15.2
  ],
  "Ixtahuac\u00e1n": [
    -91.76667,
    15.41667
  ],
  "Iztapa": [
    -90.7075,
    13.93333
  ],
  "Jacaltenango": [
    -91.73333,
    15.66667
  ],
  "Jalapa": [
    -89.98889,
    14.63472
  ],
  "Jalpatagua": [
    -90.00861,
    14.14167
  ],
  "Jerez": [
    -89.75,
    14.1
  ],
  "Jocotenango": [
    -90.74361,
    14.58194
  ],
  "Jocot\u00e1n": [
    -89.38333,
    14.81667
  ],
  "Joyabaj": [
    -90.80611,
    14.995
  ],
  "Jutiapa": [
    -89.89583,
    14.29167
  ],
  "La Democracia": [
    -90.94722,
    14.23083
  ],
  "La Esperanza": [
    -91.56667,
    14.86667
  ],
  "La Gomera": [
    -91.05,
    14.08333
  ],
  "La Libertad": [
    -91.83333,
    15.5
  ],
  "La Reforma": [
    -91.81667,
    14.8
  ],
  "La Uni\u00f3n": [
    -89.28333,
    14.96667
  ],
  "Lanqu\u00edn": [
    -89.96667,
    15.56667
  ],
  "Los Amates": [
    -89.1,
    15.26667
  ],
  "L\u00edvingston": [
    -88.75039,
    15.82826
  ],
  "Magdalena Milpas Altas": [
    -90.67528,
    14.54528
  ],
  "Malacatancito": [
    -91.51667,
    15.21667
  ],
  "Malacat\u00e1n": [
    -92.05,
    14.9
  ],
  "Masagua": [
    -90.84806,
    14.20306
  ],
  "Mataquescuintla": [
    -90.18417,
    14.52917
  ],
  "Mazatenango": [
    -91.50333,
    14.53417
  ],
  "Mixco": [
    -90.60639,
    14.63333
  ],
  "Momostenango": [
    -91.40861,
    15.04361
  ],
  "Monjas": [
    -89.86667,
    14.5
  ],
  "Morales": [
    -88.81667,
    15.48333
  ],
  "Moraz\u00e1n": [
    -90.14306,
    14.93278
  ],
  "Moyuta": [
    -90.08083,
    14.03861
  ],
  "Nahual\u00e1": [
    -91.31667,
    14.85
  ],
  "Nebaj": [
    -91.14611,
    15.40583
  ],
  "Nent\u00f3n": [
    -91.75,
    15.8
  ],
  "Nueva Concepci\u00f3n": [
    -91.3,
    14.2
  ],
  "Nueva Santa Rosa": [
    -90.27611,
    14.38111
  ],
  "Nuevo Progreso": [
    -91.91667,
    14.8
  ],
  "Nuevo San Carlos": [
    -91.7,
    14.6
  ],
  "Oc\u00f3s": [
    -92.19333,
    14.50944
  ],
  "Olopa": [
    -89.35,
    14.68333
  ],
  "Oratorio": [
    -90.17583,
    14.22806
  ],
  "Ostuncalco": [
    -91.61667,
    14.86667
  ],
  "Pachalum": [
    -90.66278,
    14.92472
  ],
  "Pajapita": [
    -92.03333,
    14.71667
  ],
  "Palencia": [
    -90.35861,
    14.66472
  ],
  "Palestina de los Altos": [
    -91.7,
    14.93333
  ],
  "Pal\u00edn": [
    -90.69833,
    14.40556
  ],
  "Panajachel": [
    -91.15,
    14.73333
  ],
  "Panz\u00f3s": [
    -89.66667,
    15.4
  ],
  "Parramos": [
    -90.80306,
    14.60778
  ],
  "Pasaco": [
    -90.20639,
    13.97722
  ],
  "Pastores": [
    -90.75472,
    14.59667
  ],
  "Patulul": [
    -91.16667,
    14.41667
  ],
  "Patzic\u00eda": [
    -90.92694,
    14.63167
  ],
  "Patzit\u00e9": [
    -91.21667,
    14.96667
  ],
  "Patz\u00fan": [
    -91.01667,
    14.68333
  ],
  "Petapa": [
    -90.55167,
    14.50278
  ],
  "Pochuta": [
    -91.08333,
    14.55
  ],
  "Popt\u00fan": [
    -89.41694,
    16.33111
  ],
  "Pueblo Nuevo": [
    -91.53333,
    14.65
  ],
  "Pueblo Nuevo Tiquisate": [
    -91.36667,
    14.28333
  ],
  "Pueblo Nuevo Vi\u00f1as": [
    -90.47417,
    14.22583
  ],
  "Puerto Barrios": [
    -88.59444,
    15.72778
  ],
  "Puerto San Jos\u00e9": [
    -90.82166,
    13.9274
  ],
  "Purulh\u00e1": [
    -90.2,
    15.26667
  ],
  "Quesada": [
    -90.04028,
    14.27028
  ],
  "Quetzaltenango": [
    -91.51806,
    14.83472
  ],
  "Quezaltepeque": [
    -89.45,
    14.63333
  ],
  "Rabinal": [
    -90.45,
    15.1
  ],
  "Retalhuleu": [
    -91.67778,
    14.53611
  ],
  "R\u00edo Bravo": [
    -91.31667,
    14.4
  ],
  "R\u00edo Hondo": [
    -89.58333,
    15.06667
  ],