{
  "Bafat\u00e1": [
    -14.66667,
    12.16667
  ],
  "Bissau": [
    -15.59767,
    11.86357
  ],
  "Bissor\u00e3": [
    -15.4475,
    12.22306
  ],
  "Bolama": [
    -15.46667,
    11.58333
  ],
  "Buba": [
    -15,
    11.58333
  ],
  "Bubaque": [
    -15.83333,
    11.28333
  ],
  "Cacheu": [
    -16.16583,
    12.27056
  ],
  "Canchungo": [
    -16.03333,
    12.06722
  ],
  "Cati\u00f3": [
    -15.25,
    11.28333
  ],
  "Farim": [
    -15.22167,
    12.48389
  ],
  "Gab\u00fa": [
    -14.21667,
    12.28333
  ],
  "Mans\u00f4a": [
    -15.31889,
    12.07333
  ],
  "Quebo": [
    -14.93333,
    11.33333
  ],
  "Quinh\u00e1mel": [
    -15.85,
    11.88333
  ]
}
