{
  "Central": [
    114.15846,
    22.28299
  ],
  "Hong Kong": [
    114.15769,
    22.28552
  ],
  "Kowloon": [
    114.18333,
    22.31667
  ],
  "Sai Kung": [
    114.26667,
    22.38333
  ],
  "Sha Tin": [
    114.18333,
    22.38333
  ],
  "Sham Shui Po": [
    114.15945,
    22.33023
  ],
  "Sok Kwu Wan": [
    114.13333,
    22.2
  ],
  "Tai Po": [
    114.16877,
    22.45007
  ],
  "Tsuen Wan": [
    114.10479,
    22.37066
  ],
  "Tuen Mun": [
    113.97157,
    22.39175
  ],
  "Wan Chai": [
    114.17258,
    22.28142
  ],
  "Wong Tai Sin": [
    114.18333,
    22.35
  ],
  "Yuen Long Kau Hui": [
    114.03333,
    22.45
  ],
  "Yung Shue Wan": [
    114.11667,
    22.23333
  ]
}
