{
  "Agalteca": [
    -87.26667,
    14.45
  ],
  "Agua Azul": [
    -87.96667,
    14.91667
  ],
  "Agua Azul Rancho": [
    -87.95,
    14.9
  ],
  "Agua Blanca Sur": [
    -87.88333,
    15.25
  ],
  "Agua Caliente": [
    -88.81667,
    14.88333
  ],
  "Agua Fr\u00eda": [
    -87.55111,
    13.46889
  ],
  "Agualote": [
    -88.55306,
    15.33528
  ],
  "Aguas del Padre": [
    -87.88333,
    14.56667
  ],
  "Ajuterique": [
    -87.7,
    14.38333
  ],
  "Amapala": [
    -87.65389,
    13.29222
  ],
  "Antigua Ocotepeque": [
    -89.2,
    14.4
  ],
  "Arada": [
    -88.3,
    14.85
  ],
  "Aramecina": [
    -87.71028,
    13.74222
  ],
  "Araul\u00ed": [
    -86.55,
    13.95
  ],
  "Arenal": [
    -86.83333,
    15.35
  ],
  "Arim\u00eds": [
    -86,
    14.78333
  ],
  "Arizona": [
    -87.31667,
    15.63333
  ],
  "Armenia": [
    -86.36667,
    15.46667
  ],
  "Armenta": [
    -88.05,
    15.5
  ],
  "Atenas de San Crist\u00f3bal": [
    -87.31667,
    15.68333
  ],
  "Atima": [
    -88.48333,
    14.93333
  ],
  "Auas": [
    -84.33333,
    15.48333
  ],
  "Auka": [
    -83.83333,
    14.93333
  ],
  "Ayapa": [
    -87.15,
    15.1
  ],
  "Azacualpa": [
    -88.1,
    14.71667
  ],
  "Baja Mar": [
    -87.85,
    15.88333
  ],
  "Baracoa": [
    -87.85,
    15.76667
  ],
  "Barra Patuca": [
    -84.28333,
    15.8
  ],
  "Bejuco": [
    -87.93333,
    15.13333
  ],
  "Bel\u00e9n Gualcho": [
    -88.8,
    14.48333
  ],
  "Berl\u00edn": [
    -88.5,
    14.83333
  ],
  "Bonito Oriental": [
    -85.73559,
    15.74765
  ],
  "Brus Laguna": [
    -84.48333,
    15.75
  ],
  "Buenos Aires": [
    -88.96667,
    15.03333
  ],
  "B\u00e1lsamo Oriental": [
    -86.33333,
    15.48333
  ],
  "Callejones": [
    -88.65,
    15.16667
  ],
  "Camalote": [
    -88.33333,
    15.33333
  ],
  "Camasca": [
    -88.38333,
    14
  ],
  "Campamento": [
    -86.65,
    14.55
  ],
  "Cane": [
    -87.66667,
    14.28333
  ],
  "Carbajales": [
    -86.35,
    15.51667
  ],
  "Casa Quemada": [
    -88.08333,
    15.11667
  ],
  "Ca\u00f1averal": [
    -88.01667,
    14.98333
  ],
  "Cedros": [
    -87.11667,
    14.6
  ],
  "Ceguaca": [
    -88.2,
    14.8
  ],
  "Cerro Blanco": [
    -87.78333,
    14.66667
  ],
  "Cerro Grande": [
    -87.25,
    13.81667
  ],
  "Chalmeca": [
    -88.68333,
    15.1
  ],
  "Chivana": [
    -87.98333,
    15.75
  ],
  "Choloma": [
    -87.95302,
    15.61444
  ],
  "Chotepe": [
    -87.98333,
    15.41667
  ],
  "Ciudad Choluteca": [
    -87.19083,
    13.30028
  ],
  "Cofrad\u00eda": [
    -87.18333,
    14.21667
  ],
  "Cololaca": [
    -88.88333,
    14.3
  ],
  "Comayagua": [
    -87.6375,
    14.45139
  ],
  "Concepci\u00f3n de Guasistagua": [
    -87.65,
    14.6
  ],
  "Concepci\u00f3n de la Barranca": [
    -88.71667,
    15.16667
  ],
  "Concepci\u00f3n del Sur": [
    -88.16667,
    14.8
  ],
  "Concordia": [
    -86.65,
    14.61667
  ],
  "Cop\u00e1n": [
    -89.15,
    14.83333
  ],
  "Corocito": [
    -85.78333,
    15.75
  ],
  "Corozal": [
    -86.71667,
    15.8
  ],
  "Corpus": [
    -87.03472,
    13.28889
  ],
  "Corqu\u00edn": [
    -88.86667,
    14.56667
  ],
  "Correderos": [
    -88.45,
    15.41667
  ],
  "Coyoles Central": [
    -86.66667,
    15.4
  ],
  "Cucuyagua": [
    -88.86667,
    14.65
  ],
  "Cusuna": [
    -85.23333,
    15.85
  ],
  "Cuyal\u00ed": [
    -86.55,
    13.88333
  ],
  "Cuyamel": [
    -88.2,
    15.66667
  ],
  "Danl\u00ed": [
    -86.58333,
    14.03333
  ],
  "Dolores": [
    -88.83333,
    14.86667
  ],
  "Dulce Nombre": [
    -88.83333,
    14.85
  ],
  "Dulce Nombre de Culm\u00ed": [
    -85.53333,
    15.1
  ],
  "Duyure": [
    -86.81667,
    13.63333
  ],
  "El Achiotal": [
    -88.75,
    14.08333
  ],
  "El Agua Dulcita": [
    -87.75,
    14.7
  ],
  "El Benque": [
    -86.46667,
    14.03333
  ],
  "El B\u00e1lsamo": [
    -87.46667,
    15.06667
  ],
  "El Chichicaste": [
    -86.3,
    14.06667
  ],
  "El Chimbo": [
    -87.11667,
    14.13333
  ],
  "El Ciruelo": [
    -88.5,
    15.3
  ],
  "El Corozal": [
    -88.61667,
    15.06667
  ],
  "El Corpus": [
    -88.91667,
    14.7
  ],
  "El Cubolero": [
    -87.66667,
    13.46667
  ],
  "El Escanito": [
    -87.1,
    14.66667
  ],
  "El Esca\u00f1o de Tepale": [
    -87.06667,
    14.75
  ],
  "El Guante": [
    -87.1,
    14.55
  ],
  "El Guantillo": [
    -87.3,
    14.6
  ],
  "El Guapinol": [
    -87.46667,
    13.76667
  ],
  "El Guayabito": [
    -86.03333,
    14.83333
  ],
  "El Juncal": [
    -86.43333,
    15.45
  ],
  "El Llano": [
    -87.88333,
    15.15
  ],
  "El Lolo": [
    -87.26667,
    14.11667
  ],
  "El Mara\u00f1\u00f3n": [
    -88.05,
    15.4
  ],
  "El Milagro": [
    -87.96667,
    15.4
  ],
  "El Mochito": [
    -88.08333,
    14.86667
  ],
  "El Negrito": [
    -87.7,
    15.31667
  ],
  "El N\u00edspero": [
    -88.33333,
    14.76667
  ],
  "El Obraje": [
    -87.13083,
    13.15417
  ],
  "El Ocote": [
    -86.56667,
    15.41667
  ],
  "El Ocot\u00f3n": [
    -88.88333,
    15.03333
  ],
  "El Olivar": [
    -87.88333,
    15.08333
  ],
  "El Para\u00edso": [
    -86.55,
    13.86667
  ],
  "El Pedernal": [
    -87.11667,
    14.7
  ],
  "El Perico": [
    -88.1,
    15.08333
  ],
  "El Pino": [
    -86.93333,
    15.7
  ],
  "El Plan": [
    -87.96667,
    15.28333
  ],
  "El Porvenir": [
    -87.34583,
    13.76167
  ],
  "El Progreso": [
    -87.8,
    15.4
  ],
  "El Puente": [
    -87.11667,
    13.28333
  ],
  "El Rancho": [
    -87.5,
    14.68333
  ],
  "El Rinc\u00f3n": [
    -87.93333,
    14.58333
  ],
  "El Rosario": [
    -87.76667,
    14.8
  ],
  "El Rusio": [
    -86.36667,
    14.46667
  ],
  "El Sauce": [
    -87.66667,
    14.53333
  ],
  "El Socorro": [
    -87.91667,
    14.63333
  ],
  "El Suyatal": [
    -87.21667,
    14.51667
  ],
  "El Tabl\u00f3n": [
    -87.16667,
    14.03333
  ],
  "El Terrero": [
    -87.06667,
    14.06667
  ],
  "El Tigre": [
    -87.98333,
    14.93333
  ],
  "El Triunfo": [
    -87,
    13.11667
  ],
  "El Triunfo de la Cruz": [
    -87.43333,
    15.76667
  ],
  "El Tr\u00e1nsito": [
    -88.91667,
    14.38333
  ],
  "El Tular": [
    -87.51528,
    13.46639
  ],
  "El Zapotal del Norte": [
    -88.05,
    15.51667
  ],
  "El\u00edxir": [
    -86.3,
    15.48333
  ],
  "Erandique": [
    -88.46667,
    14.23333
  ],
  "Esqu\u00edas": [
    -87.36667,
    14.73333
  ],
  "Flores": [
    -87.56667,
    14.28333
  ],
  "Florida": [
    -88.83333,
    15.03333
  ],
  "Francia": [
    -85.58333,
    15.85
  ],
  "French Harbor": [
    -86.43333,
    16.35
  ],
  "Goascor\u00e1n": [
    -87.61667,
    13.58333
  ],
  "Gracias": [
    -88.58194,
    14.59028
  ],
  "Guacamaya": [
    -88.15,
    15.01667
  ],
  "Guaimaca": [
    -86.81667,
    14.53333
  ],
  "Guaimitas": [
    -87.71667,
    15.5
  ],
  "Gualaco": [
    -86.05,
    15.05
  ],
  "Gualjoco": [
    -88.23333,
    14.95
  ],
  "Guanaja": [
    -85.9,
    16.4
  ],
  "Guarizama": [
    -86.33333,
    14.91667
  ],
  "Guayape": [
    -86.83333,
    14.71667
  ],
  "G\u00fcinope": [
    -86.93333,
    13.88333
  ],
  "Ilama": [
    -88.21667,
    15.06667
  ],
  "Intibuc\u00e1": [
    -88.16667,
    14.31667
  ],
  "Iralaya": [
    -83.23333,
    15
  ],
  "Jacaleapa": [
    -86.66667,
    14.01667
  ],
  "Jamalteca": [
    -87.58333,
    14.7
  ],
  "Jeric\u00f3": [
    -85.96667,
    15.95
  ],
  "Jes\u00fas de Otoro": [
    -87.98333,
    14.48333
  ],
  "Jiquinlaca": [
    -88.35,
    14
  ],
  "Joconal": [
    -88.63556,
    15.35444
  ],
  "Joc\u00f3n": [
    -86.96667,
    15.28333
  ],
  "Jutiapa": [
    -86.4,
    13.98333
  ],
  "Juticalpa": [
    -86.21944,
    14.66667
  ],
  "Jutiquile": [
    -86.08333,
    14.71667
  ],
  "J\u00edcaro Gal\u00e1n": [
    -87.43889,
    13.53167
  ],
  "La Alianza": [
    -87.72444,
    13.51222
  ],
  "La Brea": [
    -85.96667,
    15.8
  ],
  "La Ceiba": [
    -86.78221,
    15.75971
  ],