{
  "Abbeyfeale": [
    -9.3025,
    52.38139
  ],
  "Abbeyleix": [
    -7.3575,
    52.89917
  ],
  "An Muileann gCearr": [
    -7.35,
    53.53333
  ],
  "An Ros": [
    -6.09308,
    53.5223
  ],
  "Ardara": [
    -8.4075,
    54.76444
  ],
  "Ardee": [
    -6.54056,
    53.85972
  ],
  "Arklow": [
    -6.14139,
    52.79306
  ],
  "Ashbourne": [
    -6.42722,
    53.51083
  ],
  "Athboy": [
    -6.92056,
    53.61861
  ],
  "Athenry": [
    -8.74306,
    53.29639
  ],
  "Athlone": [
    -7.95,
    53.43333
  ],
  "Athy": [
    -6.98028,
    52.99139
  ],
  "Bagenalstown": [
    -6.96181,
    52.70031
  ],
  "Bailieborough": [
    -6.96667,
    53.91667
  ],
  "Balbriggan": [
    -6.18194,
    53.61278
  ],
  "Ballaghaderreen": [
    -8.58333,
    53.9
  ],
  "Ballina": [
    -9.16667,
    54.11667
  ],
  "Ballinasloe": [
    -8.21944,
    53.3275
  ],
  "Ballinrobe": [
    -9.23333,
    53.63333
  ],
  "Ballybofey": [
    -7.78333,
    54.8
  ],
  "Ballybunnion": [
    -9.67167,
    52.50972
  ],
  "Ballyhaunis": [
    -8.76667,
    53.76667
  ],
  "Ballyshannon": [
    -8.18333,
    54.5
  ],
  "Banagher": [
    -7.98667,
    53.18861
  ],
  "Bandon": [
    -8.7425,
    51.74694
  ],
  "Bantry": [
    -9.45,
    51.68333
  ],
  "Belturbet": [
    -7.45,
    54.1
  ],
  "Birr": [
    -7.91333,
    53.09139
  ],
  "Blackrock": [
    -6.1778,
    53.3015
  ],
  "Blarney": [
    -8.56667,
    51.93333
  ],
  "Blessington": [
    -6.5325,
    53.17
  ],
  "Boyle": [
    -8.3,
    53.96667
  ],
  "Bray": [
    -6.09833,
    53.20278
  ],
  "Buncrana": [
    -7.45,
    55.13333
  ],
  "Bundoran": [
    -8.28094,
    54.47782
  ],
  "Cahersiveen": [
    -10.22222,
    51.94861
  ],
  "Cahir": [
    -7.92167,
    52.37694
  ],
  "Carlow": [
    -6.92611,
    52.84083
  ],
  "Carndonagh": [
    -7.26667,
    55.25
  ],
  "Carrick-on-Shannon": [
    -8.09,
    53.94694
  ],
  "Carrick-on-Suir": [
    -7.41306,
    52.34917
  ],
  "Carrickmacross": [
    -6.71889,
    53.97278
  ],
  "Carrigaline": [
    -8.39861,
    51.81167
  ],
  "Cashel": [
    -7.88556,
    52.51583
  ],
  "Castlebar": [
    -9.3,
    53.85
  ],
  "Castleblayney": [
    -6.73333,
    54.11667
  ],
  "Castlecomer": [
    -7.21056,
    52.80611
  ],
  "Castleisland": [
    -9.46667,
    52.23333
  ],
  "Castlerea": [
    -8.5,
    53.76667
  ],
  "Cavan": [
    -7.36056,
    53.99083
  ],
  "Celbridge": [
    -6.54361,
    53.33861
  ],
  "Charlesland": [
    -6.06347,
    53.12771
  ],
  "Cherryville": [
    -6.96667,
    53.15694
  ],
  "Cill Airne": [
    -9.51667,
    52.05
  ],
  "Clane": [
    -6.68917,
    53.29139
  ],
  "Clara": [
    -7.61389,
    53.3425
  ],
  "Claremorris": [
    -9,
    53.71667
  ],
  "Clifden": [
    -10.01667,
    53.48333
  ],
  "Clonakilty": [
    -8.87056,
    51.62306
  ],
  "Clones": [
    -7.23333,
    54.18333
  ],
  "Cluain Meala": [
    -7.70389,
    52.355
  ],
  "Cobh": [
    -8.29917,
    51.85722
  ],
  "Cootehill": [
    -7.08194,
    54.0725
  ],
  "Cork": [
    -8.47061,
    51.89797
  ],
  "Derry": [
    -9.05026,
    51.58666
  ],
  "Dingle": [
    -10.26889,
    52.14083
  ],
  "Donabate": [
    -6.15194,
    53.48722
  ],
  "Donegal": [
    -8.11667,
    54.65
  ],
  "Donnybrook": [
    -6.22274,
    53.31375
  ],
  "Drogheda": [
    -6.34778,
    53.71889
  ],
  "Droichead Nua": [
    -6.79667,
    53.18194
  ],
  "Dublin": [
    -6.24889,
    53.33306
  ],
  "Duleek": [
    -6.41917,
    53.65667
  ],
  "Dunboyne": [
    -6.46667,
    53.4
  ],
  "Dundalk": [
    -6.41667,
    54
  ],
  "Dungarvan": [
    -7.62528,
    52.08806
  ],
  "Dunlewy": [
    -8.1,
    55.01667
  ],
  "Dunmanway": [
    -9.11667,
    51.71667
  ],
  "Dunmore East": [
    -6.98611,
    52.15139
  ],
  "Dunshaughlin": [
    -6.54,
    53.5125
  ],
  "D\u00fan Laoghaire": [
    -6.13586,
    53.29395
  ],
  "Edenderry": [
    -7.04972,
    53.34528
  ],
  "Ennis": [
    -8.98639,
    52.84361
  ],
  "Enniscorthy": [
    -6.55778,
    52.50083
  ],
  "Enniskerry": [
    -6.16917,
    53.1925
  ],
  "Fermoy": [
    -8.27583,
    52.13583
  ],
  "Gaillimh": [
    -9.04889,
    53.27194
  ],
  "Glenties": [
    -8.2825,
    54.7975
  ],
  "Gorey": [
    -6.2925,
    52.67472
  ],
  "Gort": [
    -8.81667,
    53.06639
  ],
  "Granard": [
    -7.5,
    53.76667
  ],
  "Greystones": [
    -6.06306,
    53.14083
  ],
  "Gweedore": [
    -8.23194,
    55.05028
  ],
  "Howth": [
    -6.06528,
    53.38778
  ],
  "Kanturk": [
    -8.9,
    52.16667
  ],
  "Kells": [
    -6.87917,
    53.72639
  ],
  "Kenmare": [
    -9.58333,
    51.88333
  ],
  "Kilcock": [
    -6.67083,
    53.40222
  ],
  "Kilcoole": [
    -6.065,
    53.10278
  ],
  "Kilcormac": [
    -7.72556,
    53.17417
  ],
  "Kildare": [
    -6.91444,
    53.15611
  ],
  "Kilkenny": [
    -7.25222,
    52.65417
  ],
  "Kill": [
    -7.335,
    52.17611
  ],
  "Killorglin": [
    -9.78333,
    52.1
  ],
  "Killybegs": [
    -8.45,
    54.63333
  ],
  "Kilmallock": [
    -8.57722,
    52.4
  ],
  "Kilrush": [
    -9.48333,
    52.63972
  ],
  "Kinsale": [
    -8.53056,
    51.7075
  ],
  "Knockbridge": [
    -6.48597,
    53.9732
  ],
  "Laytown": [
    -6.23917,
    53.68194
  ],
  "Leifear": [
    -7.48361,
    54.83194
  ],
  "Leixlip": [
    -6.49556,
    53.36583
  ],
  "Letterkenny": [
    -7.73333,
    54.95
  ],
  "Listowel": [
    -9.485,
    52.44639
  ],
  "Loch Garman": [
    -6.4575,
    52.33417
  ],
  "Longford": [
    -7.79823,
    53.72536
  ],
  "Loughrea": [
    -8.56694,
    53.19694
  ],
  "Louth": [
    -6.54139,
    53.94861
  ],
  "Luimneach": [
    -8.62306,
    52.66472
  ],
  "Lusk": [
    -6.16423,
    53.52743
  ],
  "Macroom": [
    -8.95,
    51.9
  ],
  "Malahide": [
    -6.15444,
    53.45083
  ],
  "Mallow": [
    -8.63333,
    52.13333
  ],
  "Maynooth": [
    -6.59361,
    53.385
  ],
  "Midleton": [
    -8.18052,
    51.91526
  ],
  "Mitchelstown": [
    -8.26806,
    52.26583
  ],
  "Moate": [
    -7.71667,
    53.55
  ],
  "Monaghan": [
    -6.96667,
    54.25
  ],
  "Monasterevin": [
    -7.06639,
    53.14056
  ],
  "Monkstown": [
    -6.15312,
    53.29308
  ],
  "Mountmellick": [
    -7.32,
    53.11361
  ],
  "Mountrath": [
    -7.47278,
    52.99889
  ],
  "Moville": [
    -7.05,
    55.18333
  ],
  "Moycullen": [
    -9.18002,
    53.33783
  ],
  "Moyross": [
    -8.63955,
    52.68198
  ],
  "Naas": [
    -6.66694,
    53.21583
  ],
  "Navan": [
    -6.68139,
    53.65278
  ],
  "Nenagh": [
    -8.19667,
    52.86194
  ],
  "Nenagh Bridge": [
    -8.19583,
    52.88167
  ],
  "New Ross": [
    -6.93667,
    52.39667
  ],
  "Newcastle West": [
    -9.06111,
    52.44917
  ],
  "Newmarket on Fergus": [
    -8.89556,
    52.76
  ],
  "Newtown Trim": [
    -6.77,
    53.55611
  ],
  "Old Kilcullen": [
    -6.76528,
    53.10639
  ],
  "Oranmore": [
    -8.92,
    53.26833
  ],
  "Passage West": [
    -8.34444,
    51.87389
  ],
  "Portarlington": [
    -7.19111,
    53.16222
  ],
  "Portlaoise": [
    -7.29979,
    53.03441
  ],
  "Portmarnock": [
    -6.1375,
    53.42306
  ],
  "Portraine": [
    -6.11111,
    53.49667
  ],
  "Prosperous": [
    -6.75389,
    53.29028
  ],
  "Rathangan": [
    -6.995,
    53.22139
  ],
  "Rathcoole": [
    -6.47278,
    53.28278
  ],
  "Rathdrum": [
    -6.23556,
    52.92639
  ],
  "Rathkeale": [
    -8.93806,
    52.52444
  ],
  "Ratoath": [
    -6.4625,
    53.50806
  ],
  "Roscommon": [
    -8.18333,
    53.63333
  ],
  "Roscrea": [
    -7.80167,
    52.95111
  ],
  "Rosslare": [
    -6.38444,
    52.27583
  ],
  "R\u00e1th Luirc": [
    -8.68333,
    52.35
  ],
  "Sallins": [
    -6.66611,
    53.24889
  ],
  "Sandyford": [
    -6.2253,
    53.2747
  ],
  "Shannon": [
    -8.86417,
    52.70389
  ],
  "Skerries": [
    -6.10833,
    53.58278
  ],
  "Skibbereen": [
    -9.26667,
    51.55
  ],
  "Sligo": [
    -8.46943,
    54.26969
  ],
  "Swinford": [
    -8.95,
    53.95
  ],
  "Swords": [
    -6.21806,
    53.45972
  ],