{
  "Ab\u016b Ghaush": [
    35.1093,
    31.80592
  ],
  "Ariel": [
    35.18449,
    32.1065
  ],
  "Ashdod": [
    34.64966,
    31.79213
  ],
  "Ashqelon": [
    34.57149,
    31.66926
  ],
  "Azor": [
    34.80632,
    32.0243
  ],
  "Basmat Tab\u2018un": [
    35.153,
    32.73656
  ],
  "Bat Yam": [
    34.75185,
    32.02379
  ],
  "Beersheba": [
    34.7913,
    31.25181
  ],
  "Beit Horon": [
    35.12999,
    31.87581
  ],
  "Beit Jann": [
    35.38152,
    32.96464
  ],
  "Bene 'Ayish": [
    34.75,
    31.78333
  ],
  "Ben\u00e9 Beraq": [
    34.8338,
    32.08074
  ],
  "Bet Dagan": [
    34.8233,
    31.99712
  ],
  "Bet Shemesh": [
    34.98877,
    31.74959
  ],
  "Bet She\u2019an": [
    35.49632,
    32.49728
  ],
  "Bet Yi\u1e95\u1e96aq": [
    34.88878,
    32.32751
  ],
  "Buqei\u2018a": [
    35.33345,
    32.97746
  ],
  "Bu\u2018eina": [
    35.36486,
    32.80636
  ],
  "B\u012br el Maks\u016br": [
    35.22069,
    32.77732
  ],
  "Dabb\u016br\u012bya": [
    35.37123,
    32.69256
  ],
  "Deir \u1e24ann\u0101": [
    35.36365,
    32.86196
  ],
  "Dimona": [
    35.0337,
    31.07127
  ],
  "Dolev": [
    35.13393,
    31.92609
  ],
  "D\u0101liyat el Karmil": [
    35.04686,
    32.69383
  ],
  "Eilat": [
    34.94821,
    29.55805
  ],
  "El Fureid\u012bs": [
    34.95153,
    32.59812
  ],
  "El Mazra\u2018a": [
    35.09837,
    32.98338
  ],
  "Elyakhin": [
    34.92433,
    32.40793
  ],
  "Er Reina": [
    35.31622,
    32.72339
  ],
  "Esh Sheikh Dann\u016bn": [
    35.1479,
    32.99231
  ],
  "Even Yehuda": [
    34.88759,
    32.26959
  ],
  "E\u1e6d \u1e6caiyiba": [
    35.00893,
    32.26616
  ],
  "Gan Yavne": [
    34.70659,
    31.78737
  ],
  "Gann\u00e9 Tiqwa": [
    34.8732,
    32.05971
  ],
  "Gedera": [
    34.77998,
    31.81456
  ],
  "Giv'on HaHadasha": [
    35.16106,
    31.84927
  ],
  "Givat Zeev": [
    35.16861,
    31.86145
  ],
  "Giv\u2018at Shemu\u2019\u00e9l": [
    34.84858,
    32.07817
  ],
  "Giv\u2018atayim": [
    34.81253,
    32.07225
  ],
  "Haifa": [
    34.9885,
    32.81841
  ],
  "Har Adar": [
    35.13093,
    31.82754
  ],
  "Hashmonaim": [
    35.0215,
    31.92973
  ],
  "Herzliya Pituah": [
    34.8028,
    32.17409
  ],
  "Herzliyya": [
    34.82536,
    32.16627
  ],
  "Hod HaSharon": [
    34.8932,
    32.15934
  ],
  "H\u0331adera": [
    34.91956,
    32.43645
  ],
  "H\u0331olon": [
    34.77918,
    32.01034
  ],
  "Ibtin": [
    35.11402,
    32.7615
  ],
  "Iks\u0101l": [
    35.32365,
    32.68164
  ],
  "Jalj\u016blya": [
    34.95372,
    32.1547
  ],
  "Jerusalem": [
    35.21633,
    31.76904
  ],
  "Judieda Makr": [
    35.15705,
    32.9282
  ],
  "J\u012bsh": [
    35.44694,
    33.02216
  ],
  "Kafr Kam\u0101": [
    35.44122,
    32.72129
  ],
  "Kafr Kann\u0101": [
    35.34242,
    32.7466
  ],
  "Kafr Mand\u0101": [
    35.26009,
    32.81034
  ],
  "Kafr Mi\u1e63r": [
    35.42147,
    32.64521
  ],
  "Kafr Q\u0101sim": [
    34.97624,
    32.11406
  ],
  "Kafr Y\u0101s\u012bf": [
    35.1623,
    32.95451
  ],
  "Karmi\u2019el": [
    35.29918,
    32.91669
  ],
  "Kaukab Ab\u016b el H\u012bja": [
    35.24848,
    32.83155
  ],
  "Kefar H\u0331abad": [
    34.8516,
    31.98792
  ],
  "Kefar Shemaryahu": [
    34.82082,
    32.18529
  ],
  "Kefar Tavor": [
    35.42118,
    32.68656
  ],
  "Kefar Weradim": [
    35.27793,
    32.99385
  ],
  "Kefar Yona": [
    34.93507,
    32.31669
  ],
  "Kfar NaOranim": [
    35.03669,
    31.91982
  ],
  "Kfar Saba": [
    34.90694,
    32.175
  ],
  "K\u0101b\u016bl": [
    35.21171,
    32.86856
  ],
  "Lapid": [
    35.03222,
    31.91764
  ],
  "Lehavim": [
    34.81619,
    31.37284
  ],
  "Lod": [
    34.8903,
    31.9467
  ],
  "Mafshatah": [
    35.30894,
    33.04895
  ],
  "Magh\u0101r": [
    35.40703,
    32.88984
  ],
  "Mazkeret Batya": [
    34.84646,
    31.85357
  ],
  "Metulla": [
    35.5795,
    33.27918
  ],
  "Mevo Betar": [
    35.10669,
    31.72177
  ],
  "Mevo horon": [
    35.03583,
    31.84876
  ],
  "Midreshet Ben-Gurion": [
    34.7834,
    30.85154
  ],
  "Migdal Ha\u2018Emeq": [
    35.23986,
    32.67597
  ],
  "Mitzpe Ramon": [
    34.80111,
    30.60944
  ],
  "Mi\u2018ily\u0101": [
    35.25658,
    33.02781
  ],
  "Modiin": [
    35.01051,
    31.89825
  ],
  "Modiin Ilit": [
    35.04416,
    31.93221
  ],
  "Na'ale": [
    35.06553,
    31.96236
  ],
  "Nahariyya": [
    35.09409,
    33.00586
  ],
  "Nazareth": [
    35.30483,
    32.69925
  ],
  "Na\u1e25f": [
    35.31679,
    32.93444
  ],
  "Nein": [
    35.34885,
    32.63063
  ],
  "Nesher": [
    35.05003,
    32.76651
  ],
  "Ness Ziona": [
    34.79868,
    31.92933
  ],
  "Netanya": [
    34.85992,
    32.33292
  ],
  "Netivot": [
    34.58858,
    31.42215
  ],
  "Ne\u1e96alim": [
    34.91069,
    32.06012
  ],
  "Nirit": [
    34.98622,
    32.14677
  ],
  "Nof Ayalon": [
    34.99081,
    31.87111
  ],
  "Nordiyya": [
    34.89617,
    32.3147
  ],
  "Ofaqim": [
    34.62025,
    31.3141
  ],
  "Old City": [
    35.23417,
    31.77667
  ],
  "Or Yehuda": [
    34.85788,
    32.02923
  ],
  "Oranit": [
    34.99094,
    32.13165
  ],
  "Pardesiyya": [
    34.90911,
    32.30577
  ],
  "Petah Tikva": [
    34.88503,
    32.09174
  ],
  "Qalansuwa": [
    34.98106,
    32.28493
  ],
  "Qesarya": [
    34.90459,
    32.51888
  ],
  "Qiryat Ata": [
    35.11255,
    32.81034
  ],
  "Qiryat Bialik": [
    35.08583,
    32.8275
  ],
  "Qiryat Gat": [
    34.76422,
    31.60998
  ],
  "Qiryat Motzkin": [
    35.0776,
    32.83706
  ],
  "Qiryat Shemona": [
    35.57212,
    33.20733
  ],
  "Qiryat Yam": [
    35.06973,
    32.84966
  ],
  "Ra'anana": [
    34.87386,
    32.1836
  ],
  "Ramat Gan": [
    34.81065,
    32.08227
  ],
  "Ramat HaSharon": [
    34.8394,
    32.14613
  ],
  "Ramat Yishay": [
    35.1707,
    32.70444
  ],
  "Ramla": [
    34.86563,
    31.92923
  ],
  "Rekhasim": [
    35.09901,
    32.74907
  ],
  "Revava": [
    35.12896,
    32.11926
  ],
  "Rishon Le\u1e94iyyon": [
    34.78939,
    31.97102
  ],
  "Rosh Ha\u2018Ayin": [
    34.95664,
    32.09556
  ],
  "Rosh Pinna": [
    35.54258,
    32.96894
  ],
  "Rumat Heib": [
    35.3057,
    32.77802
  ],
  "Sakhn\u012bn": [
    35.29707,
    32.86422
  ],
  "Sallama": [
    35.36931,
    32.89443
  ],
  "Savyon": [
    34.8777,
    32.04966
  ],
  "Sederot": [
    34.59693,
    31.525
  ],
  "Shelomi": [
    35.14608,
    33.07472
  ],
  "Shibli": [
    35.39252,
    32.69464
  ],
  "S\u0101j\u016br": [
    35.34136,
    32.94266
  ],
  "S\u016blam": [
    35.33408,
    32.60606
  ],
  "Talmon": [
    35.13539,
    31.93927
  ],
  "Tamra": [
    35.1987,
    32.85301
  ],
  "Tel Aviv": [
    34.78057,
    32.08088
  ],
  "Tel Mond": [
    34.91737,
    32.24995
  ],
  "Tiberias": [
    35.53124,
    32.7922
  ],
  "Timrat": [
    35.22359,
    32.70302
  ],
  "Tirah": [
    34.95023,
    32.2341
  ],
  "Tirat Karmel": [
    34.97183,
    32.76021
  ],
  "Umm el Fa\u1e25m": [
    35.15349,
    32.51725
  ],
  "West Jerusalem": [
    35.21961,
    31.78199
  ],
  "Yafo": [
    34.75224,
    32.05043
  ],
  "Yavne": [
    34.73843,
    31.88078
  ],
  "Yavne\u2019el": [
    35.50662,
    32.70356
  ],
  "Yehud": [
    34.89091,
    32.03317
  ],
  "Yero\u1e96am": [
    34.93176,
    30.98822
  ],
  "maalot Tarsh\u012bh\u0101": [
    35.26667,
    33.01667
  ],
  "\u1e24urfeish": [
    35.34835,
    33.01711
  ],
  "\u1e94efat": [
    35.50049,
    32.96564
  ],
  "\u1e94ur Hadassa": [
    35.09549,
    31.71794
  ],
  "\u1e94ur Moshe": [
    34.91313,
    32.29819
  ],
  "\u2018Afula \u2018Illit": [
    35.32522,
    32.63323
  ],
  "\u2018Akko": [
    35.07647,
    32.92814
  ],
  "\u2018Arad": [
    35.21282,
    31.25882
  ],
  "\u2018Atlit": [
    34.94236,
    32.68889
  ],
  "\u2018En Boqeq": [
    35.36253,
    31.19941
  ],
  "\u2018Uzeir": [
    35.32984,
    32.79212
  ],
  "\u2019Eilabun": [
    35.4004,
    32.83622
  ]
}
