{
  "Castletown": [
    -4.65365,
    54.07445
  ],
  "Douglas": [
    -4.48333,
    54.15
  ],
  "Laxey": [
    -4.39985,
    54.23017
  ],
  "Port Erin": [
    -4.75099,
    54.08487
  ],
  "Ramsey": [
    -4.38526,
    54.32273
  ]
}
