{
  "Ab\u016b Ghurayb": [
    44.18694,
    33.30703
  ],
  "Ad Dujayl": [
    44.23444,
    33.84667
  ],
  "Ad D\u012bw\u0101n\u012byah": [
    44.92552,
    31.99289
  ],
  "Al Ba\u015frah": [
    47.79747,
    30.53302
  ],
  "Al Ba\u015frat al Qad\u012bmah": [
    47.8169,
    30.49528
  ],
  "Al Fall\u016bjah": [
    43.78612,
    33.35581
  ],
  "Al F\u0101w": [
    48.47309,
    29.97421
  ],
  "Al Hind\u012byah": [
    44.22111,
    32.54217
  ],
  "Al H\u0101rithah": [
    47.72083,
    30.71861
  ],
  "Al K\u016bt": [
    45.81817,
    32.5128
  ],
  "Al Majar al Kabir": [
    47.17529,
    31.57232
  ],
  "Al Maw\u015fil al Jad\u012bdah": [
    43.09065,
    36.33091
  ],
  "Al Miqd\u0101d\u012byah": [
    44.93694,
    33.97861
  ],
  "Al Mishkh\u0101b": [
    44.4893,
    31.80436
  ],
  "Al Musayyib": [
    44.27662,
    32.78396
  ],
  "Al \u1e28ayy": [
    46.04345,
    32.17419
  ],
  "Al \u1e28illah": [
    44.41963,
    32.46367
  ],
  "Al \u2018Am\u0101rah": [
    47.144,
    31.83588
  ],
  "Al \u2018Az\u012bz\u012byah": [
    45.06359,
    32.90941
  ],
  "An Najaf al Ashraf": [
    44.3291,
    31.9892
  ],
  "An N\u0101\u015fir\u012byah": [
    46.25726,
    31.05799
  ],
  "Ar Rumaythah": [
    45.20377,
    31.52845
  ],
  "Ar Ru\u0163bah": [
    40.28586,
    33.03718
  ],
  "As Samawah": [
    45.2944,
    31.33198
  ],
  "As Sulaym\u0101n\u012byah": [
    45.4329,
    35.56496
  ],
  "Ash Sha\u0163rah": [
    46.1727,
    31.40906
  ],
  "Ash Sh\u0101m\u012byah": [
    44.60075,
    31.96257
  ],
  "Az Zubayr": [
    47.70174,
    30.39213
  ],
  "A\u015f \u015euwayrah": [
    44.77583,
    32.92556
  ],
  "Baghdad": [
    44.40088,
    33.34058
  ],
  "Balad": [
    44.14574,
    34.01485
  ],
  "Baqubah": [
    44.64366,
    33.7466
  ],
  "Bayj\u012b": [
    43.49311,
    34.9307
  ],
  "Chamcham\u0101l": [
    44.8343,
    35.53356
  ],
  "Dihok": [
    42.98845,
    36.86709
  ],
  "Erbil": [
    44.01062,
    36.19257
  ],
  "H\u012bt": [
    42.82768,
    33.63664
  ],
  "Imam Qasim": [
    44.68282,
    32.29799
  ],
  "Karbala": [
    44.02488,
    32.61603
  ],
  "Kh\u0101li\u015f": [
    44.53344,
    33.80809
  ],
  "Kifr\u012b": [
    44.96057,
    34.68963
  ],
  "Kirkuk": [
    44.39222,
    35.46806
  ],
  "Koysinceq": [
    44.62873,
    36.08289
  ],
  "Mandal\u012b": [
    45.55503,
    33.7481
  ],
  "Mosul": [
    43.11889,
    36.335
  ],
  "Nahiyat Ghammas": [
    44.6196,
    31.74311
  ],
  "N\u0101\u1e29iyat Al\u012b ash Sharq\u012b": [
    46.74928,
    32.12287
  ],
  "N\u0101\u1e29iyat Ba\u1e29\u0101r": [
    48.39775,
    30.17649
  ],
  "N\u0101\u1e29iyat H\u012br\u0101n": [
    44.49332,
    36.27815
  ],
  "N\u0101\u1e29iyat al Fuh\u016bd": [
    46.72278,
    30.96972
  ],
  "N\u0101\u1e29iyat ash Shin\u0101f\u012byah": [
    44.64675,
    31.58376
  ],
  "N\u0101\u1e29iyat \u2018Atbah": [
    48.01424,
    30.48117
  ],
  "N\u0101\u1e29\u012byat Saddat al Hind\u012byah": [
    44.27857,
    32.71557
  ],
  "Paynjuwayn": [
    45.95338,
    35.6169
  ],
  "Qa\u1e11\u0101\u2019 Talk\u012bf": [
    43.12026,
    36.49109
  ],
  "Qa\u1e11\u0101\u2019 al \u1e28amd\u0101n\u012byah": [
    43.37758,
    36.27093
  ],
  "Ramadi": [
    43.30778,
    33.42056
  ],
  "R\u0101wah": [
    41.90849,
    34.47935
  ],
  "R\u0101wand\u016bz": [
    44.53014,
    36.61647
  ],
  "Sinj\u0101r": [
    41.87656,
    36.3209
  ],
  "S\u0101marr\u0101\u2019": [
    43.8739,
    34.19663
  ],
  "S\u012bnah": [
    43.03831,
    36.80752
  ],
  "Tikr\u012bt": [
    43.67861,
    34.61581
  ],
  "Tozkhurmato": [
    44.63256,
    34.88808
  ],
  "Umm Qa\u015fr": [
    47.91951,
    30.0362
  ],
  "Z\u0101kh\u016b": [
    42.70355,
    37.14805
  ],
  "\u1e28ad\u012bthah": [
    42.37724,
    34.13477
  ],
  "\u1e28alabjah": [
    45.98611,
    35.17778
  ],
  "\u2018Afak": [
    45.24743,
    32.0643
  ],
  "\u2018Al\u012b al Gharb\u012b": [
    46.68794,
    32.46186
  ],
  "\u2018Anat al Qad\u012bmah": [
    41.94224,
    34.46934
  ]
}
