{
  "Abadan": [
    48.3043,
    30.3392
  ],
  "Abhar": [
    49.218,
    36.1468
  ],
  "Aghajari": [
    49.8315,
    30.7006
  ],
  "Ahar": [
    47.0699,
    38.4774
  ],
  "Ahvaz": [
    48.6842,
    31.31901
  ],
  "Akbar\u0101b\u0101d": [
    52.7793,
    29.2464
  ],
  "Aleshtar": [
    48.26258,
    33.86419
  ],
  "Alvand": [
    49.1678,
    36.3187
  ],
  "Al\u012bg\u016bdarz": [
    49.6949,
    33.40063
  ],
  "Ardab\u012bl": [
    48.2933,
    38.2498
  ],
  "Ardak\u0101n": [
    54.01747,
    32.31001
  ],
  "Ardest\u0101n": [
    52.3694,
    33.3761
  ],
  "Ar\u0101k": [
    49.68916,
    34.09174
  ],
  "Asad\u0101b\u0101d": [
    48.11853,
    34.78241
  ],
  "Azn\u0101": [
    48.9307,
    33.6095
  ],
  "Bah\u0101r": [
    48.4414,
    34.9072
  ],
  "Bam": [
    58.357,
    29.106
  ],
  "Bandar \u2018Abb\u0101s": [
    56.2808,
    27.1865
  ],
  "Bandar-e Anzal\u012b": [
    49.4593,
    37.47258
  ],
  "Bandar-e B\u016bshehr": [
    50.8385,
    28.9684
  ],
  "Bandar-e Emam Khomeyni": [
    49.10288,
    30.43698
  ],
  "Bandar-e Gan\u0101veh": [
    50.517,
    29.5791
  ],
  "Bandar-e Lengeh": [
    54.88067,
    26.55792
  ],
  "Bards\u012br": [
    56.57434,
    29.92266
  ],
  "Behbah\u0101n": [
    50.2417,
    30.5959
  ],
  "Behshahr": [
    53.55262,
    36.69235
  ],
  "Bojn\u016brd": [
    57.32903,
    37.47473
  ],
  "Boneh-ye \u1e28oseyn Kal\u016bl\u012b": [
    48.48333,
    32.35
  ],
  "Bon\u0101b": [
    46.0561,
    37.3404
  ],
  "Bor\u0101zj\u0101n": [
    51.2188,
    29.2699
  ],
  "Bor\u016bjen": [
    51.2873,
    31.96523
  ],
  "Bor\u016bjerd": [
    48.7516,
    33.8973
  ],
  "B\u0101bol": [
    52.67895,
    36.55132
  ],
  "B\u0101bolsar": [
    52.6576,
    36.70251
  ],
  "B\u0101fq": [
    55.41067,
    31.61283
  ],
  "B\u0101neh": [
    45.8853,
    35.9975
  ],
  "B\u012bj\u0101r": [
    47.60506,
    35.8668
  ],
  "B\u012brjand": [
    59.22114,
    32.86628
  ],
  "B\u016bk\u0101n": [
    46.2089,
    36.521
  ],
  "Chen\u0101r\u0101n": [
    59.12123,
    36.64546
  ],
  "Ch\u0101h Bah\u0101r": [
    60.643,
    25.2919
  ],
  "Ch\u0101l\u016bs": [
    51.4204,
    36.655
  ],
  "Dam\u0101vand": [
    52.06958,
    35.71842
  ],
  "Dehdasht": [
    50.56458,
    30.7949
  ],
  "Dehlor\u0101n": [
    47.2679,
    32.6941
  ],
  "Del\u012bj\u0101n": [
    50.6838,
    33.9905
  ],
  "Dogonbadan": [
    50.7981,
    30.3586
  ],
  "Dorcheh P\u012b\u0101z": [
    51.55556,
    32.61528
  ],
  "Dowlat\u0101b\u0101d": [
    51.69553,
    32.79978
  ],
  "D\u0101mgh\u0101n": [
    54.348,
    36.1683
  ],
  "D\u0101r\u0101b": [
    54.54444,
    28.75194
  ],
  "Eqb\u0101l\u012byeh": [
    51.5358,
    35.3022
  ],
  "Esfar\u0101yen": [
    57.51009,
    37.07645
  ],
  "E\u015ffah\u0101n": [
    51.67761,
    32.65722
  ],
  "Famast": [
    48.4626,
    34.03897
  ],
  "Farrokh Shahr": [
    50.98008,
    32.27174
  ],
  "Fas\u0101": [
    53.6482,
    28.9383
  ],
  "Fel\u0101varj\u0101n": [
    51.50974,
    32.5553
  ],
  "Fereyd\u016bn Ken\u0101r": [
    52.52255,
    36.68642
  ],
  "Fereyd\u016bnshahr": [
    50.121,
    32.94098
  ],
  "F\u0101rs\u0101n": [
    50.56096,
    32.25694
  ],
  "F\u012br\u016bz\u0101b\u0101d": [
    52.5707,
    28.8438
  ],
  "Ger\u0101sh": [
    54.1371,
    27.6652
  ],
  "Golp\u0101yeg\u0101n": [
    50.28836,
    33.4537
  ],
  "Gonbad-e Q\u0101b\u016bs": [
    55.16721,
    37.25004
  ],
  "Gon\u0101b\u0101d": [
    58.68365,
    34.35286
  ],
  "Gorg\u0101n": [
    54.44361,
    36.84165
  ],
  "Hamad\u0101n": [
    48.51456,
    34.79922
  ],
  "Hars\u012bn": [
    47.5861,
    34.2721
  ],
  "Hashtpar": [
    48.9037,
    37.8008
  ],
  "Hashtr\u016bd": [
    47.0508,
    37.4779
  ],
  "Herow\u0101b\u0101d": [
    48.5258,
    37.6189
  ],
  "Jav\u0101nr\u016bd": [
    46.51722,
    34.79611
  ],
  "Jong\u012byeh": [
    48.61667,
    31.25583
  ],
  "J\u016byb\u0101r": [
    52.91244,
    36.64115
  ],
  "Kahr\u012bz": [
    47.0553,
    34.3838
  ],
  "Kal\u0101leh": [
    55.49164,
    37.38071
  ],
  "Kang\u0101var": [
    47.9653,
    34.5043
  ],
  "Karaj": [
    50.99154,
    35.83266
  ],
  "Kel\u012bsh\u0101d va S\u016bdarj\u0101n": [
    51.52758,
    32.55118
  ],
  "Kerm\u0101n": [
    57.07879,
    30.28321
  ],
  "Kerm\u0101nsh\u0101h": [
    47.065,
    34.31417
  ],
  "Khav\u0101\u015f K\u016bh": [
    53.67444,
    32.30611
  ],
  "Khomeyn": [
    50.0789,
    33.64226
  ],
  "Khomeyn\u012b Shahr": [
    51.53609,
    32.6856
  ],
  "Khorram Darreh": [
    49.196,
    36.213
  ],
  "Khorramshahr": [
    48.18428,
    30.44079
  ],
  "Khorram\u0101b\u0101d": [
    48.35583,
    33.48778
  ],
  "Khvoy": [
    44.9521,
    38.5503
  ],
  "Khv\u0101ns\u0101r": [
    50.31497,
    33.22052
  ],
  "Kh\u0101n\u012b Yek": [
    51.68667,
    29.89167
  ],
  "Kh\u0101rk": [
    50.33056,
    29.26139
  ],
  "Kh\u0101sh": [
    61.21582,
    28.22107
  ],
  "K\u0101my\u0101r\u0101n": [
    46.9355,
    34.7956
  ],
  "K\u0101shmar": [
    58.46558,
    35.23831
  ],
  "K\u0101sh\u0101n": [
    51.43644,
    33.98308
  ],
  "K\u0101zer\u016bn": [
    51.65415,
    29.61949
  ],
  "K\u012bsh": [
    54.01944,
    26.55778
  ],
  "K\u016bh Sef\u012bd": [
    56.8014,
    29.2762
  ],
  "K\u016bhdasht": [
    47.60999,
    33.53335
  ],
  "Langer\u016bd": [
    50.15351,
    37.19701
  ],
  "Mahr\u012bz": [
    54.4428,
    31.58428
  ],
  "Mah\u0101b\u0101d": [
    45.7222,
    36.7631
  ],
  "Mal\u0101rd": [
    50.9767,
    35.6659
  ],
  "Mal\u0101yer": [
    48.8235,
    34.2969
  ],
  "Marand": [
    45.7749,
    38.4329
  ],
  "Mashhad": [
    59.56796,
    36.31559
  ],
  "Masjed Soleym\u0101n": [
    49.3039,
    31.9364
  ],
  "Mehr\u0101n": [
    46.1646,
    33.1222
  ],
  "Meybod": [
    54.01658,
    32.25014
  ],
  "M\u012bn\u0101b": [
    57.0801,
    27.1467
  ],
  "M\u012b\u0101ndow\u0101b": [
    46.1027,
    36.9694
  ],
  "Nah\u0101vand": [
    48.377,
    34.1885
  ],
  "Najaf\u0101b\u0101d": [
    51.3668,
    32.6344
  ],
  "Naqadeh": [
    45.388,
    36.9553
  ],
  "Nasht\u0101 R\u016bd": [
    51.01028,
    36.75417
  ],
  "Naz\u0327ar\u0101b\u0101d": [
    50.60608,
    35.95411
  ],
  "Nek\u0101\u2019": [
    53.29905,
    36.65079
  ],
  "Neyr\u012bz": [
    54.3278,
    29.1988
  ],
  "Neysh\u0101b\u016br": [
    58.79576,
    36.21329
  ],
  "Now Shahr": [
    51.496,
    36.649
  ],
  "No\u015frat\u0101b\u0101d": [
    59.98333,
    29.9
  ],
  "N\u016br\u0101b\u0101d": [
    51.52174,
    30.11405
  ],
  "Om\u012bdcheh": [
    48.14139,
    38.28667
  ],
  "Om\u012bd\u012byeh": [
    49.705,
    30.75972
  ],
  "Or\u016bm\u012byeh": [
    45.07605,
    37.55274
  ],
  "Oshnav\u012byeh": [
    45.0983,
    37.0397
  ],
  "Piranshahr": [
    45.1413,
    36.701
  ],
  "P\u0101rs\u0101b\u0101d": [
    47.9174,
    39.6482
  ],
  "P\u0101veh": [
    46.3565,
    35.0434
  ],
  "P\u012bshv\u0101": [
    51.7267,
    35.308
  ],
  "Qahder\u012bj\u0101n": [
    51.455,
    32.5767
  ],
  "Qarah \u1e94\u012b\u0101' od D\u012bn": [
    45.0255,
    38.8915
  ],
  "Qarchak": [
    51.57544,
    35.42867
  ],
  "Qarn\u0101b\u0101d": [
    54.59194,
    36.82222
  ],
  "Qazvin": [
    50.0041,
    36.26877
  ],
  "Qeshm": [
    56.2691,
    26.9492
  ],
  "Qohord-e B\u0101l\u0101": [
    48.0736,
    35.4399
  ],
  "Qom": [
    50.8764,
    34.6401
  ],
  "Qorveh": [
    47.8045,
    35.1664
  ],
  "Q\u0101yen": [
    59.18439,
    33.72654
  ],
  "Q\u016bch\u0101n": [
    58.50955,
    37.106
  ],
  "Rafsanj\u0101n": [
    55.9939,
    30.4067
  ],
  "Rasht": [
    49.58319,
    37.28077
  ],
  "Rehn\u0101n": [
    51.60158,
    32.68325
  ],
  "Rob\u0101\u0163 Kar\u012bm": [
    51.0829,
    35.4846
  ],
  "R\u0101mhormoz": [
    49.60351,
    31.27997
  ],
  "R\u0101msh\u012br": [
    49.4092,
    30.8946
  ],
  "R\u0101var": [
    56.80545,
    31.26562
  ],
  "R\u016bdsar": [
    50.288,
    37.13761
  ],