{
  "Akranes": [
    -22.0749,
    64.32179
  ],
  "Akureyri": [
    -18.0878,
    65.68353
  ],
  "Borgarnes": [
    -21.92064,
    64.53834
  ],
  "Dalv\u00edk": [
    -18.52861,
    65.97018
  ],
  "Egilssta\u00f0ir": [
    -14.39484,
    65.26533
  ],
  "Gar\u00f0ab\u00e6r": [
    -21.92298,
    64.08865
  ],
  "Grindav\u00edk": [
    -22.43931,
    63.83849
  ],
  "Hafnarfj\u00f6r\u00f0ur": [
    -21.93774,
    64.0671
  ],
  "Hverager\u00f0i": [
    -21.2034,
    64.00411
  ],
  "H\u00f6fn": [
    -15.21212,
    64.25388
  ],
  "H\u00fasav\u00edk": [
    -17.33834,
    66.04148
  ],
  "Keflav\u00edk": [
    -22.56242,
    64.00492
  ],
  "K\u00f3pavogur": [
    -21.91298,
    64.11234
  ],
  "Mosfellsb\u00e6r": [
    -21.7,
    64.16667
  ],
  "Neskaupsta\u00f0ur": [
    -13.68368,
    65.14819
  ],
  "Njar\u00f0v\u00edk": [
    -22.5145,
    63.9809
  ],
  "Reykjav\u00edk": [
    -21.89541,
    64.13548
  ],
  "Sandger\u00f0i": [
    -22.70798,
    64.03762
  ],
  "Sau\u00f0\u00e1rkr\u00f3kur": [
    -19.63944,
    65.74611
  ],
  "Selfoss": [
    -20.99712,
    63.93311
  ],
  "Seltjarnarnes": [
    -22,
    64.15
  ],
  "Siglufj\u00f6r\u00f0ur": [
    -18.90815,
    66.15198
  ],
  "Stykkish\u00f3lmur": [
    -22.72977,
    65.07537
  ],
  "Vestmannaeyjar": [
    -20.27339,
    63.44273
  ],
  "\u00c1lftanes": [
    -22.01667,
    64.1
  ],
  "\u00cdsafj\u00f6r\u00f0ur": [
    -23.124,
    66.07549
  ],
  "\u00deorl\u00e1ksh\u00f6fn": [
    -21.38337,
    63.85591
  ]
}
