{
  "Albert Town": [
    -77.54239,
    18.29434
  ],
  "Alexandria": [
    -77.35335,
    18.30768
  ],
  "Alligator Pond": [
    -77.56667,
    17.87002
  ],
  "Anchovy": [
    -77.93166,
    18.4103
  ],
  "Annotto Bay": [
    -76.76523,
    18.2717
  ],
  "Balaclava": [
    -77.64375,
    18.17228
  ],
  "Bamboo": [
    -77.26429,
    18.39216
  ],
  "Bath": [
    -76.34916,
    17.9482
  ],
  "Bethel Town": [
    -77.95112,
    18.29504
  ],
  "Black River": [
    -77.84873,
    18.02636
  ],
  "Bluefields": [
    -78.02702,
    18.16602
  ],
  "Bog Walk": [
    -77.00541,
    18.10205
  ],
  "Buff Bay": [
    -76.66118,
    18.23288
  ],
  "Bull Savanna": [
    -77.59022,
    17.88678
  ],
  "Cambridge": [
    -77.90252,
    18.31326
  ],
  "Cascade": [
    -78.10338,
    18.39747
  ],
  "Chapelton": [
    -77.26667,
    18.08333
  ],
  "Coleyville": [
    -77.50754,
    18.20783
  ],
  "Constant Spring": [
    -76.79372,
    18.05078
  ],
  "Dalvey": [
    -76.24864,
    17.91184
  ],
  "Darliston": [
    -77.97626,
    18.23731
  ],
  "Discovery Bay": [
    -77.39245,
    18.45986
  ],
  "Duncans": [
    -77.53633,
    18.468
  ],
  "Easington": [
    -76.58824,
    17.92397
  ],
  "Ewarton": [
    -77.07664,
    18.18084
  ],
  "Falmouth": [
    -77.65587,
    18.49358
  ],
  "Gayle": [
    -77.00971,
    18.32642
  ],
  "Golden Grove": [
    -76.27254,
    17.93362
  ],
  "Gordon Town": [
    -76.71782,
    18.03578
  ],
  "Half Way Tree": [
    -76.79928,
    18.01248
  ],
  "Hayes": [
    -77.23711,
    17.87569
  ],
  "Hope Bay": [
    -76.56288,
    18.20195
  ],
  "Islington": [
    -76.85482,
    18.30922
  ],
  "Kellits": [
    -77.23333,
    18.15
  ],
  "Kingston": [
    -76.79358,
    17.99702
  ],
  "Lacovia": [
    -77.75478,
    18.075
  ],
  "Limit": [
    -77.47121,
    18.15287
  ],
  "Linstead": [
    -77.03171,
    18.13683
  ],
  "Lionel Town": [
    -77.24061,
    17.81007
  ],
  "Lluidas Vale": [
    -77.14764,
    18.12784
  ],
  "Lucea": [
    -78.17356,
    18.45095
  ],
  "Maggotty": [
    -77.76349,
    18.16069
  ],
  "Malvern": [
    -77.70108,
    17.97291
  ],
  "Manchioneal": [
    -76.28265,
    18.03969
  ],
  "Mandeville": [
    -77.50714,
    18.04168
  ],
  "Maroon Town": [
    -77.79544,
    18.34464
  ],
  "Mavis Bank": [
    -76.66667,
    18.03333
  ],
  "May Pen": [
    -77.24515,
    17.96454
  ],
  "Mona Heights": [
    -76.75186,
    18.01375
  ],
  "Moneague": [
    -77.11177,
    18.27556
  ],
  "Montego Bay": [
    -77.91883,
    18.47116
  ],
  "Moore Town": [
    -76.42577,
    18.07767
  ],
  "Morant Bay": [
    -76.40927,
    17.88145
  ],
  "Nain": [
    -77.59868,
    17.9612
  ],
  "Negril": [
    -78.3518,
    18.27818
  ],
  "New Kingston": [
    -76.78319,
    18.00747
  ],
  "Ocho Rios": [
    -77.1048,
    18.4025
  ],
  "Old Harbour": [
    -77.10898,
    17.94144
  ],
  "Old Harbour Bay": [
    -77.09718,
    17.90918
  ],
  "Oracabessa": [
    -76.94641,
    18.40319
  ],
  "Petersfield": [
    -78.07117,
    18.26158
  ],
  "Point Hill": [
    -77.10759,
    18.08988
  ],
  "Port Antonio": [
    -76.46121,
    18.17998
  ],
  "Port Maria": [
    -76.88946,
    18.36849
  ],
  "Port Royal": [
    -76.84081,
    17.93712
  ],
  "Portmore": [
    -76.86722,
    17.97024
  ],
  "Porus": [
    -77.41166,
    18.03535
  ],
  "Race Course": [
    -77.28223,
    17.84019
  ],
  "Richmond": [
    -76.89078,
    18.2439
  ],
  "Riversdale": [
    -76.96417,
    18.16586
  ],
  "Rocky Point": [
    -77.26107,
    17.774
  ],
  "Runaway Bay": [
    -77.3357,
    18.45962
  ],
  "Saint Ann\u2019s Bay": [
    -77.20098,
    18.43581
  ],
  "Sandy Bay": [
    -78.07321,
    18.44854
  ],
  "Santa Cruz": [
    -77.69836,
    18.05336
  ],
  "Savanna-la-Mar": [
    -78.1332,
    18.21895
  ],
  "Seaforth": [
    -76.4573,
    17.93578
  ],
  "Siloah": [
    -77.70348,
    18.16709
  ],
  "Southfield": [
    -77.66713,
    17.8878
  ],
  "Spanish Town": [
    -76.95742,
    17.99107
  ],
  "Stony Hill": [
    -76.79109,
    18.07537
  ],
  "Trinity Ville": [
    -76.51427,
    17.96076
  ],
  "Ulster Spring": [
    -77.52067,
    18.31482
  ],
  "Wakefield": [
    -77.72183,
    18.41211
  ],
  "Williamsfield": [
    -77.46667,
    18.06667
  ],
  "Yallahs": [
    -76.56245,
    17.8748
  ]
}
