{
  "Adir": [
    35.76155,
    31.20217
  ],
  "Al Azraq ash Sham\u0101l\u012b": [
    36.83113,
    31.8801
  ],
  "Al Bunayy\u0101t ash Sham\u0101l\u012byah": [
    35.89314,
    31.89299
  ],
  "Al Jafr": [
    36.21215,
    30.29456
  ],
  "Al Jubayhah": [
    35.86458,
    32.02581
  ],
  "Al J\u012bzah": [
    35.95721,
    31.69968
  ],
  "Al Kar\u0101mah": [
    35.57917,
    31.95222
  ],
  "Al Kittah": [
    35.84114,
    32.27685
  ],
  "Al Mafraq": [
    36.20804,
    32.34289
  ],
  "Al Maz\u0101r": [
    35.69611,
    31.06556
  ],
  "Al Qa\u015fr": [
    35.745,
    31.31444
  ],
  "Al Quwayrah": [
    35.3116,
    29.80045
  ],
  "Al Quwaysimah": [
    35.95,
    31.9167
  ],
  "Al \u1e28amr\u0101\u2019": [
    36.15121,
    32.44061
  ],
  "Amman": [
    35.94503,
    31.95522
  ],
  "Aqaba": [
    35.00778,
    29.52667
  ],
  "Ar Rabbah": [
    35.73829,
    31.26923
  ],
  "Ar Ramth\u0101": [
    36.00694,
    32.55917
  ],
  "As Sal\u0163": [
    35.72722,
    32.03917
  ],
  "Ash Shajarah": [
    35.94097,
    32.64456
  ],
  "Ayd\u016bn": [
    35.8575,
    32.50722
  ],
  "A\u0163 \u0162af\u012blah": [
    35.60442,
    30.83752
  ],
  "A\u0163 \u0162ayyibah": [
    35.45997,
    30.25661
  ],
  "A\u0163 \u0162urrah": [
    35.99194,
    32.64139
  ],
  "Bal\u012bl\u0101": [
    35.93505,
    32.38806
  ],
  "Bayt Y\u0101f\u0101": [
    35.7883,
    32.51737
  ],
  "Bayt \u012adis": [
    35.69836,
    32.4376
  ],
  "Burm\u0101": [
    35.78394,
    32.2199
  ],
  "Bu\u015fayr\u0101": [
    35.60775,
    30.7376
  ],
  "Dayr Y\u016bsuf": [
    35.79873,
    32.49116
  ],
  "Irbid": [
    35.85,
    32.55556
  ],
  "Jarash": [
    35.89929,
    32.28082
  ],
  "Judita": [
    35.70802,
    32.40792
  ],
  "J\u0101w\u0101": [
    35.93928,
    31.85247
  ],
  "Kafr Ab\u012bl": [
    35.66938,
    32.41755
  ],
  "Kafr Asad": [
    35.7124,
    32.59828
  ],
  "Kafr Sawm": [
    35.8,
    32.68333
  ],
  "Karak City": [
    35.76204,
    31.16368
  ],
  "Kharj\u0101": [
    35.88697,
    32.65873
  ],
  "Kitim": [
    35.89563,
    32.43832
  ],
  "Kurayyimah": [
    35.59938,
    32.27639
  ],
  "Malk\u0101": [
    35.75013,
    32.67381
  ],
  "Ma\u2018\u0101n": [
    35.73405,
    30.19624
  ],
  "M\u0101dab\u0101": [
    35.8,
    31.71667
  ],
  "Petra": [
    35.47933,
    30.32221
  ],
  "Qafqaf\u0101": [
    35.9395,
    32.34831
  ],
  "Qumaym": [
    35.73269,
    32.57134
  ],
  "Q\u012br Mo\u0101v": [
    35.69999,
    31.18248
  ],
  "Raym\u016bn": [
    35.82532,
    32.28339
  ],
  "Russeifa": [
    36.04639,
    32.01778
  ],
  "Safi": [
    35.46544,
    31.03608
  ],
  "Sa\u1e29am": [
    35.77611,
    32.69833
  ],
  "Sa\u1e29\u0101b": [
    36.00501,
    31.87207
  ],
  "S\u0101kib": [
    35.80946,
    32.2833
  ],
  "S\u0101l": [
    35.91194,
    32.56944
  ],
  "S\u016bf": [
    35.83713,
    32.31372
  ],
  "Tibnah": [
    35.72844,
    32.47555
  ],
  "Umm Qays": [
    35.6854,
    32.65348
  ],
  "Umm al Qi\u0163\u0163ayn": [
    36.62944,
    32.31563
  ],
  "Umm as Summ\u0101q": [
    35.8543,
    31.88542
  ],
  "Waqq\u0101\u015f": [
    35.60533,
    32.5427
  ],
  "W\u0101d\u012b as S\u012br": [
    35.81979,
    31.95126
  ],
  "Yarq\u0101": [
    35.69473,
    31.97845
  ],
  "Zarqa": [
    36.08796,
    32.07275
  ],
  "Za\u1e29ar": [
    35.7775,
    32.56667
  ],
  "\u015eab\u1e29\u0101": [
    36.50098,
    32.32965
  ],
  "\u015eakhrah": [
    35.84656,
    32.36805
  ],
  "\u015eamm\u0101": [
    35.69025,
    32.57103
  ],
  "\u1e28akam\u0101": [
    35.88411,
    32.59445
  ],
  "\u1e28al\u0101wah": [
    35.66147,
    32.38464
  ],
  "\u1e28\u0101tim": [
    35.77722,
    32.64519
  ],
  "\u2018Ajl\u016bn": [
    35.75238,
    32.33385
  ],
  "\u2018Anjarah": [
    35.75653,
    32.3063
  ],
  "\u2018Ayn Jann\u0101": [
    35.76189,
    32.33529
  ],
  "\u2018Ayy": [
    35.64083,
    31.13333
  ],
  "\u2018Izr\u0101": [
    35.69278,
    31.15889
  ]
}
