{
  "Ahero": [
    34.9163,
    -0.17462
  ],
  "Athi River": [
    36.97826,
    -1.4563
  ],
  "Baringo": [
    35.96667,
    0.46667
  ],
  "Bomet": [
    35.34156,
    -0.78129
  ],
  "Bondo": [
    34.26944,
    0.23861
  ],
  "Bungoma": [
    34.58333,
    0.58333
  ],
  "Busia": [
    34.11169,
    0.46005
  ],
  "Butere": [
    34.49348,
    0.20636
  ],
  "Chepareria": [
    35.2039,
    1.30774
  ],
  "Chuka": [
    37.64588,
    -0.33316
  ],
  "Eldama Ravine": [
    35.73078,
    0.05158
  ],
  "Eldoret": [
    35.26992,
    0.52036
  ],
  "Embu": [
    37.4506,
    -0.53112
  ],
  "Garissa": [
    39.64601,
    -0.45275
  ],
  "Gazi": [
    39.50588,
    -4.42402
  ],
  "Hola": [
    40.03341,
    -1.48256
  ],
  "Homa Bay": [
    34.45714,
    -0.52731
  ],
  "Isiolo": [
    37.58218,
    0.35462
  ],
  "Kabarnet": [
    35.74303,
    0.49194
  ],
  "Kajiado": [
    36.77683,
    -1.85238
  ],
  "Kakamega": [
    34.75228,
    0.28422
  ],
  "Kangema": [
    36.96667,
    -0.68333
  ],
  "Kangundo": [
    37.34705,
    -1.29792
  ],
  "Kapenguria": [
    35.11667,
    1.23333
  ],
  "Kapsabet": [
    35.105,
    0.20387
  ],
  "Kapsowar": [
    35.56145,
    0.98119
  ],
  "Karuri": [
    37.18333,
    -0.7
  ],
  "Kericho": [
    35.28314,
    -0.36774
  ],
  "Keroka": [
    34.94531,
    -0.77584
  ],
  "Keruguya": [
    37.28031,
    -0.49886
  ],
  "Kiambu": [
    36.83333,
    -1.16667
  ],
  "Kihancha": [
    34.62616,
    -1.18376
  ],
  "Kijabe": [
    36.57581,
    -0.93304
  ],
  "Kikuyu": [
    36.66328,
    -1.24576
  ],
  "Kilifi": [
    39.84992,
    -3.63045
  ],
  "Kinango": [
    39.31528,
    -4.13723
  ],
  "Kipini": [
    40.5262,
    -2.52565
  ],
  "Kipkelion": [
    35.46847,
    -0.19675
  ],
  "Kisii": [
    34.76666,
    -0.68174
  ],
  "Kisumu": [
    34.76171,
    -0.10221
  ],
  "Kitale": [
    35.00622,
    1.01572
  ],
  "Kitui": [
    38.01056,
    -1.36696
  ],
  "Konza": [
    37.12941,
    -1.7426
  ],
  "Kwale": [
    39.45206,
    -4.17375
  ],
  "Lamu": [
    40.90201,
    -2.27169
  ],
  "Limuru": [
    36.65,
    -1.1
  ],
  "Litein": [
    35.19029,
    -0.58226
  ],
  "Lodwar": [
    35.59727,
    3.11911
  ],
  "Londiani": [
    35.59086,
    -0.16496
  ],
  "Luanda": [
    34.06459,
    0.29668
  ],
  "Lugulu": [
    34.30528,
    0.39361
  ],
  "Machakos": [
    37.26667,
    -1.51667
  ],
  "Magadi": [
    36.287,
    -1.90122
  ],
  "Makueni": [
    37.62034,
    -1.80409
  ],
  "Malaba": [
    34.2756,
    0.63457
  ],
  "Malikisi": [
    34.42167,
    0.67694
  ],
  "Malindi": [
    40.11692,
    -3.21799
  ],
  "Mandera": [
    41.85688,
    3.93726
  ],
  "Maragua": [
    37.13333,
    -0.78333
  ],
  "Maralal": [
    36.69799,
    1.09679
  ],
  "Mariakani": [
    39.47362,
    -3.86332
  ],
  "Marsabit": [
    37.98986,
    2.32839
  ],
  "Maua": [
    37.94052,
    0.23206
  ],
  "Mbale": [
    38.38333,
    -3.4
  ],
  "Meru": [
    37.65587,
    0.04626
  ],
  "Migori": [
    34.47313,
    -1.06344
  ],
  "Molo": [
    35.73743,
    -0.2479
  ],
  "Mombasa": [
    39.66359,
    -4.05466
  ],
  "Moyale": [
    39.05472,
    3.5216
  ],
  "Mtito Andei": [
    38.16631,
    -2.69009
  ],
  "Muhoroni": [
    35.19878,
    -0.15406
  ],
  "Mumias": [
    34.4864,
    0.33511
  ],
  "Murang\u2019a": [
    37.15,
    -0.71667
  ],
  "Mwingi": [
    38.06005,
    -0.93435
  ],
  "Nairobi": [
    36.81667,
    -1.28333
  ],
  "Naivasha": [
    36.43591,
    -0.71667
  ],
  "Nakuru": [
    36.06667,
    -0.28333
  ],
  "Namanga": [
    36.79053,
    -2.54327
  ],
  "Nambale": [
    34.25194,
    0.44594
  ],
  "Nandi Hills": [
    35.18378,
    0.1066
  ],
  "Nanyuki": [
    37.07283,
    0.01667
  ],
  "Naro Moru": [
    37.02129,
    -0.16756
  ],
  "Narok": [
    35.86012,
    -1.07829
  ],
  "Ngong": [
    36.6566,
    -1.36175
  ],
  "Nyahururu": [
    36.36734,
    0.0421
  ],
  "Nyamira": [
    34.967,
    -0.648
  ],
  "Nyeri": [
    36.94759,
    -0.42013
  ],
  "Ogembo": [
    34.72531,
    -0.7984
  ],
  "Ol Kalou": [
    36.37917,
    -0.27088
  ],
  "Othaya": [
    36.96091,
    -0.56516
  ],
  "Oyugis": [
    34.73583,
    -0.50898
  ],
  "Port Bunyala": [
    33.97559,
    0.09388
  ],
  "Pumwani": [
    36.85,
    -1.28333
  ],
  "Rongai": [
    35.86382,
    -0.17333
  ],
  "Rumuruti": [
    36.53886,
    0.26699
  ],
  "Sagana": [
    37.2,
    -0.66667
  ],
  "Sawa Sawa": [
    39.48463,
    -4.47166
  ],
  "Shimoni": [
    39.38175,
    -4.64756
  ],
  "Siaya": [
    34.28823,
    0.06116
  ],
  "Sotik": [
    35.11871,
    -0.68333
  ],
  "Takaungu": [
    39.85662,
    -3.68367
  ],
  "Taveta": [
    37.68336,
    -3.39879
  ],
  "Tharaka": [
    38.02691,
    -0.30861
  ],
  "Thika": [
    37.06933,
    -1.03326
  ],
  "Voi": [
    38.55609,
    -3.39605
  ],
  "Wajir": [
    40.05732,
    1.7471
  ],
  "Webuye": [
    34.76966,
    0.60751
  ],
  "Witu": [
    40.43821,
    -2.38886
  ],
  "Wote": [
    37.62882,
    -1.78079
  ],
  "Wundanyi": [
    38.36402,
    -3.40193
  ],
  "Yala": [
    34.53757,
    0.09906
  ]
}
