{
  "Ala-Buka": [
    71.48628,
    41.4105
  ],
  "Aravan": [
    72.4996,
    40.51608
  ],
  "At-Bashi": [
    75.81058,
    41.17017
  ],
  "Baetov": [
    74.95698,
    41.26668
  ],
  "Balykchy": [
    76.18709,
    42.46017
  ],
  "Batken": [
    70.81939,
    40.06259
  ],
  "Bazar-Korgon": [
    72.74586,
    41.0376
  ],
  "Belovodskoye": [
    74.1083,
    42.82944
  ],
  "Bishkek": [
    74.59,
    42.87
  ],
  "Bokombayevskoye": [
    76.99332,
    42.11768
  ],
  "Bystrovka": [
    75.68917,
    42.78458
  ],
  "Chayek": [
    74.51699,
    41.92768
  ],
  "Cholpon-Ata": [
    77.08225,
    42.64944
  ],
  "Chuy": [
    75.28233,
    42.81973
  ],
  "Gul\u2019cha": [
    73.44418,
    40.3138
  ],
  "Iradan": [
    72.1,
    40.26667
  ],
  "Isfana": [
    69.5276,
    39.83895
  ],
  "Ivanovka": [
    75.085,
    42.88778
  ],
  "Ivanovo-Alekseyevka": [
    72.20921,
    42.54688
  ],
  "Jalal-Abad": [
    73,
    40.93333
  ],
  "Kadzhi-Say": [
    77.17848,
    42.14107
  ],
  "Kaindy": [
    73.67585,
    42.82469
  ],
  "Kant": [
    74.85077,
    42.89106
  ],
  "Kanysh-Kyya": [
    71.09181,
    41.76536
  ],
  "Kara Suu": [
    72.86666,
    40.7046
  ],
  "Kara-Balta": [
    73.84813,
    42.81423
  ],
  "Kara-Kulja": [
    73.59249,
    40.63223
  ],
  "Karakol": [
    78.39362,
    42.49068
  ],
  "Karavan": [
    72.18627,
    40.29513
  ],
  "Kazarman": [
    74.02828,
    41.40452
  ],
  "Khaydarkan": [
    71.34184,
    39.94319
  ],
  "Kirovskoye": [
    71.5891,
    42.61981
  ],
  "Kochkor": [
    75.75659,
    42.21552
  ],
  "Kyzyl-Kyya": [
    72.12793,
    40.25684
  ],
  "Lebedinovka": [
    74.67819,
    42.88454
  ],
  "Leninpol\u2019": [
    71.9236,
    42.49298
  ],
  "Massy": [
    72.63748,
    41.064
  ],
  "Naryn": [
    75.99111,
    41.42866
  ],
  "Osh": [
    72.80826,
    40.51506
  ],
  "Pokrovka": [
    78.00644,
    42.34211
  ],
  "Sokuluk": [
    74.30257,
    42.85401
  ],
  "Sosnovka": [
    73.90572,
    42.63699
  ],
  "Sulyukta": [
    69.56779,
    39.93652
  ],
  "Suzak": [
    72.90482,
    40.8982
  ],
  "Talas": [
    72.65678,
    42.35473
  ],
  "Tash-Kumyr": [
    72.21708,
    41.34612
  ],
  "Teploklyuchenka": [
    78.52702,
    42.49948
  ],
  "Tokmok": [
    75.30149,
    42.84194
  ],
  "Toktogul": [
    72.9402,
    41.87079
  ],
  "Tyup": [
    78.36476,
    42.7276
  ],
  "Uzgen": [
    73.30068,
    40.76994
  ],
  "\u00dcch-Terek": [
    73.20032,
    41.76222
  ]
}
