{
  "Adda-Dou\u00e9ni": [
    44.49722,
    -12.2925
  ],
  "Antsah\u00e9": [
    44.5225,
    -12.35639
  ],
  "Assimpao": [
    44.31972,
    -12.23306
  ],
  "Bahani": [
    43.28417,
    -11.63972
  ],
  "Bambadjani": [
    43.37722,
    -11.47861
  ],
  "Bandajou": [
    44.28694,
    -12.19167
  ],
  "Barakani": [
    44.43026,
    -12.13861
  ],
  "Bimbini": [
    44.23556,
    -12.18833
  ],
  "Boungou\u00e9ni": [
    44.29944,
    -12.20556
  ],
  "Bouni": [
    43.38833,
    -11.48694
  ],
  "Chandra": [
    44.46472,
    -12.195
  ],
  "Chezani": [
    43.3875,
    -11.42806
  ],
  "Chindini": [
    43.48111,
    -11.92083
  ],
  "Chironkamba": [
    44.3525,
    -12.19111
  ],
  "Chitrouni": [
    44.33556,
    -12.18583
  ],
  "Daji": [
    44.48861,
    -12.32583
  ],
  "Demb\u00e9ni": [
    43.39778,
    -11.87361
  ],
  "Djoy\u00e9zi": [
    43.77333,
    -12.2975
  ],
  "Domoni": [
    44.53194,
    -12.25694
  ],
  "Douniani": [
    43.28889,
    -11.42111
  ],
  "Dziani": [
    44.48333,
    -12.18333
  ],
  "Fomboni": [
    43.7425,
    -12.28
  ],
  "Foumbouni": [
    43.48417,
    -11.86167
  ],
  "Hajoho": [
    44.48833,
    -12.1175
  ],
  "Hantsindzi": [
    43.40222,
    -11.42917
  ],
  "Harembo": [
    44.49833,
    -12.14361
  ],
  "Hoani": [
    43.67472,
    -12.25083
  ],
  "H\u00e9roumbili": [
    43.37972,
    -11.54389
  ],
  "Itsandra": [
    43.25472,
    -11.67111
  ],
  "Itsandz\u00e9ni": [
    43.38444,
    -11.47278
  ],
  "Ivouani": [
    43.38639,
    -11.3875
  ],
  "Kangani": [
    44.47472,
    -12.31167
  ],
  "Kavani": [
    44.26944,
    -12.19194
  ],
  "Koki": [
    44.44167,
    -12.17139
  ],
  "Koni-Djodjo": [
    44.48167,
    -12.22972
  ],
  "Koni-Ngani": [
    44.48,
    -12.21583
  ],
  "Koua": [
    43.27639,
    -11.42083
  ],
  "Kyo": [
    44.51917,
    -12.33222
  ],
  "Limbi": [
    44.50528,
    -12.23944
  ],
  "Lingoni": [
    44.41833,
    -12.25583
  ],
  "Madjeou\u00e9ni": [
    43.27806,
    -11.82167
  ],
  "Magnassini-Nindri": [
    44.41583,
    -12.27806
  ],
  "Mandza": [
    43.29528,
    -11.41806
  ],
  "Marahar\u00e9": [
    44.31333,
    -12.23083
  ],
  "Mavingouni": [
    43.2525,
    -11.71639
  ],
  "Mb\u00e9ni": [
    43.3775,
    -11.50139
  ],
  "Mirontsi": [
    44.40806,
    -12.15667
  ],
  "Mitsamiouli": [
    43.28444,
    -11.38472
  ],
  "Mjamaou\u00e9": [
    44.31,
    -12.19361
  ],
  "Mjimandra": [
    44.37028,
    -12.19167
  ],
  "Mkiriwadjumoi": [
    44.43702,
    -12.31086
  ],
  "Mnoungou": [
    43.37389,
    -11.51778
  ],
  "Mohoro": [
    43.44611,
    -11.82583
  ],
  "Moroni": [
    43.25506,
    -11.70216
  ],
  "Moutsamoudou": [
    44.39944,
    -12.16672
  ],
  "Moya": [
    44.43778,
    -12.30667
  ],
  "Mramani": [
    44.52861,
    -12.34639
  ],
  "Mr\u00e9mani": [
    44.49861,
    -12.30833
  ],
  "Mtakoudja": [
    43.70361,
    -12.26111
  ],
  "Mtsamdou": [
    43.38056,
    -11.60694
  ],
  "Mvouni": [
    43.26472,
    -11.71611
  ],
  "Nioumachoua": [
    43.71528,
    -12.36139
  ],
  "Nioumamilima": [
    43.43722,
    -11.85111
  ],
  "Ntsaou\u00e9ni": [
    43.26278,
    -11.46583
  ],
  "Ntsoudjini": [
    43.26139,
    -11.65972
  ],
  "Ongoni": [
    44.50694,
    -12.17028
  ],
  "Ouanani": [
    43.7975,
    -12.3375
  ],
  "Ouani": [
    44.42493,
    -12.13554
  ],
  "Ouella": [
    43.28056,
    -11.65361
  ],
  "Ouhozi": [
    43.28222,
    -11.405
  ],
  "Ourov\u00e9ni": [
    43.48861,
    -11.90972
  ],
  "Oussivo": [
    43.26722,
    -11.585
  ],
  "Ouzini": [
    44.47972,
    -12.26722
  ],
  "Paj\u00e9": [
    44.38806,
    -12.16972
  ],
  "Patsi": [
    44.43722,
    -12.15556
  ],
  "Salimani": [
    43.25917,
    -11.80806
  ],
  "Sima": [
    44.27667,
    -12.19556
  ],
  "Singani": [
    43.30917,
    -11.84556
  ],
  "S\u00e9l\u00e9a": [
    43.26083,
    -11.78444
  ],
  "Tsidj\u00e9": [
    43.26194,
    -11.69806
  ],
  "Vanadjou": [
    43.27611,
    -11.6075
  ],
  "Vanambouani": [
    43.25306,
    -11.61139
  ],
  "Vouani": [
    44.37444,
    -12.24417
  ],
  "Ziroudani": [
    43.7775,
    -12.3325
  ]
}
