{
  "Basseterre": [
    -62.7261,
    17.29484
  ],
  "Cayon": [
    -62.73333,
    17.35
  ],
  "Charlestown": [
    -62.61667,
    17.13333
  ],
  "Cotton Ground": [
    -62.61667,
    17.16667
  ],
  "Dieppe Bay Town": [
    -62.81528,
    17.41297
  ],
  "Fig Tree": [
    -62.6,
    17.11667
  ],
  "Market Shop": [
    -62.56667,
    17.11667
  ],
  "Middle Island": [
    -62.81667,
    17.31667
  ],
  "Monkey Hill": [
    -62.71667,
    17.31667
  ],
  "Newcastle": [
    -62.58333,
    17.2
  ],
  "Nicola Town": [
    -62.75,
    17.36667
  ],
  "Saint Paul\u2019s": [
    -62.81667,
    17.4
  ],
  "Sandy Point Town": [
    -62.83333,
    17.35
  ],
  "Trinity": [
    -62.76667,
    17.3
  ]
}
