{
  "Anak": [
    125.49417,
    38.51083
  ],
  "Anby\u014fn-\u016dp": [
    127.52389,
    39.0425
  ],
  "Anju": [
    125.66472,
    39.61778
  ],
  "Aoji-ri": [
    130.39528,
    42.52056
  ],
  "Ayang-ni": [
    125.78,
    38.24306
  ],
  "Chaery\u014fng-\u016dp": [
    125.61556,
    38.39917
  ],
  "Changy\u014fn": [
    125.09611,
    38.25083
  ],
  "Chas\u014fng": [
    126.64139,
    41.46083
  ],
  "Chongjin": [
    129.77583,
    41.79556
  ],
  "Chunghwa": [
    125.8,
    38.86389
  ],
  "Ch\u014fngju": [
    125.21028,
    39.69333
  ],
  "Haeju": [
    125.71472,
    38.04056
  ],
  "Hamh\u016dng": [
    127.53639,
    39.91833
  ],
  "Hau-ri": [
    129.47028,
    41.20056
  ],
  "Hoemul-li": [
    129.67,
    41.43389
  ],
  "Hoery\u014fng": [
    129.75083,
    42.44278
  ],
  "Hoeyang": [
    127.59833,
    38.71028
  ],
  "Hongw\u014fn": [
    127.95583,
    40.02528
  ],
  "Hwangju-\u016dp": [
    125.77611,
    38.67028
  ],
  "Hyesan-dong": [
    128.17873,
    41.39756
  ],
  "Hyesan-si": [
    128.17778,
    41.40167
  ],
  "H\u016dkkyo-ri": [
    125.79194,
    38.79861
  ],
  "H\u016dngju-dong": [
    126.54756,
    40.99629
  ],
  "H\u016dngnam": [
    127.61861,
    39.83167
  ],
  "Iw\u014fn-\u016dp": [
    128.65528,
    40.32306
  ],
  "Kaes\u014fng": [
    126.55444,
    37.97083
  ],
  "Kangdong-\u016dp": [
    126.09611,
    39.1425
  ],
  "Kanggye-si": [
    126.58523,
    40.96946
  ],
  "Kapsan-\u016dp": [
    128.29333,
    41.09028
  ],
  "Kilju": [
    129.32778,
    40.96417
  ],
  "Kimch\u2019aek-si": [
    129.18972,
    40.66889
  ],
  "Koksan": [
    126.66639,
    38.78194
  ],
  "Komusan 1-tong": [
    129.7,
    42.10917
  ],
  "Kosan": [
    127.41806,
    38.85583
  ],
  "Kow\u014fn-\u016dp": [
    127.24306,
    39.43806
  ],
  "Kujang-\u016dp": [
    126.03028,
    39.86722
  ],
  "Kus\u014fng": [
    125.24472,
    39.98111
  ],
  "Kwaksan": [
    125.08278,
    39.6875
  ],
  "Ky\u014fngs\u014fng": [
    129.60611,
    41.58778
  ],
  "Ky\u014fngw\u014fn": [
    130.15278,
    42.81361
  ],
  "Musan-\u016dp": [
    129.20776,
    42.22609
  ],
  "Najin": [
    130.30028,
    42.24889
  ],
  "Namp\u2019o": [
    125.40778,
    38.7375
  ],
  "Namyang-dong": [
    129.86667,
    42.95
  ],
  "Nanam": [
    129.68444,
    41.71361
  ],
  "Ongjin": [
    125.36194,
    37.93472
  ],
  "Ons\u014fng": [
    129.99333,
    42.95722
  ],
  "Panghy\u014fn-dong": [
    125.24139,
    39.88722
  ],
  "Pukchil-lodongjagu": [
    125.74833,
    40.20194
  ],
  "Pury\u014fng": [
    129.71167,
    42.06056
  ],
  "Pyongyang": [
    125.75432,
    39.03385
  ],
  "Py\u014fks\u014fng-\u016dp": [
    125.55667,
    38.0475
  ],
  "P\u2019y\u014fngs\u014fng": [
    125.87194,
    39.24639
  ],
  "Sakchu-\u016dp": [
    125.04667,
    40.38944
  ],
  "Samho-rodongjagu": [
    127.87111,
    39.9475
  ],
  "Sangs\u014fng-ni": [
    126.88556,
    39.16944
  ],
  "Sariw\u014fn": [
    125.75583,
    38.50722
  ],
  "Sil-li": [
    125.47361,
    39.49472
  ],
  "Sinanju": [
    125.60972,
    39.59806
  ],
  "Sinmak": [
    126.23333,
    38.41667
  ],
  "Sinsang-ni": [
    127.40583,
    39.65028
  ],
  "Sin\u016diju": [
    124.39806,
    40.10056
  ],
  "Songnim": [
    125.645,
    38.75417
  ],
  "Sunan": [
    125.69,
    39.19833
  ],
  "S\u014fnbong": [
    130.39667,
    42.34222
  ],
  "S\u016dngam-nodongjagu": [
    129.66889,
    41.66972
  ],
  "S\u016dngho 1-tong": [
    125.97778,
    38.99139
  ],
  "S\u016dngjibaegam": [
    128.79889,
    41.24278
  ],
  "T\u2019ongch\u2019\u014fn-\u016dp": [
    127.89167,
    38.95389
  ],
  "Ungsang-nodongjagu": [
    130.46222,
    42.35778
  ],
  "W\u014fnsan": [
    127.44361,
    39.15278
  ],
  "Yonggang-\u016dp": [
    125.42444,
    38.85611
  ],
  "Yuktae-dong": [
    128.15972,
    40.02472
  ],
  "Y\u014fmju-\u016dp": [
    124.59806,
    39.89333
  ],
  "Y\u014fnan-\u016dp": [
    126.16111,
    37.90889
  ],
  "Y\u014fngby\u014fn": [
    125.80417,
    39.81333
  ],
  "Y\u014fnggwang-\u016dp": [
    127.45472,
    40.01833
  ],
  "\u016cijin-dong": [
    126.49584,
    40.97518
  ],
  "\u016ciju": [
    124.53167,
    40.19944
  ]
}
