{
  "Ad Dasmah": [
    48.00139,
    29.365
  ],
  "Al A\u1e29mad\u012b": [
    48.08389,
    29.07694
  ],
  "Al Farw\u0101n\u012byah": [
    47.95861,
    29.2775
  ],
  "Al Fa\u1e29\u0101\u1e29\u012bl": [
    48.13028,
    29.0825
  ],
  "Al Fin\u0163\u0101s": [
    48.12111,
    29.17389
  ],
  "Al Funay\u0163\u012bs": [
    48.10167,
    29.22528
  ],
  "Al Jahr\u0101\u2019": [
    47.65806,
    29.3375
  ],
  "Al Mahb\u016blah": [
    48.13028,
    29.145
  ],
  "Al Manqaf": [
    48.13278,
    29.09611
  ],
  "Al Wafrah": [
    47.93056,
    28.63917
  ],
  "Ar Riqqah": [
    48.09472,
    29.14583
  ],
  "Ar Rumayth\u012byah": [
    48.07417,
    29.31167
  ],
  "Ar R\u0101biyah": [
    47.93306,
    29.295
  ],
  "As S\u0101lim\u012byah": [
    48.07611,
    29.33389
  ],
  "Ash Sh\u0101m\u012byah": [
    47.96167,
    29.34722
  ],
  "Az Zawr": [
    48.27472,
    29.4425
  ],
  "Bay\u0101n": [
    48.04881,
    29.3032
  ],
  "Jan\u016bb as Surrah": [
    47.97806,
    29.26917
  ],
  "Kuwait City": [
    47.97833,
    29.36972
  ],
  "Mub\u0101rak al Kab\u012br": [
    48.08716,
    29.18979
  ],
  "Salw\u00e1": [
    48.07861,
    29.29583
  ],
  "\u015eab\u0101\u1e29 as S\u0101lim": [
    48.05722,
    29.25722
  ],
  "\u1e28awall\u012b": [
    48.02861,
    29.33278
  ]
}
