{
  "Abay": [
    72.86164,
    49.63574
  ],
  "Akkol\u2019": [
    69.59997,
    53.29617
  ],
  "Aksu": [
    69.82795,
    42.4219
  ],
  "Aksuat": [
    83.7,
    48.71667
  ],
  "Aktau": [
    72.83333,
    48.03333
  ],
  "Aktogay": [
    75.3,
    48.16667
  ],
  "Akzhal": [
    75.58438,
    49.69244
  ],
  "Almaty": [
    76.92848,
    43.25654
  ],
  "Altay": [
    82.36098,
    50.24489
  ],
  "Aqadyr": [
    72.85826,
    48.2606
  ],
  "Aqbaqay": [
    72.78333,
    45
  ],
  "Aqk\u00f6l": [
    70.94704,
    51.99374
  ],
  "Aqsay": [
    52.99782,
    51.1681
  ],
  "Aqshata\u016b": [
    74.0575,
    47.98917
  ],
  "Aqs\u016b": [
    71.97872,
    52.46348
  ],
  "Aqs\u016b-Ayuly": [
    73.67744,
    48.76862
  ],
  "Aqtas": [
    72.96128,
    49.77952
  ],
  "Aqta\u016b": [
    73.06709,
    50.23587
  ],
  "Aqtoghay": [
    79.66667,
    46.95
  ],
  "Aqt\u00f6be": [
    57.20718,
    50.27969
  ],
  "Aral": [
    61.66667,
    46.8
  ],
  "Arkalyk": [
    66.92027,
    50.24915
  ],
  "Arys": [
    68.80463,
    42.42965
  ],
  "Ashchysay": [
    68.88889,
    43.55417
  ],
  "Astana": [
    71.44598,
    51.1801
  ],
  "Astrakhan": [
    69.79684,
    51.53092
  ],
  "Asykata": [
    68.3643,
    40.8946
  ],
  "As\u016bbulaq": [
    83.06355,
    49.55688
  ],
  "Atas\u016b": [
    71.64469,
    48.68659
  ],
  "Atbasar": [
    68.35996,
    51.80652
  ],
  "Atyrau": [
    51.88333,
    47.11667
  ],
  "Ayagoz": [
    80.43437,
    47.96447
  ],
  "Ayteke Bi": [
    62.15264,
    45.84608
  ],
  "Bakanas": [
    76.27214,
    44.80838
  ],
  "Bakyrshik": [
    81.5821,
    49.7105
  ],
  "Balkashino": [
    68.75254,
    52.52009
  ],
  "Balpyk B\u012b": [
    78.23157,
    44.90225
  ],
  "Balqash": [
    74.995,
    46.84806
  ],
  "Balyqshy": [
    51.86667,
    47.06667
  ],
  "Batamshinskiy": [
    58.27715,
    50.56022
  ],
  "Bayaldyr": [
    68.31667,
    42.83333
  ],
  "Bayana\u016byl": [
    75.70123,
    50.79304
  ],
  "Bayganin": [
    55.87512,
    48.68976
  ],
  "Baykonyr": [
    63.31667,
    45.61667
  ],
  "Bayshonas": [
    52.94111,
    47.24139
  ],
  "Bayzhansay": [
    69.93722,
    43.18
  ],
  "Ba\u016bt\u012bno": [
    50.24628,
    44.54479
  ],
  "Belk\u00f6l": [
    65.58796,
    44.81162
  ],
  "Belogorsk\u012by": [
    83.14803,
    49.47698
  ],
  "Bel\u016bsovka": [
    82.52481,
    50.13287
  ],
  "Best\u00f6be": [
    73.09584,
    52.50171
  ],
  "Beyneu": [
    55.2,
    45.31667
  ],
  "Birlestik": [
    68.35517,
    53.5836
  ],
  "Bishkul\u2019": [
    69.09951,
    54.77763
  ],
  "Borod\u016bl\u012bkha": [
    80.9295,
    50.71841
  ],
  "Borovskoy": [
    64.18405,
    53.79442
  ],
  "Burlin": [
    52.71392,
    51.42724
  ],
  "Burunday": [
    76.85778,
    43.36028
  ],
  "B\u016blaevo": [
    70.44622,
    54.90521
  ],
  "B\u016brabay": [
    70.31379,
    53.08382
  ],
  "Chapaev": [
    51.16667,
    50.2
  ],
  "Chingirlau": [
    54.08426,
    51.09878
  ],
  "Derzhav\u012bnsk": [
    66.31557,
    51.09922
  ],
  "Dol\u012bnka": [
    72.67822,
    49.67685
  ],
  "Dossor": [
    52.98111,
    47.52722
  ],
  "Dostyq": [
    82.48783,
    45.255
  ],
  "Dzhalagash": [
    64.66667,
    45.08333
  ],
  "Dzhambeyty": [
    52.59895,
    50.25676
  ],
  "Dzhangala": [
    50.33333,
    49.21667
  ],
  "Dzhetygara": [
    61.19894,
    52.19019
  ],
  "Egindik\u00f6l": [
    69.47928,
    51.05412
  ],
  "Ekibastuz": [
    75.32287,
    51.72371
  ],
  "Embi": [
    58.15042,
    48.82981
  ],
  "Energeticheskiy": [
    77.01908,
    43.42684
  ],
  "Ertis": [
    75.45901,
    53.33367
  ],
  "Esik": [
    77.45245,
    43.3552
  ],
  "Esil": [
    66.40841,
    51.95495
  ],
  "Fedorovka": [
    62.69654,
    53.63809
  ],
  "Fort-Shevchenko": [
    50.26388,
    44.50654
  ],
  "Georgiyevka": [
    74.71287,
    43.03882
  ],
  "Georg\u012bevka": [
    81.57373,
    49.32671
  ],
  "Glubokoye": [
    82.31329,
    50.14112
  ],
  "Granitogorsk": [
    73.46906,
    42.74337
  ],
  "Ilyich": [
    68.50643,
    40.84782
  ],
  "Kachar": [
    62.86942,
    53.36871
  ],
  "Kach\u012bry": [
    76.10489,
    53.06649
  ],
  "Kamenka": [
    50.29454,
    51.11074
  ],
  "Karabas": [
    76.2,
    46.53333
  ],
  "Karagandy": [
    73.1658,
    49.83333
  ],
  "Karasu": [
    65.48421,
    52.65995
  ],
  "Karatau": [
    70.46667,
    43.16667
  ],
  "Kaztalovka": [
    48.68902,
    49.76612
  ],
  "Kegen": [
    79.22194,
    43.02055
  ],
  "Kentau": [
    68.5094,
    43.52061
  ],
  "Khantaghy": [
    68.5775,
    43.52639
  ],
  "Khanta\u016b": [
    73.79555,
    44.22744
  ],
  "Khromtau": [
    58.44003,
    50.25117
  ],
  "Kishkenekol\u2019": [
    72.34079,
    53.63589
  ],
  "Kokpekty": [
    82.4,
    48.75
  ],
  "Kokshetau": [
    69.39692,
    53.28244
  ],
  "Koktal": [
    73.51667,
    49.65
  ],
  "Kokterek": [
    70.26667,
    42.53333
  ],
  "Komsomolets": [
    62.0584,
    53.75019
  ],
  "Kostanay": [
    63.62463,
    53.21435
  ],
  "Krasnogorsk\u012by": [
    66.52434,
    52.24474
  ],
  "Kr\u016bgloozernoe": [
    51.28992,
    51.07854
  ],
  "Kulan": [
    72.72066,
    42.9101
  ],
  "Kurchum": [
    83.66146,
    48.56603
  ],
  "Kuryk": [
    51.65,
    43.2
  ],
  "Kyzylorda": [
    65.50917,
    44.85278
  ],
  "Kyzylzhar": [
    72.60761,
    49.98197
  ],
  "K\u00f6kt\u00f6be": [
    77.47177,
    51.52844
  ],
  "K\u012bevka": [
    71.54839,
    50.26212
  ],
  "K\u016brchatov": [
    78.54188,
    50.75617
  ],
  "Lenger": [
    69.88393,
    42.18301
  ],
  "Len\u012bnsk\u012by": [
    76.78054,
    52.2548
  ],
  "Lepsy": [
    78.94556,
    46.235
  ],
  "Lisakovsk": [
    62.49987,
    52.54707
  ],
  "Lugovoy": [
    72.76098,
    42.94196
  ],
  "Makhambet": [
    51.58333,
    47.66667
  ],
  "Mak\u012bnsk": [
    70.4177,
    52.63373
  ],
  "Maleevsk": [
    84.28699,
    49.81178
  ],
  "Maloye Ganyushkino": [
    49.26667,
    46.6
  ],
  "Maqat": [
    53.31667,
    47.65
  ],
  "Martuk": [
    56.50611,
    50.74746
  ],
  "Matay": [
    78.71806,
    45.895
  ],
  "Mayqayyng": [
    75.80481,
    51.46088
  ],
  "Merke": [
    73.17623,
    42.86772
  ],
  "Miyaly": [
    53.79194,
    48.88504
  ],
  "Moyynkum": [
    72.9392,
    44.28461
  ],
  "Moyynty": [
    73.36694,
    47.22111
  ],
  "Munayshy": [
    52.10861,
    43.49111
  ],
  "Mynaral": [
    73.68444,
    45.41611
  ],
  "Myrzakent": [
    68.53333,
    40.66667
  ],
  "Novodol\u012bnsk\u012by": [
    72.70807,
    49.7065
  ],
  "Novoishimskiy": [
    66.76944,
    53.19806
  ],
  "Ognevka": [
    83.01674,
    49.68352
  ],
  "Oktyabr\u2019sk": [
    57.41914,
    49.46912
  ],
  "Oral": [
    51.36667,
    51.23333
  ],
  "Ordzhonikidze": [
    61.74942,
    52.44772
  ],
  "Osakarovka": [
    72.57089,
    50.56219
  ],
  "Oskemen": [
    82.60586,
    49.97143
  ],
  "Oytal": [
    73.26972,
    42.90573
  ],
  "Pavlodar": [
    77.00438,
    52.27401
  ],
  "Peremetnoe": [
    50.85544,
    51.19925
  ],
  "Pervomayskiy": [
    76.94,
    43.37361
  ],
  "Pervorosiyskiy": [
    83.8492,
    49.7165
  ],
  "Petropavlovsk": [
    69.143,
    54.87278
  ],
  "Priisk Boko": [
    81.64528,
    49.06028
  ],
  "Priozersk": [
    73.70247,
    46.03106
  ],
  "Qalqaman": [
    76.02723,
    51.95349
  ],
  "Qapshaghay": [
    77.06304,
    43.86681
  ],
  "Qaraton": [
    53.48639,
    46.43528
  ],
  "Qarazhal": [
    70.78918,
    48.00684
  ],
  "Qara\u016byl": [
    79.25502,
    48.94509
  ],
  "Qarqaraly": [
    75.47286,
    49.41287
  ],
  "Qazaly": [
    62.1075,
    45.76278
  ],
  "Qazyqurt": [
    69.38798,
    41.75979
  ],
  "Qulsary": [
    54.01978,
    46.95307
  ],
  "Qusmuryn": [
    64.61977,
    52.45107
  ],
  "Q\u016bshoqy": [
    73.40382,
    50.23058
  ],
  "Ridder": [
    83.51287,
    50.34413
  ],
  "Rudnyy": [
    63.11677,
    52.9729
  ],
  "Saken Seyfullin": [
    72.83598,
    48.85692
  ],