{
  "Aaley": [
    35.6,
    33.80528
  ],
  "Ain Ebel": [
    35.40251,
    33.11023
  ],
  "Amio\u00fbn": [
    35.80889,
    34.3
  ],
  "Baabda": [
    35.54417,
    33.83389
  ],
  "Baalbek": [
    36.21806,
    34.00583
  ],
  "Batro\u00fbn": [
    35.65806,
    34.25528
  ],
  "Bcharr\u00e9": [
    36.01056,
    34.25083
  ],
  "Beirut": [
    35.49442,
    33.88894
  ],
  "Bent Jba\u00efl": [
    35.43333,
    33.11944
  ],
  "Be\u00eft ed D\u00eene": [
    35.58083,
    33.69417
  ],
  "Bhamdoun": [
    35.65111,
    33.795
  ],
  "Bhamdo\u00fbn el Mhatta": [
    35.65972,
    33.80861
  ],
  "Djounie": [
    35.61778,
    33.98083
  ],
  "El Hermel": [
    36.38472,
    34.39417
  ],
  "Habbo\u00fbch": [
    35.48169,
    33.40729
  ],
  "Halba": [
    36.07972,
    34.54278
  ],
  "H\u00e2sba\u00efya": [
    35.685,
    33.39778
  ],
  "Jba\u00efl": [
    35.64806,
    34.12111
  ],
  "Jdaidet el Matn": [
    35.56639,
    33.89056
  ],
  "Jezz\u00eene": [
    35.58444,
    33.54167
  ],
  "Joubb Jann\u00eene": [
    35.78417,
    33.62694
  ],
  "Marjayo\u00fbn": [
    35.59111,
    33.36028
  ],
  "Nabat\u00eey\u00e9 et Tahta": [
    35.48389,
    33.37889
  ],
  "Ra\u2019s Bayr\u016bt": [
    35.48333,
    33.9
  ],
  "R\u00e2cha\u00efya el Ouadi": [
    35.8437,
    33.50089
  ],
  "Sidon": [
    35.37564,
    33.55993
  ],
  "S\u00eer ed Danniy\u00e9": [
    36.03111,
    34.38528
  ],
  "Tripoli": [
    35.84972,
    34.43667
  ],
  "Tyre": [
    35.19389,
    33.27333
  ],
  "Zahl\u00e9": [
    35.90203,
    33.84675
  ],
  "Zghart\u0101": [
    35.89493,
    34.39739
  ]
}
