{
  "Anse La Raye": [
    -61.03333,
    13.93333
  ],
  "Bis\u00e9e": [
    -60.96667,
    14.01667
  ],
  "Canaries": [
    -61.06459,
    13.90224
  ],
  "Castries": [
    -61.00614,
    13.9957
  ],
  "Choiseul": [
    -61.04931,
    13.77273
  ],
  "Dennery": [
    -60.88786,
    13.89958
  ],
  "Gros Islet": [
    -60.95,
    14.06667
  ],
  "Laborie": [
    -60.98333,
    13.75
  ],
  "Micoud": [
    -60.9,
    13.81667
  ],
  "Praslin": [
    -60.9,
    13.86667
  ],
  "Soufri\u00e8re": [
    -61.0566,
    13.85616
  ],
  "Vieux Fort": [
    -60.95,
    13.71667
  ]
}
