{
  "Balzers": [
    9.5,
    47.06667
  ],
  "Eschen": [
    9.52223,
    47.21071
  ],
  "Gamprin": [
    9.50935,
    47.22038
  ],
  "Mauren": [
    9.5442,
    47.21805
  ],
  "Planken": [
    9.54437,
    47.18516
  ],
  "Ruggell": [
    9.5254,
    47.23799
  ],
  "Schaan": [
    9.50867,
    47.16498
  ],
  "Schellenberg": [
    9.54678,
    47.23123
  ],
  "Triesen": [
    9.52815,
    47.10752
  ],
  "Triesenberg": [
    9.54197,
    47.11815
  ],
  "Vaduz": [
    9.52154,
    47.14151
  ]
}
