{
  "Ambalangoda": [
    80.0538,
    6.2355
  ],
  "Ampara": [
    81.68202,
    7.29754
  ],
  "Anuradhapura": [
    80.41306,
    8.31223
  ],
  "Badulla": [
    81.0557,
    6.9895
  ],
  "Battaramulla South": [
    79.9181,
    6.8964
  ],
  "Batticaloa": [
    81.6924,
    7.7102
  ],
  "Bentota": [
    79.99575,
    6.42598
  ],
  "Beruwala": [
    79.9828,
    6.4788
  ],
  "Chilaw": [
    79.79528,
    7.57583
  ],
  "Colombo": [
    79.84778,
    6.93194
  ],
  "Dambulla": [
    80.65167,
    7.86
  ],
  "Eravur Town": [
    81.6038,
    7.7782
  ],
  "Galkissa": [
    79.863,
    6.8293
  ],
  "Galle": [
    80.217,
    6.0367
  ],
  "Gampaha": [
    79.9925,
    7.0897
  ],
  "Gampola": [
    80.5696,
    7.1643
  ],
  "Hanwella Ihala": [
    80.0852,
    6.9012
  ],
  "Haputale": [
    80.95954,
    6.76812
  ],
  "Hatton": [
    80.5955,
    6.8916
  ],
  "Hendala": [
    79.883,
    6.9909
  ],
  "Hikkaduwa": [
    80.1012,
    6.1407
  ],
  "Homagama": [
    80.0024,
    6.844
  ],
  "Horana South": [
    80.0626,
    6.7159
  ],
  "Horawala Junction": [
    80.12708,
    6.48088
  ],
  "Ja Ela": [
    79.8919,
    7.0744
  ],
  "Jaffna": [
    80.00742,
    9.66845
  ],
  "Kadugannawa": [
    80.5242,
    7.2547
  ],
  "Kalmunai": [
    81.83472,
    7.40902
  ],
  "Kalutara": [
    79.9593,
    6.5831
  ],
  "Kandana": [
    79.8937,
    7.048
  ],
  "Kandy": [
    80.6356,
    7.2955
  ],
  "Katunayaka North": [
    79.8757,
    7.1643
  ],
  "Kelaniya": [
    79.922,
    6.9553
  ],
  "Kilinochchi": [
    80.3982,
    9.3961
  ],
  "Kolonnawa": [
    79.8848,
    6.9329
  ],
  "Kotikawatta": [
    79.9095,
    6.9269
  ],
  "Kuliyapitiya": [
    80.0401,
    7.4688
  ],
  "Kurunegala": [
    80.3623,
    7.4863
  ],
  "Maharagama": [
    79.9265,
    6.848
  ],
  "Matara": [
    80.53528,
    5.94851
  ],
  "Minuwangoda": [
    79.9533,
    7.1663
  ],
  "Monaragala": [
    81.3487,
    6.8714
  ],
  "Moratuwa": [
    79.8816,
    6.773
  ],
  "Mulleriyawa": [
    79.9297,
    6.933
  ],
  "Negombo": [
    79.8358,
    7.2083
  ],
  "Nuwara Eliya": [
    80.78286,
    6.97078
  ],
  "Panadura": [
    79.9026,
    6.7132
  ],
  "Peliyagoda": [
    79.8836,
    6.9685
  ],
  "Pita Kotte": [
    79.9015,
    6.8905
  ],
  "Point Pedro": [
    80.23333,
    9.81667
  ],
  "Polonnaruwa": [
    81.00274,
    7.93965
  ],
  "Puttalam": [
    79.8283,
    8.0362
  ],
  "Ratnapura": [
    80.39917,
    6.68278
  ],
  "Shanjeev Home": [
    81.84198,
    7.38216
  ],
  "Sigiriya": [
    80.75037,
    7.94946
  ],
  "Sri Jayewardenepura Kotte": [
    79.90708,
    6.88297
  ],
  "Talawakele": [
    80.6581,
    6.9371
  ],
  "Tangalla": [
    80.7911,
    6.024
  ],
  "Trincomalee": [
    81.2335,
    8.5711
  ],
  "Valvedditturai": [
    80.16667,
    9.81667
  ],
  "Vavuniya": [
    80.4971,
    8.7514
  ],
  "Wattala": [
    79.8898,
    6.9779
  ],
  "Wattegama": [
    81.4808,
    6.7989
  ],
  "Weligama": [
    80.42968,
    5.97501
  ],
  "Welisara": [
    79.9014,
    7.0281
  ]
}
