{
  "Akmen\u0117": [
    22.75,
    56.25
  ],
  "Alytus": [
    24.05,
    54.4
  ],
  "Anyk\u0161\u010diai": [
    25.10264,
    55.52557
  ],
  "Ariogala": [
    23.46667,
    55.26667
  ],
  "Auk\u0161tadvaris": [
    24.53333,
    54.58333
  ],
  "Baltoji Vok\u0117": [
    25.2,
    54.6
  ],
  "Bir\u0161tonas": [
    24.03333,
    54.61667
  ],
  "Bir\u017eai": [
    24.75,
    56.2
  ],
  "Dainava (Kaunas)": [
    23.96831,
    54.91525
  ],
  "Daugai": [
    24.33333,
    54.36667
  ],
  "Druskininkai": [
    23.96667,
    54.01667
  ],
  "D\u016bk\u0161tas": [
    26.33333,
    55.53333
  ],
  "Ei\u0161i\u0161k\u0117s": [
    25,
    54.16667
  ],
  "Elektr\u0117nai": [
    24.63333,
    54.76667
  ],
  "E\u017eer\u0117lis": [
    23.61667,
    54.88333
  ],
  "Garg\u017edai": [
    21.40333,
    55.71278
  ],
  "Garliava": [
    23.86667,
    54.81667
  ],
  "Gelgaudi\u0161kis": [
    22.97583,
    55.07917
  ],
  "Grigi\u0161k\u0117s": [
    25.08333,
    54.68333
  ],
  "Ignalina": [
    26.16667,
    55.35
  ],
  "Jieznas": [
    24.16667,
    54.6
  ],
  "Jonava": [
    24.28333,
    55.08333
  ],
  "Joni\u0161kis": [
    23.61528,
    56.24028
  ],
  "Juodup\u0117": [
    25.61667,
    56.08333
  ],
  "Jurbarkas": [
    22.76639,
    55.07778
  ],
  "Kai\u0161iadorys": [
    24.45,
    54.86667
  ],
  "Kalvarija": [
    23.23333,
    54.4
  ],
  "Karm\u0117lava": [
    24.06667,
    54.96667
  ],
  "Kaunas": [
    23.9,
    54.9
  ],
  "Kazl\u0173 R\u016bda": [
    23.5,
    54.76667
  ],
  "Kelm\u0117": [
    22.93417,
    55.63389
  ],
  "Klaip\u0117da": [
    21.1175,
    55.71722
  ],
  "Kretinga": [
    21.25083,
    55.87583
  ],
  "Kudirkos Naumiestis": [
    22.86306,
    54.77306
  ],
  "Kulautuva": [
    23.6,
    54.93333
  ],
  "Kupi\u0161kis": [
    24.96667,
    55.83333
  ],
  "Kur\u0161\u0117nai": [
    22.91889,
    55.985
  ],
  "Kybartai": [
    22.76316,
    54.63858
  ],
  "K\u0117dainiai": [
    23.97472,
    55.28833
  ],
  "Lazdijai": [
    23.51667,
    54.23333
  ],
  "Lentvaris": [
    25.05,
    54.65
  ],
  "Linkuva": [
    23.9725,
    56.08556
  ],
  "Marijampol\u0117": [
    23.35,
    54.56667
  ],
  "Ma\u017eeikiai": [
    22.33333,
    56.31667
  ],
  "Mol\u0117tai": [
    25.41667,
    55.23333
  ],
  "Naujoji Akmen\u0117": [
    22.9,
    56.31667
  ],
  "Nemen\u010din\u0117": [
    25.48333,
    54.85
  ],
  "Neringa": [
    21.06472,
    55.37194
  ],
  "Nida": [
    21.00667,
    55.30806
  ],
  "Obeliai": [
    25.15,
    55.96667
  ],
  "Pabrad\u0117": [
    25.78333,
    55
  ],
  "Pag\u0117giai": [
    21.90889,
    55.13806
  ],
  "Pakruojis": [
    23.86667,
    55.96667
  ],
  "Palanga": [
    21.06861,
    55.9175
  ],
  "Panev\u0117\u017eys": [
    24.35,
    55.73333
  ],
  "Pasvalys": [
    24.40361,
    56.05944
  ],
  "Plateliai": [
    21.81667,
    56.05
  ],
  "Plung\u0117": [
    21.84417,
    55.91139
  ],
  "Priekul\u0117": [
    21.32667,
    55.55361
  ],
  "Prienai": [
    23.95,
    54.63333
  ],
  "Radvili\u0161kis": [
    23.53333,
    55.81667
  ],
  "Ramygala": [
    24.3,
    55.51667
  ],
  "Raseiniai": [
    23.12167,
    55.37361
  ],
  "Rietavas": [
    21.93111,
    55.71944
  ],
  "Roki\u0161kis": [
    25.58333,
    55.96667
  ],
  "Rusn\u0117": [
    21.37583,
    55.29639
  ],
  "R\u016bdi\u0161k\u0117s": [
    24.83333,
    54.51667
  ],
  "Salantai": [
    21.56667,
    56.06667
  ],
  "Seda": [
    22.1,
    56.16667
  ],
  "Simnas": [
    23.65,
    54.4
  ],
  "Skaidi\u0161k\u0117s": [
    25.38333,
    54.61667
  ],
  "Skaudvil\u0117": [
    22.61667,
    55.41667
  ],
  "Skuodas": [
    21.53333,
    56.26667
  ],
  "Taurag\u0117": [
    22.28972,
    55.25222
  ],
  "Tel\u0161iai": [
    22.24722,
    55.98139
  ],
  "Trakai": [
    24.93333,
    54.63333
  ],
  "Tytuv\u0117n\u0117liai": [
    23.18333,
    55.61667
  ],
  "Ukmerg\u0117": [
    24.75,
    55.25
  ],
  "Utena": [
    25.6,
    55.5
  ],
  "Vabalninkas": [
    24.75,
    55.96667
  ],
  "Varniai": [
    22.36444,
    55.74056
  ],
  "Var\u0117na": [
    24.56667,
    54.21667
  ],
  "Veisiejai": [
    23.7,
    54.1
  ],
  "Venta": [
    22.7,
    56.2
  ],
  "Viek\u0161niai": [
    22.51667,
    56.23333
  ],
  "Vievis": [
    24.8,
    54.76667
  ],
  "Vilkavi\u0161kis": [
    23.03222,
    54.65167
  ],
  "Vilkija": [
    23.58333,
    55.05
  ],
  "Vilnius": [
    25.2798,
    54.68916
  ],
  "Virbalis": [
    22.81694,
    54.62667
  ],
  "Visaginas": [
    26.41667,
    55.6
  ],
  "Zarasai": [
    26.25,
    55.73333
  ],
  "\u0160akiai": [
    23.03583,
    54.95472
  ],
  "\u0160al\u010dininkai": [
    25.38333,
    54.3
  ],
  "\u0160eduva": [
    23.76667,
    55.76667
  ],
  "\u0160iauliai": [
    23.31667,
    55.93333
  ],
  "\u0160ilal\u0117": [
    22.18139,
    55.49056
  ],
  "\u0160ilut\u0117": [
    21.48306,
    55.34889
  ],
  "\u0160irvintos": [
    24.95,
    55.05
  ],
  "\u0160ventoji": [
    21.08333,
    56.03333
  ],
  "\u0160ven\u010dionys": [
    26.16667,
    55.15
  ],
  "\u0160ven\u010dion\u0117liai": [
    26,
    55.16667
  ],
  "\u017dagar\u0117": [
    23.25,
    56.35917
  ],
  "\u017demai\u010di\u0173 Naumiestis": [
    21.70222,
    55.35917
  ],
  "\u017die\u017emariai": [
    24.45,
    54.8
  ]
}
