{
  "Alzingen": [
    6.16361,
    49.565
  ],
  "Aspelt": [
    6.22472,
    49.52278
  ],
  "Bascharage": [
    5.91028,
    49.5675
  ],
  "Beaufort": [
    6.29167,
    49.83583
  ],
  "Belvaux": [
    5.92944,
    49.51278
  ],
  "Bergem": [
    6.04222,
    49.525
  ],
  "Bertrange": [
    6.05,
    49.61111
  ],
  "Bettembourg": [
    6.10278,
    49.51861
  ],
  "Bettendorf": [
    6.21806,
    49.87667
  ],
  "Bissen": [
    6.06944,
    49.7875
  ],
  "Bridel": [
    6.08222,
    49.65833
  ],
  "B\u00e9reldange": [
    6.1275,
    49.65694
  ],
  "Capellen": [
    5.99083,
    49.645
  ],
  "Clemency": [
    5.87583,
    49.59667
  ],
  "Clervaux": [
    6.03139,
    50.05472
  ],
  "Colmar": [
    6.09722,
    49.81028
  ],
  "Consdorf": [
    6.33833,
    49.77306
  ],
  "Contern": [
    6.22667,
    49.58194
  ],
  "Crauthem": [
    6.14694,
    49.53556
  ],
  "Dalheim": [
    6.25972,
    49.54083
  ],
  "Diekirch": [
    6.15583,
    49.86778
  ],
  "Differdange": [
    5.89139,
    49.52417
  ],
  "Dudelange": [
    6.0875,
    49.48056
  ],
  "Echternach": [
    6.42222,
    49.80556
  ],
  "Eischen": [
    5.87861,
    49.68556
  ],
  "Esch-sur-Alzette": [
    5.98056,
    49.49583
  ],
  "Ettelbruck": [
    6.10417,
    49.8475
  ],
  "Fentange": [
    6.15389,
    49.56278
  ],
  "Frisange": [
    6.19167,
    49.515
  ],
  "Gonderange": [
    6.24833,
    49.68889
  ],
  "Grevenmacher": [
    6.44194,
    49.67472
  ],
  "Hautcharage": [
    5.91083,
    49.5775
  ],
  "Heisdorf-sur-Alzette": [
    6.14222,
    49.66861
  ],
  "Helmsange": [
    6.14139,
    49.65278
  ],
  "Hesperange": [
    6.15139,
    49.56806
  ],
  "Hobscheid": [
    5.91472,
    49.68861
  ],
  "Itzig": [
    6.17361,
    49.58417
  ],
  "Junglinster": [
    6.25306,
    49.70722
  ],
  "Kayl": [
    6.03972,
    49.48917
  ],
  "Kehlen": [
    6.03583,
    49.66833
  ],
  "Kirchberg": [
    6.14944,
    49.62389
  ],
  "Koerich": [
    5.95,
    49.67
  ],
  "Lamadelaine": [
    5.85639,
    49.54639
  ],
  "Larochette": [
    6.22111,
    49.77694
  ],
  "Leudelange": [
    6.06528,
    49.56833
  ],
  "Lintgen": [
    6.13361,
    49.71583
  ],
  "Luxembourg": [
    6.13,
    49.61167
  ],
  "Mamer": [
    6.02333,
    49.6275
  ],
  "Mersch": [
    6.10611,
    49.74889
  ],
  "Mertert": [
    6.48139,
    49.69611
  ],
  "Mertzig": [
    6.0075,
    49.83389
  ],
  "Mondercange": [
    5.98833,
    49.53306
  ],
  "Mondorf-les-Bains": [
    6.28111,
    49.505
  ],
  "Moutfort": [
    6.25556,
    49.58528
  ],
  "M\u00fcllendorf": [
    6.13,
    49.68028
  ],
  "Niederanven": [
    6.26,
    49.6475
  ],
  "Niedercorn": [
    5.89306,
    49.53611
  ],
  "Niederfeulen": [
    6.04722,
    49.85556
  ],
  "Obercorn": [
    5.89611,
    49.51361
  ],
  "Olm": [
    6.00028,
    49.65722
  ],
  "Pontpierre": [
    6.02944,
    49.53639
  ],
  "P\u00e9tange": [
    5.88056,
    49.55833
  ],
  "Redange-sur-Attert": [
    5.89083,
    49.76556
  ],
  "Remich": [
    6.36694,
    49.545
  ],
  "Rodange": [
    5.84083,
    49.54639
  ],
  "Rollingen": [
    6.11444,
    49.74167
  ],
  "Sandweiler": [
    6.21889,
    49.61333
  ],
  "Sanem": [
    5.92889,
    49.54806
  ],
  "Schieren": [
    6.09861,
    49.83056
  ],
  "Schifflange": [
    6.01278,
    49.50639
  ],
  "Schouweiler": [
    5.95639,
    49.5825
  ],
  "Schrassig": [
    6.25889,
    49.60583
  ],
  "Soleuvre": [
    5.94056,
    49.52556
  ],
  "Steinfort": [
    5.91917,
    49.66139
  ],
  "Steinsel": [
    6.12389,
    49.67694
  ],
  "Strassen": [
    6.07333,
    49.62056
  ],
  "Tandel": [
    6.18333,
    49.8975
  ],
  "Troisvierges": [
    6.00028,
    50.12111
  ],
  "T\u00e9tange": [
    6.04222,
    49.47583
  ],
  "Vianden": [
    6.20889,
    49.935
  ],
  "Warken": [
    6.095,
    49.85444
  ],
  "Wasserbillig": [
    6.50028,
    49.71
  ],
  "Wiltz": [
    5.93194,
    49.96889
  ]
}
