{
  "Aglona": [
    27.01667,
    56.13333
  ],
  "Aina\u017ei": [
    24.35778,
    57.86361
  ],
  "Aizkraukle": [
    25.25534,
    56.60477
  ],
  "Aizpute": [
    21.6,
    56.71667
  ],
  "Akn\u012bste": [
    25.74783,
    56.16152
  ],
  "Aloja": [
    24.8825,
    57.76694
  ],
  "Alsunga": [
    21.55938,
    56.98194
  ],
  "Al\u016bksne": [
    27.05,
    57.41667
  ],
  "Ape": [
    26.69291,
    57.53928
  ],
  "Auce": [
    22.90169,
    56.45981
  ],
  "Baldone": [
    24.39444,
    56.74278
  ],
  "Balo\u017ei": [
    24.11861,
    56.87611
  ],
  "Baltinava": [
    27.65,
    56.95
  ],
  "Balvi": [
    27.26583,
    57.1313
  ],
  "Bauska": [
    24.19056,
    56.4075
  ],
  "Ber\u0123i": [
    24.29917,
    56.98639
  ],
  "Bolderaja": [
    24.05571,
    57.03132
  ],
  "Broc\u0113ni": [
    22.53333,
    56.7
  ],
  "Carnikava": [
    24.27444,
    57.12944
  ],
  "Cesvaine": [
    26.31667,
    56.96667
  ],
  "Cibla": [
    27.88333,
    56.55
  ],
  "C\u0113sis": [
    25.27456,
    57.31188
  ],
  "Dagda": [
    27.53723,
    56.09512
  ],
  "Daugavgr\u012bva": [
    24.03613,
    57.04315
  ],
  "Daugavpils": [
    26.53333,
    55.88333
  ],
  "Dobele": [
    23.27861,
    56.625
  ],
  "Drabe\u0161i": [
    25.27748,
    57.24316
  ],
  "Dundaga": [
    22.35,
    57.51667
  ],
  "Engure": [
    23.22527,
    57.16061
  ],
  "Garkalne": [
    24.42139,
    57.04611
  ],
  "Grobi\u0146a": [
    21.16782,
    56.53521
  ],
  "Gulbene": [
    26.75291,
    57.17767
  ],
  "Iecava": [
    24.20222,
    56.59861
  ],
  "Ik\u0161\u0137ile": [
    24.5,
    56.83333
  ],
  "Il\u016bkste": [
    26.29655,
    55.97754
  ],
  "In\u010dukalns": [
    24.68639,
    57.09806
  ],
  "Jaunaglona": [
    27.00714,
    56.16066
  ],
  "Jaunciems": [
    24.17413,
    57.0391
  ],
  "Jaunjelgava": [
    25.08333,
    56.61667
  ],
  "Jaunpiebalga": [
    26.05,
    57.18333
  ],
  "Jaunpils": [
    23.01361,
    56.7325
  ],
  "Jelgava": [
    23.71278,
    56.65
  ],
  "Jumprava": [
    24.9721,
    56.67613
  ],
  "J\u0113kabpils": [
    25.85735,
    56.49903
  ],
  "J\u016brmala": [
    23.77038,
    56.968
  ],
  "Kandava": [
    22.77466,
    57.04087
  ],
  "Koc\u0113ni": [
    25.33821,
    57.52057
  ],
  "Koknese": [
    25.43333,
    56.65
  ],
  "Kr\u0101slava": [
    27.16799,
    55.89514
  ],
  "Kuld\u012bga": [
    21.95721,
    56.97399
  ],
  "K\u0101rsava": [
    27.68829,
    56.78405
  ],
  "Lielv\u0101rde": [
    24.80743,
    56.72066
  ],
  "Liep\u0101ja": [
    21.01667,
    56.51667
  ],
  "Lie\u0123i": [
    21.33399,
    56.58173
  ],
  "Limba\u017ei": [
    24.71941,
    57.51287
  ],
  "Loja": [
    24.64444,
    57.15444
  ],
  "Lub\u0101na": [
    26.71667,
    56.9
  ],
  "Ludza": [
    27.71667,
    56.55
  ],
  "L\u012bgatne": [
    25.04059,
    57.23429
  ],
  "L\u012bv\u0101ni": [
    26.17579,
    56.35431
  ],
  "Madona": [
    26.21698,
    56.85329
  ],
  "Mat\u012b\u0161i": [
    25.15886,
    57.69892
  ],
  "Mazsalaca": [
    25.05475,
    57.86329
  ],
  "Murmui\u017ea": [
    25.48333,
    57.48333
  ],
  "M\u0101lpils": [
    24.96306,
    57.01111
  ],
  "M\u0101rupe": [
    24.05113,
    56.90544
  ],
  "M\u0113rsrags": [
    23.12455,
    57.33535
  ],
  "Nauk\u0161\u0113ni": [
    25.45609,
    57.88349
  ],
  "Nereta": [
    25.30752,
    56.20279
  ],
  "N\u012bca": [
    21.06401,
    56.34601
  ],
  "Ogre": [
    24.61401,
    56.8162
  ],
  "Olaine": [
    23.93806,
    56.78528
  ],
  "Ozolnieki": [
    23.78778,
    56.68639
  ],
  "Pilsrund\u0101le": [
    24,
    56.41667
  ],
  "Piltene": [
    21.67439,
    57.22426
  ],
  "Pi\u0146\u0137i": [
    23.91083,
    56.94194
  ],
  "Prei\u013ci": [
    26.72459,
    56.29444
  ],
  "Priekule": [
    21.58968,
    56.44679
  ],
  "Prieku\u013ci": [
    25.36147,
    57.315
  ],
  "P\u0101vilosta": [
    21.18593,
    56.88791
  ],
  "P\u013cavi\u0146as": [
    25.72552,
    56.6178
  ],
  "Ragana": [
    24.70731,
    57.18074
  ],
  "Rauna": [
    25.60947,
    57.33173
  ],
  "Riebi\u0146i": [
    26.79995,
    56.3428
  ],
  "Riga": [
    24.10589,
    56.946
  ],
  "Roja": [
    22.81667,
    57.5
  ],
  "Ropa\u017ei": [
    24.63361,
    56.97389
  ],
  "Rucava": [
    21.16156,
    56.16314
  ],
  "Rug\u0101ji": [
    27.13333,
    57
  ],
  "R\u0113zekne": [
    27.31667,
    56.5
  ],
  "R\u016bjiena": [
    25.33155,
    57.89752
  ],
  "Sabile": [
    22.57261,
    57.04577
  ],
  "Sala": [
    25.76423,
    56.50675
  ],
  "Salacgr\u012bva": [
    24.35806,
    57.75361
  ],
  "Salaspils": [
    24.36544,
    56.86014
  ],
  "Saldus": [
    22.48807,
    56.66363
  ],
  "Saulkrasti": [
    24.41471,
    57.26224
  ],
  "Seda": [
    25.75,
    57.65
  ],
  "Sigulda": [
    24.86472,
    57.15194
  ],
  "Skrunda": [
    22.01667,
    56.68333
  ],
  "Skr\u012bveri": [
    25.12058,
    56.645
  ],
  "Smiltene": [
    25.90164,
    57.42444
  ],
  "Sm\u0101rde": [
    23.33736,
    56.9542
  ],
  "Staicele": [
    24.75,
    57.83639
  ],
  "Stalbe": [
    25.03106,
    57.37065
  ],
  "Stende": [
    22.53333,
    57.15
  ],
  "Stren\u010di": [
    25.68535,
    57.62574
  ],
  "Talsi": [
    22.58137,
    57.24562
  ],
  "Tukums": [
    23.15528,
    56.96694
  ],
  "T\u0113rvete": [
    23.38895,
    56.47989
  ],
  "T\u012bre\u013ci": [
    23.58902,
    56.83991
  ],
  "Ulbroka": [
    24.28972,
    56.94111
  ],
  "Vai\u0146ode": [
    21.86667,
    56.43333
  ],
  "Valdem\u0101rpils": [
    22.59188,
    57.37068
  ],
  "Valka": [
    26.01013,
    57.7752
  ],
  "Valmiera": [
    25.42751,
    57.54108
  ],
  "Vanga\u017ei": [
    24.54861,
    57.09361
  ],
  "Varak\u013c\u0101ni": [
    26.75377,
    56.60826
  ],
  "Vec-Liep\u0101ja": [
    21.01667,
    56.53333
  ],
  "Vecpiebalga": [
    25.81624,
    57.0609
  ],
  "Vecumnieki": [
    24.52222,
    56.60639
  ],
  "Vecv\u0101rkava": [
    26.51667,
    56.18333
  ],
  "Ventspils": [
    21.56056,
    57.38944
  ],
  "Vies\u012bte": [
    25.55514,
    56.34751
  ],
  "Vi\u013caka": [
    27.6722,
    57.18458
  ],
  "Vi\u013c\u0101ni": [
    26.92449,
    56.55253
  ],
  "Zelme\u0146i": [
    23.35194,
    56.45167
  ],
  "Zilupe": [
    28.12165,
    56.38616
  ],
  "\u0100da\u017ei": [
    24.32139,
    57.07583
  ],
  "\u0112rg\u013ci": [
    25.63668,
    56.89752
  ],
  "\u0136egums": [
    24.72439,
    56.7451
  ],
  "\u0136ekava": [
    24.23,
    56.82662
  ]
}
