{
  "Ajdabiya": [
    20.22626,
    30.75545
  ],
  "Al Aby\u0101r": [
    20.59653,
    32.19
  ],
  "Al Bay\u1e11\u0101\u2019": [
    21.75506,
    32.76272
  ],
  "Al Burayqah": [
    19.57386,
    30.40624
  ],
  "Al Jad\u012bd": [
    14.4,
    27.05
  ],
  "Al Jaghb\u016bb": [
    24.51676,
    29.74262
  ],
  "Al Jawf": [
    23.29093,
    24.1989
  ],
  "Al Khums": [
    14.26191,
    32.64861
  ],
  "Al Kufrah": [
    23.26962,
    24.16667
  ],
  "Al Marj": [
    20.83174,
    32.48798
  ],
  "Al Qa\u0163r\u016bn": [
    14.64861,
    24.95139
  ],
  "Al Qubbah": [
    22.24237,
    32.76162
  ],
  "Al \u2018Az\u012bz\u012byah": [
    13.0175,
    32.53194
  ],
  "At T\u0101j": [
    23.2857,
    24.20487
  ],
  "Awb\u0101r\u012b": [
    12.78049,
    26.59206
  ],
  "Awjilah": [
    21.28694,
    29.10806
  ],
  "Az Zint\u0101n": [
    12.25195,
    31.92231
  ],
  "Az Zuwayt\u012bnah": [
    20.12022,
    30.9522
  ],
  "Az Z\u0101w\u012byah": [
    12.72764,
    32.7571
  ],
  "Ban\u012b Wal\u012bd": [
    13.99422,
    31.75662
  ],
  "Bard\u012byah": [
    25.08653,
    31.75615
  ],
  "Benghazi": [
    20.12928,
    32.11766
  ],
  "Bir\u0101k": [
    14.27138,
    27.54956
  ],
  "Darnah": [
    22.63669,
    32.76704
  ],
  "Ghad\u0101mis": [
    9.50072,
    30.13366
  ],
  "Gharyan": [
    13.02028,
    32.17222
  ],
  "Gh\u0101t": [
    10.17278,
    24.96472
  ],
  "Giado": [
    12.02034,
    31.95815
  ],
  "Gialo": [
    21.55,
    29.03333
  ],
  "H\u016bn": [
    15.94772,
    29.12684
  ],
  "Idr\u012b": [
    13.26667,
    27.5
  ],
  "Mar\u0101dah": [
    19.21667,
    29.23333
  ],
  "Masall\u0101tah": [
    14,
    32.61667
  ],
  "Mizdah": [
    12.98013,
    31.44514
  ],
  "Mi\u015fr\u0101tah": [
    15.09254,
    32.37535
  ],
  "Murzuq": [
    13.91839,
    25.91552
  ],
  "N\u0101l\u016bt": [
    10.9812,
    31.86848
  ],
  "Qasr Abu Hadi": [
    16.65905,
    31.05926
  ],
  "Sabh\u0101": [
    14.42832,
    27.03766
  ],
  "Sirte": [
    16.58866,
    31.20892
  ],
  "Sul\u016bq": [
    20.25205,
    31.66818
  ],
  "Tagiura": [
    13.35056,
    32.88167
  ],
  "Tarhuna": [
    13.6332,
    32.43502
  ],
  "Tobruk": [
    23.97639,
    32.08361
  ],
  "Tripoli": [
    13.18746,
    32.87519
  ],
  "T\u016bkrah": [
    20.57911,
    32.53414
  ],
  "Wadd\u0101n": [
    16.13904,
    29.1614
  ],
  "Yafran": [
    12.52859,
    32.06329
  ],
  "Zal\u0163an": [
    11.86647,
    32.94701
  ],
  "Zawiya": [
    12.72778,
    32.75222
  ],
  "Zliten": [
    14.56874,
    32.46738
  ],
  "Zuw\u0101rah": [
    12.08199,
    32.9312
  ],
  "\u015eabr\u0101tah": [
    12.48845,
    32.79335
  ],
  "\u015eurm\u0101n": [
    12.57159,
    32.75668
  ]
}
