{
  "Abadou": [
    -7.31308,
    31.57917
  ],
  "Adar": [
    -8.37221,
    30.14111
  ],
  "Adassil": [
    -8.49083,
    31.10783
  ],
  "Agadir": [
    -9.59815,
    30.42018
  ],
  "Agadir Melloul": [
    -7.79601,
    30.22492
  ],
  "Agdz": [
    -6.44628,
    30.69356
  ],
  "Aguelmous": [
    -5.83,
    33.15
  ],
  "Ahfir": [
    -2.10027,
    34.95368
  ],
  "Ajdir": [
    -3.97582,
    34.74347
  ],
  "Aknoul": [
    -3.86754,
    34.65371
  ],
  "Al Hoce\u00efma": [
    -3.93723,
    35.25165
  ],
  "Almis Marmoucha": [
    -4.18,
    33.32
  ],
  "Alnif": [
    -5.17154,
    31.11411
  ],
  "Amalou": [
    -8.74873,
    30.19153
  ],
  "Amersid": [
    -4.47063,
    32.74983
  ],
  "Amerzgane": [
    -7.21037,
    31.0437
  ],
  "Amizmiz": [
    -8.23184,
    31.21673
  ],
  "Amouguer": [
    -4.93535,
    32.27491
  ],
  "Anergui": [
    -5.93961,
    32.06914
  ],
  "Aoufous": [
    -4.17,
    31.68
  ],
  "Aoulouz": [
    -8.18087,
    30.67307
  ],
  "Aourir": [
    -9.6355,
    30.49238
  ],
  "Arazane": [
    -8.60637,
    30.50346
  ],
  "Arbaoua": [
    -5.94871,
    34.90239
  ],
  "Argana": [
    -9.11968,
    30.7825
  ],
  "Asilah": [
    -6.03415,
    35.46522
  ],
  "Assads": [
    -8.86,
    30.23
  ],
  "Assoul": [
    -5.20812,
    31.95286
  ],
  "Azemmour": [
    -8.3425,
    33.28952
  ],
  "Azgour": [
    -8.31488,
    31.13753
  ],
  "Azilal": [
    -6.57109,
    31.96156
  ],
  "Azla": [
    -5.24472,
    35.55303
  ],
  "Azrou": [
    -5.22126,
    33.43443
  ],
  "Bab Taza": [
    -5.19828,
    35.06166
  ],
  "Beni Mellal": [
    -6.34984,
    32.33725
  ],
  "Berkane": [
    -2.32,
    34.92
  ],
  "Berrechid": [
    -7.58754,
    33.26553
  ],
  "Bhalil": [
    -4.87228,
    33.85194
  ],
  "Bigoudine": [
    -9.21097,
    30.72376
  ],
  "Bouabout": [
    -9.17865,
    31.26554
  ],
  "Bouarfa": [
    -1.96209,
    32.53379
  ],
  "Bouarouss": [
    -4.81,
    34.36
  ],
  "Boudinar": [
    -3.62358,
    35.15601
  ],
  "Boujniba": [
    -6.77464,
    32.90046
  ],
  "Boukhalef": [
    -5.89954,
    35.7328
  ],
  "Boulaouane": [
    -8.05555,
    32.85995
  ],
  "Boulemane": [
    -4.72896,
    33.36376
  ],
  "Boumia": [
    -5.1025,
    32.7236
  ],
  "Bouskoura": [
    -7.65239,
    33.44976
  ],
  "Bouznika": [
    -7.15968,
    33.78942
  ],
  "Brikcha": [
    -5.57295,
    34.96732
  ],
  "Bzou": [
    -7.04786,
    32.09171
  ],
  "Casablanca": [
    -7.61138,
    33.58831
  ],
  "Chefchaouene": [
    -5.2636,
    35.16878
  ],
  "Chichaoua": [
    -8.76274,
    31.54351
  ],
  "Dakhla": [
    -9.55572,
    30.41071
  ],
  "Dar Bouazza": [
    -7.81677,
    33.51535
  ],
  "Dar Chaoui": [
    -5.71742,
    35.5377
  ],
  "Dar Ould Zidouh": [
    -6.90494,
    32.31247
  ],
  "Debdou": [
    -3.04263,
    33.98228
  ],
  "Demnate": [
    -7.00505,
    31.73443
  ],
  "Derdara": [
    -5.29015,
    35.11041
  ],
  "El A\u00efoun": [
    -2.50612,
    34.58319
  ],
  "El Hajeb": [
    -5.371,
    33.68786
  ],
  "El Jadida": [
    -8.50602,
    33.25492
  ],
  "El Ksiba": [
    -6.01947,
    32.57286
  ],
  "Errachidia": [
    -4.42852,
    31.92754
  ],
  "Essaouira": [
    -9.77,
    31.5125
  ],
  "Ezzhiliga": [
    -6.53,
    33.3
  ],
  "Fezna": [
    -4.45562,
    31.52921
  ],
  "Fifi": [
    -5.24798,
    34.94873
  ],
  "Figuig (Centre)": [
    -1.22855,
    32.10891
  ],
  "Fkih Ben Salah": [
    -6.69062,
    32.50093
  ],
  "F\u00e8s": [
    -4.9998,
    34.03715
  ],
  "Galaz": [
    -4.80355,
    34.54424
  ],
  "Ghouazi": [
    -5.30235,
    34.47737
  ],
  "Goulmima": [
    -4.95256,
    31.69227
  ],
  "Guelmim": [
    -10.05738,
    28.98696
  ],
  "Guenfouda": [
    -2.04562,
    34.48361
  ],
  "Guercif": [
    -3.35361,
    34.22568
  ],
  "Guisser": [
    -7.49818,
    32.76645
  ],
  "Had Kourt": [
    -5.7404,
    34.61588
  ],
  "Hassi Berkane": [
    -2.86699,
    34.83898
  ],
  "Ifrane": [
    -5.11019,
    33.52666
  ],
  "Iguidi": [
    -7.90294,
    30.83826
  ],
  "Imider": [
    -5.79384,
    31.37324
  ],
  "Imilchil": [
    -5.62453,
    32.15309
  ],
  "Imzo\u00fbrene": [
    -3.86,
    35.15
  ],
  "Inezgane": [
    -9.53639,
    30.35535
  ],
  "Isseksi": [
    -6.27661,
    32.22981
  ],
  "Itzer": [
    -5.0515,
    32.8783
  ],
  "Jebel Tiskaouine": [
    -5.11643,
    31.02722
  ],
  "Jerada": [
    -2.16,
    34.31
  ],
  "Jorf": [
    -4.40598,
    31.49442
  ],
  "Karia Ba Mohamed": [
    -5.2138,
    34.37094
  ],
  "Kariat Arkmane": [
    -2.74693,
    35.1071
  ],
  "Kasba Tadla": [
    -6.26844,
    32.5977
  ],
  "Kenitra": [
    -6.5802,
    34.26101
  ],
  "Kerrouchen": [
    -5.3188,
    32.79639
  ],
  "Khemisset": [
    -6.06627,
    33.82404
  ],
  "Khenifra": [
    -5.6686,
    32.9391
  ],
  "Khouribga": [
    -6.9063,
    32.88108
  ],
  "Ksar el Kebir": [
    -5.90534,
    35.00174
  ],
  "Lalla Mimouna": [
    -6.06645,
    34.84606
  ],
  "Larache": [
    -6.15572,
    35.19321
  ],
  "Madagh": [
    -2.33701,
    35.01032
  ],
  "Marrakesh": [
    -7.99994,
    31.63416
  ],
  "Martil": [
    -5.27522,
    35.61662
  ],
  "Matmata": [
    -4.55219,
    34.09914
  ],
  "Mechr\u00e1 Belqsiri": [
    -5.95372,
    34.57396
  ],
  "Mediouna": [
    -7.53,
    33.47
  ],
  "Mekn\u00e8s": [
    -5.54727,
    33.89352
  ],
  "Mellila": [
    -7.14,
    33.38
  ],
  "Mhamid": [
    -5.72,
    29.82
  ],
  "Midar": [
    -3.53311,
    34.94025
  ],
  "Midelt": [
    -4.74512,
    32.6852
  ],
  "Missour": [
    -3.98946,
    33.04893
  ],
  "Mohammedia": [
    -7.38298,
    33.68607
  ],
  "Moulay Abdallah": [
    -8.58811,
    33.19664
  ],
  "Moulay Bouchta": [
    -5.13023,
    34.48922
  ],
  "Moulay Brahim": [
    -7.9683,
    31.28785
  ],
  "Moulay Yacoub": [
    -5.18171,
    34.08793
  ],
  "Nador": [
    -2.93352,
    35.16813
  ],
  "Nouaseur": [
    -7.62105,
    33.3802
  ],
  "Ouaoula": [
    -6.75,
    31.87
  ],
  "Ouarzazat": [
    -6.89341,
    30.91894
  ],
  "Ouazzane": [
    -5.58224,
    34.79711
  ],
  "Oued Amlil": [
    -4.28,
    34.2
  ],
  "Oued Laou": [
    -5.09627,
    35.4484
  ],
  "Oued Zem": [
    -6.57359,
    32.8627
  ],
  "Ouijjane": [
    -9.53959,
    29.62778
  ],
  "Oujda": [
    -1.90764,
    34.68052
  ],
  "Oulad Ayad": [
    -6.8,
    32.2
  ],
  "Oulad Daoud": [
    -4.69342,
    34.40438
  ],
  "Oulad Frej": [
    -8.2274,
    32.95956
  ],
  "Oulad Tayeb": [
    -4.99509,
    33.94633
  ],
  "Oulad Te\u00efma": [
    -9.20897,
    30.39467
  ],
  "Oulmes": [
    -6.00137,
    33.42585
  ],
  "Ourtzagh": [
    -4.96878,
    34.53477
  ],
  "Rabat": [
    -6.83255,
    34.01325
  ],
  "Ratba": [
    -4.9399,
    34.77772
  ],
  "Reggada": [
    -9.70086,
    29.58016
  ],
  "Riah": [
    -7.37504,
    33.15122
  ],
  "Rislane": [
    -2.46034,
    34.76987
  ],
  "Rouadi": [
    -4.13631,
    35.14119
  ],
  "Saddina": [
    -5.45191,
    35.6141
  ],
  "Safi": [
    -9.23718,
    32.29939
  ],
  "Sale": [
    -6.79846,
    34.0531
  ],
  "Sefrou": [
    -4.828,
    33.83186
  ],
  "Selouane": [
    -2.9423,
    35.07313
  ],
  "Senada": [
    -4.21583,
    35.07452
  ],
  "Settat": [
    -7.61662,
    33.00103
  ],
  "Sidi Abdallah": [
    -7.83243,
    32.53544
  ],
  "Sidi Abdallah Ghiat": [
    -7.833,
    31.523
  ],
  "Sidi Amar": [
    -5.83225,
    32.94987
  ],
  "Sidi Bennour": [
    -8.42769,
    32.65236
  ],
  "Sidi Bou Othmane": [
    -7.94169,
    31.90226
  ],
  "Sidi Bousber": [
    -5.36208,
    34.56284
  ],
  "Sidi Harazem": [
    -4.88343,
    34.02733
  ],
  "Sidi Ifni": [
    -10.17299,
    29.37975
  ],
  "Sidi Jaber": [
    -6.42095,
    32.38952
  ],
  "Sidi Lamine": [
    -6.05069,
    32.90783
  ],
  "Sidi Moussa": [
    -7.20095,
    32.27209
  ],
  "Sidi Qacem": [
    -5.70775,
    34.22149
  ],
  "Sidi Rahhal": [
    -7.47288,
    31.65031
  ],
  "Sidi Redouane": [
    -5.44538,
    34.68692
  ],
  "Sidi Slimane": [
    -5.92598,
    34.26478
  ],