{
  "Fontvieille": [
    7.41766,
    43.72687
  ],
  "La Condamine": [
    7.42024,
    43.7344
  ],
  "Monaco": [
    7.41667,
    43.73333
  ],
  "Moneghetti": [
    7.41647,
    43.73679
  ],
  "Monte-Carlo": [
    7.42732,
    43.73976
  ],
  "Saint-Roman": [
    7.43423,
    43.7489
  ]
}
