{
  "Anenii Noi": [
    29.22472,
    46.87889
  ],
  "Basarabeasca": [
    28.97278,
    46.33111
  ],
  "Bender": [
    29.47111,
    46.83056
  ],
  "Bilicenii Vechi": [
    28.04722,
    47.65639
  ],
  "Biruin\u0163a": [
    28.06861,
    47.81611
  ],
  "Briceni": [
    27.70361,
    48.35722
  ],
  "Bucov\u0103\u0163": [
    28.45694,
    47.18861
  ],
  "Bugeac": [
    28.66333,
    46.36583
  ],
  "B\u0103l\u0163i": [
    27.92889,
    47.76167
  ],
  "Cahul": [
    28.19444,
    45.9075
  ],
  "Camenca": [
    28.69778,
    48.03194
  ],
  "Cantemir": [
    28.20083,
    46.27806
  ],
  "Cead\u00eer-Lunga": [
    28.83028,
    46.055
  ],
  "Chi\u015fin\u0103u": [
    28.8575,
    47.00556
  ],
  "Chi\u0163cani": [
    29.61682,
    46.78296
  ],
  "Cimi\u015flia": [
    28.78417,
    46.52
  ],
  "Ciorescu": [
    28.88556,
    47.12944
  ],
  "Cocieri": [
    29.11028,
    47.3075
  ],
  "Comrat": [
    28.65722,
    46.30028
  ],
  "Crasnoe": [
    29.80472,
    46.65139
  ],
  "Cricova": [
    28.86194,
    47.13889
  ],
  "Criuleni": [
    29.16139,
    47.21444
  ],
  "C\u0103l\u0103ra\u015fi": [
    28.30806,
    47.25444
  ],
  "C\u0103u\u015feni": [
    29.41389,
    46.64417
  ],
  "Dancu": [
    28.21,
    46.76278
  ],
  "Dnestrovsc": [
    29.91333,
    46.62222
  ],
  "Dondu\u015feni": [
    27.6101,
    48.24268
  ],
  "Drochia": [
    27.81611,
    48.035
  ],
  "Dub\u0103sari": [
    29.16083,
    47.26306
  ],
  "Edine\u0163": [
    27.305,
    48.16806
  ],
  "Flore\u015fti": [
    28.30139,
    47.89333
  ],
  "F\u0103le\u015fti": [
    27.70917,
    47.57361
  ],
  "Giurgiule\u015fti": [
    28.19722,
    45.48167
  ],
  "Glodeni": [
    27.51444,
    47.77083
  ],
  "Grigoriopol": [
    29.29639,
    47.15361
  ],
  "H\u00eence\u015fti": [
    28.59361,
    46.82583
  ],
  "Ialoveni": [
    28.77778,
    46.94306
  ],
  "Iargara": [
    28.43667,
    46.4275
  ],
  "Leninskiy": [
    28.38944,
    47.86389
  ],
  "Leova": [
    28.25528,
    46.47861
  ],
  "Maiac": [
    29.38583,
    47.2375
  ],
  "M\u00eendre\u015fti": [
    28.27694,
    47.50722
  ],
  "M\u0103rcule\u015fti": [
    28.2475,
    47.86861
  ],
  "Nisporeni": [
    28.17833,
    47.08139
  ],
  "Ocni\u0163a": [
    27.43917,
    48.38528
  ],
  "Orhei": [
    28.82306,
    47.38306
  ],
  "Otaci": [
    27.79389,
    48.43
  ],
  "Pervomaisc": [
    29.95861,
    46.73389
  ],
  "Rezina": [
    28.96222,
    47.74917
  ],
  "R\u00eebni\u0163a": [
    29.00111,
    47.76639
  ],
  "R\u00ee\u015fcani": [
    27.55389,
    47.95722
  ],
  "Saharna": [
    28.97028,
    47.69361
  ],
  "Slobozia": [
    29.70778,
    46.72806
  ],
  "Soroca": [
    28.2975,
    48.15583
  ],
  "Str\u0103\u015feni": [
    28.61028,
    47.14139
  ],
  "St\u0103uceni": [
    28.87028,
    47.0875
  ],
  "S\u00eengera": [
    28.9775,
    46.91306
  ],
  "S\u00eengerei": [
    28.14194,
    47.64056
  ],
  "Taraclia": [
    28.66889,
    45.9
  ],
  "Telene\u015fti": [
    28.36556,
    47.49972
  ],
  "Tiraspol": [
    29.64333,
    46.84028
  ],
  "Tiraspolul Nou": [
    29.57667,
    46.83194
  ],
  "Ungheni": [
    27.79583,
    47.20417
  ],
  "Vadul lui Vod\u0103": [
    29.07556,
    47.09167
  ],
  "Varni\u0163a": [
    29.46636,
    46.86606
  ],
  "Vatra": [
    28.735,
    47.07389
  ],
  "Vi\u015fniovca": [
    28.44944,
    46.33333
  ],
  "Vulc\u0103ne\u015fti": [
    28.40278,
    45.68417
  ],
  "\u015eold\u0103ne\u015fti": [
    28.79667,
    47.81528
  ],
  "\u015etefan Vod\u0103": [
    29.66306,
    46.51528
  ]
}
