{
  "Andrijevica": [
    19.79194,
    42.73389
  ],
  "Bar": [
    19.10028,
    42.09306
  ],
  "Berane": [
    19.87333,
    42.8425
  ],
  "Bijela": [
    18.65556,
    42.45333
  ],
  "Bijelo Polje": [
    19.74758,
    43.03834
  ],
  "Budva": [
    18.84,
    42.28639
  ],
  "Cetinje": [
    18.91417,
    42.39063
  ],
  "Danilovgrad": [
    19.14608,
    42.55384
  ],
  "Dobrota": [
    18.76833,
    42.45417
  ],
  "Golubovci": [
    19.23111,
    42.335
  ],
  "Herceg-Novi": [
    18.5375,
    42.45306
  ],
  "Igalo": [
    18.50647,
    42.46007
  ],
  "Kola\u0161in": [
    19.51653,
    42.82229
  ],
  "Kotor": [
    18.76825,
    42.42067
  ],
  "Lipci": [
    18.65806,
    42.49722
  ],
  "Matagu\u017ei": [
    19.27278,
    42.32361
  ],
  "Mojanovi\u0107i": [
    19.22139,
    42.34167
  ],
  "Mojkovac": [
    19.5833,
    42.96044
  ],
  "Nik\u0161i\u0107": [
    18.94446,
    42.7731
  ],
  "Petrovac na Moru": [
    18.9425,
    42.20556
  ],
  "Plav": [
    19.94556,
    42.59694
  ],
  "Pljevlja": [
    19.35843,
    43.3567
  ],
  "Plu\u017eine": [
    18.83944,
    43.15278
  ],
  "Podgorica": [
    19.26361,
    42.44111
  ],
  "Risan": [
    18.69556,
    42.515
  ],
  "Ro\u017eaje": [
    20.16652,
    42.83299
  ],
  "Spu\u017e": [
    19.19417,
    42.5075
  ],
  "Stari Bar": [
    19.13306,
    42.09
  ],
  "Sutomore": [
    19.04667,
    42.14278
  ],
  "Tivat": [
    18.69611,
    42.43639
  ],
  "Tuzi": [
    19.33139,
    42.36556
  ],
  "Ulcinj": [
    19.22436,
    41.92936
  ],
  "\u0160avnik": [
    19.09667,
    42.95639
  ],
  "\u0160u\u0161anj": [
    19.08833,
    42.11556
  ],
  "\u017dabljak": [
    19.12325,
    43.15423
  ]
}
