{
  "Ailuk": [
    169.97967,
    10.21972
  ],
  "Airuk": [
    168.8203,
    7.27717
  ],
  "Arno": [
    171.55413,
    7.06691
  ],
  "Aur": [
    171.16869,
    8.1499
  ],
  "Ebaye": [
    167.73919,
    8.77479
  ],
  "Ebon": [
    168.69636,
    4.58199
  ],
  "Enewetak": [
    162.33733,
    11.34735
  ],
  "Jabat": [
    168.97513,
    7.75003
  ],
  "Jabor": [
    169.64335,
    5.92098
  ],
  "Kili": [
    169.12109,
    5.64387
  ],
  "Lae": [
    166.26344,
    8.92217
  ],
  "Lib": [
    167.37662,
    8.31221
  ],
  "Likiep": [
    169.31065,
    9.82511
  ],
  "Loen": [
    168.23072,
    7.76007
  ],
  "Majuro": [
    171.38027,
    7.08971
  ],
  "Mejit": [
    170.86461,
    10.27531
  ],
  "Mili": [
    171.73502,
    6.0815
  ],
  "Namdrik": [
    168.10282,
    5.59944
  ],
  "RMI Capitol": [
    171.3805,
    7.08931
  ],
  "Rongelap": [
    166.89408,
    11.16351
  ],
  "Taroa": [
    171.2275,
    8.70576
  ],
  "Ujae": [
    165.76416,
    8.93218
  ],
  "Utrik": [
    169.84739,
    11.22778
  ],
  "Wotho": [
    166.01022,
    10.16575
  ],
  "Wotje": [
    170.23674,
    9.45429
  ]
}
