{
  "Bedinje": [
    21.69639,
    42.14167
  ],
  "Bel\u010di\u0161ta": [
    20.83028,
    41.30278
  ],
  "Beranci": [
    21.35972,
    41.15889
  ],
  "Bitola": [
    21.34028,
    41.03111
  ],
  "Blatec": [
    22.57806,
    41.83778
  ],
  "Bogovinje": [
    20.91361,
    41.92361
  ],
  "Bojane": [
    21.19306,
    42
  ],
  "Bosilovo": [
    22.72778,
    41.44056
  ],
  "Brvenica": [
    20.98083,
    41.96722
  ],
  "Bukovik": [
    21.23694,
    41.96833
  ],
  "Butel": [
    21.44667,
    42.03083
  ],
  "Bu\u010din": [
    21.31667,
    41.27472
  ],
  "Capari": [
    21.17833,
    41.05611
  ],
  "Centar \u017dupa": [
    20.55945,
    41.47849
  ],
  "Crnili\u0161te": [
    21.41556,
    41.53083
  ],
  "Delogo\u017eda": [
    20.7218,
    41.25728
  ],
  "Demir Hisar": [
    21.20306,
    41.22167
  ],
  "Desovo": [
    21.49111,
    41.46278
  ],
  "Dobarce": [
    21.08875,
    41.9553
  ],
  "Dobri Dol": [
    20.8875,
    41.86583
  ],
  "Dobro\u0161te": [
    21.07778,
    42.10333
  ],
  "Dobru\u0161evo": [
    21.4825,
    41.16861
  ],
  "Dolna Banjica": [
    20.90611,
    41.78611
  ],
  "Dolno Koli\u010dani": [
    21.48556,
    41.88639
  ],
  "Dolno Orizari": [
    21.37944,
    41.05028
  ],
  "Dolno Pal\u010di\u0161te": [
    20.92611,
    41.96806
  ],
  "Dolno Srpci": [
    21.36528,
    41.17417
  ],
  "D\u017eep\u010di\u0161te": [
    21,
    42.03278
  ],
  "Forino": [
    20.9625,
    41.82417
  ],
  "Gevgelija": [
    22.50141,
    41.14166
  ],
  "Golema Re\u010dica": [
    20.94583,
    41.99028
  ],
  "Gorno Orizari": [
    21.34694,
    41.05111
  ],
  "Gorobinci": [
    21.87694,
    41.87472
  ],
  "Gostivar": [
    20.90833,
    41.79722
  ],
  "Gradec": [
    22.50944,
    41.84806
  ],
  "Gradsko": [
    21.94278,
    41.5775
  ],
  "Grn\u010dari": [
    21.05333,
    41.01722
  ],
  "Gurgurnica": [
    21.10538,
    41.84508
  ],
  "Ilovica": [
    22.79861,
    41.47056
  ],
  "Ivankovci": [
    21.82028,
    41.84889
  ],
  "Jankovec": [
    21.01139,
    41.11028
  ],
  "Kamenjane": [
    20.92667,
    41.94444
  ],
  "Kanatlarci": [
    21.50333,
    41.21028
  ],
  "Karbinci": [
    22.2375,
    41.81667
  ],
  "Kavadarci": [
    22.01194,
    41.43306
  ],
  "Kisela Voda": [
    21.50278,
    41.94889
  ],
  "Ki\u010devo": [
    20.96333,
    41.51444
  ],
  "Kochani": [
    22.41278,
    41.91639
  ],
  "Kon\u010de": [
    22.385,
    41.49583
  ],
  "Kosel": [
    20.83556,
    41.17444
  ],
  "Krani": [
    21.10911,
    40.93934
  ],
  "Kratovo": [
    22.18139,
    42.07917
  ],
  "Krivogashtani": [
    21.33306,
    41.33611
  ],
  "Kukure\u010dani": [
    21.32556,
    41.09556
  ],
  "Kumanovo": [
    21.71444,
    42.13222
  ],
  "Larce": [
    21.12628,
    41.93318
  ],
  "La\u017eani": [
    21.31583,
    41.44222
  ],
  "Lisi\u010dani": [
    21.05444,
    41.46139
  ],
  "Ljubin": [
    21.30917,
    42.00139
  ],
  "Logovardi": [
    21.41139,
    41.02972
  ],
  "Lojane": [
    21.665,
    42.23333
  ],
  "Lukovo": [
    20.60472,
    41.34944
  ],
  "Makedonska Kamenica": [
    22.5876,
    42.02079
  ],
  "Makedonski Brod": [
    21.21528,
    41.51361
  ],
  "Me\u0161ei\u0161ta": [
    20.77414,
    41.23814
  ],
  "Miletino": [
    21.01601,
    41.90753
  ],
  "Miravci": [
    22.435,
    41.30778
  ],
  "Morani": [
    21.54997,
    41.90978
  ],
  "Murtino": [
    22.72667,
    41.41528
  ],
  "Negotino": [
    22.08917,
    41.48389
  ],
  "Novaci": [
    21.45611,
    41.04194
  ],
  "Obr\u0161ani": [
    21.36278,
    41.28222
  ],
  "Ognjaci": [
    21.58306,
    41.92167
  ],
  "Ohrid": [
    20.80194,
    41.11722
  ],
  "Oktisi": [
    20.60722,
    41.2325
  ],
  "Oraovica": [
    22.51333,
    41.62583
  ],
  "Orizari": [
    22.44694,
    41.92278
  ],
  "Oslomej": [
    21,
    41.57722
  ],
  "Otlja": [
    21.58778,
    42.14389
  ],
  "Peh\u010devo": [
    22.89056,
    41.75944
  ],
  "Pirava": [
    22.52972,
    41.32139
  ],
  "Pirok": [
    20.91056,
    41.91083
  ],
  "Podare\u0161": [
    22.54222,
    41.61389
  ],
  "Poroj": [
    20.9925,
    42.03083
  ],
  "Prilep": [
    21.55444,
    41.34639
  ],
  "Probishtip": [
    22.17861,
    42.00306
  ],
  "Pr\u0161ovce": [
    21.06139,
    42.08361
  ],
  "Rosoman": [
    21.94972,
    41.51611
  ],
  "Rusinovo": [
    22.80833,
    41.68333
  ],
  "Samokov": [
    21.14625,
    41.68331
  ],
  "Sedlarevo": [
    21.1275,
    41.88306
  ],
  "Sekirnik": [
    22.79389,
    41.43806
  ],
  "Selce": [
    20.93972,
    42.03472
  ],
  "Shtip": [
    22.19583,
    41.74583
  ],
  "Skopje": [
    21.43141,
    41.99646
  ],
  "Slatino": [
    21.0375,
    42.06778
  ],
  "Slep\u010de": [
    21.175,
    41.23333
  ],
  "Sopotnica": [
    21.155,
    41.29472
  ],
  "Srbica": [
    21.03111,
    41.58806
  ],
  "Srbinovo": [
    20.95859,
    41.70586
  ],
  "Sredno Konjare": [
    21.71494,
    41.95743
  ],
  "Star Dojran": [
    22.7203,
    41.18647
  ],
  "Stojakovo": [
    22.5775,
    41.15556
  ],
  "Strelci": [
    21.00361,
    41.53722
  ],
  "Strimnica": [
    21.03598,
    41.96718
  ],
  "Struga": [
    20.67784,
    41.17799
  ],
  "Strumica": [
    22.64333,
    41.4375
  ],
  "Su\u0161ica": [
    22.83639,
    41.43722
  ],
  "Sveti Nikole": [
    21.95274,
    41.86956
  ],
  "Tetovo": [
    20.97139,
    42.01056
  ],
  "Topol\u010dani": [
    21.43139,
    41.22861
  ],
  "Tuin": [
    21.04528,
    41.61944
  ],
  "Usje": [
    21.45835,
    41.95871
  ],
  "Valandovo": [
    22.56111,
    41.31694
  ],
  "Varo\u0161": [
    21.5325,
    41.35722
  ],
  "Vata\u0161a": [
    22.01889,
    41.41694
  ],
  "Veles": [
    21.77556,
    41.71556
  ],
  "Velesta": [
    20.64389,
    41.24083
  ],
  "Velusa": [
    22.5675,
    41.47611
  ],
  "Vev\u010dani": [
    20.59333,
    41.24056
  ],
  "Vinica": [
    22.50917,
    41.88278
  ],
  "Vladimirovo": [
    22.79278,
    41.71
  ],
  "Vrane\u0161tica": [
    21.02667,
    41.44528
  ],
  "Vrap\u010di\u0161te": [
    20.88528,
    41.83389
  ],
  "Vrutok": [
    20.83917,
    41.76861
  ],
  "Zajas": [
    20.93833,
    41.60722
  ],
  "Zelenikovo": [
    21.60306,
    41.87333
  ],
  "Zletovo": [
    22.23611,
    41.98861
  ],
  "Zrnovci": [
    22.44444,
    41.85417
  ],
  "\u010cair": [
    21.44111,
    42.01528
  ],
  "\u010ca\u0161ka": [
    21.66222,
    41.65056
  ],
  "\u010celopek": [
    21.01333,
    41.93167
  ],
  "\u010ce\u0161inovo": [
    22.28917,
    41.87139
  ],
  "\u0160ipkovica": [
    20.91556,
    42.035
  ],
  "\u0160uto Orizare": [
    21.425,
    42.04
  ],
  "\u017dito\u0161e": [
    21.29056,
    41.42083
  ],
  "\u0408\u0435\u0433\u0443\u043d\u043e\u0432\u0446\u0435": [
    21.12361,
    42.07361
  ],
  "\u0408\u0443\u0440\u0443\u043c\u043b\u0435\u0440\u0438": [
    21.55694,
    41.96722
  ],
  "\u0410\u0440\u0430\u0447\u0438\u043d\u043e\u0432\u043e": [
    21.56194,
    42.02639
  ],
  "\u0411\u0430\u0442\u0438\u043d\u0446\u0438": [
    21.48194,
    41.91972
  ],
  "\u0411\u0435\u0440\u043e\u0432\u043e": [
    22.85778,
    41.70306
  ],
  "\u0411\u0438\u0441\u0442\u0440\u0438\u0446\u0430": [
    21.36667,
    40.98333
  ],
  "\u0411\u043e\u0433\u0434\u0430\u043d\u0446\u0438": [
    22.57556,
    41.20306
  ],
  "\u0411\u043e\u0433\u043e\u043c\u0438\u043b\u0430": [
    21.47167,
    41.59306
  ],
  "\u0411\u0443\u043b\u0430\u0447\u0430\u043d\u0438": [
    21.50278,
    42.07056
  ],
  "\u0412\u0430\u043a\u0441\u0438\u043d\u0446\u0435": [
    21.66306,
    42.20611
  ],
  "\u0412\u0430\u0441\u0438\u043b\u0435\u0432\u043e": [
    22.64167,
    41.47611
  ],
  "\u0412\u0440\u0430\u0442\u043d\u0438\u0446\u0430": [
    21.11694,
    42.14333
  ],
  "\u0413\u0440\u0447\u0435\u0446": [
    21.33028,
    41.98806
  ],
  "\u0414\u0435\u0431\u0430\u0440": [
    20.5275,
    41.525
  ],
  "\u0414\u0435\u043b\u0447\u0435\u0432\u043e": [
    22.76944,
    41.96722
  ],