{
  "Ansongo": [
    0.5022,
    15.6597
  ],
  "Araouane": [
    -3.52649,
    18.90476
  ],
  "Bafoulab\u00e9": [
    -10.8321,
    13.8065
  ],
  "Bamako": [
    -8,
    12.65
  ],
  "Banamba": [
    -7.44808,
    13.54773
  ],
  "Bandiagara": [
    -3.61038,
    14.35005
  ],
  "Bougouni": [
    -7.48323,
    11.41769
  ],
  "Dir\u00e9": [
    -10.96667,
    12.28333
  ],
  "Dj\u00e9nn\u00e9": [
    -4.55332,
    13.90608
  ],
  "Douentza": [
    -2.94978,
    15.00155
  ],
  "Gao": [
    -0.04472,
    16.27167
  ],
  "Goundam": [
    -3.67075,
    16.41453
  ],
  "In\u00e9kar": [
    3.14111,
    15.95944
  ],
  "Kangaba": [
    -8.41667,
    11.93333
  ],
  "Kati": [
    -8.07257,
    12.74409
  ],
  "Kayes": [
    -11.44448,
    14.44693
  ],
  "Kidal": [
    1.40778,
    18.44111
  ],
  "Kinmparana": [
    -4.9245,
    12.84217
  ],
  "Kita": [
    -9.4895,
    13.0349
  ],
  "Kokofata": [
    -9.95,
    12.88333
  ],
  "Kolokani": [
    -8.0339,
    13.5728
  ],
  "Kolondi\u00e9ba": [
    -6.8929,
    11.08943
  ],
  "Koulikoro": [
    -7.55985,
    12.86273
  ],
  "Koutiala": [
    -5.46421,
    12.39173
  ],
  "K\u00e9-Macina": [
    -5.35791,
    13.9641
  ],
  "Markala": [
    -6.0659,
    13.7021
  ],
  "Mopti": [
    -4.18296,
    14.4843
  ],
  "M\u00e9naka": [
    2.4022,
    15.9182
  ],
  "Niafounk\u00e9": [
    -3.9906,
    15.9322
  ],
  "Sagalo": [
    -10.7,
    12.2
  ],
  "San": [
    -4.89562,
    13.30335
  ],
  "Sikasso": [
    -5.66654,
    11.31755
  ],
  "Sokolo": [
    -6.1219,
    14.7328
  ],
  "S\u00e9gou": [
    -6.2157,
    13.4317
  ],
  "Taoudenni": [
    -3.97891,
    22.67443
  ],
  "Timbuktu": [
    -3.00742,
    16.77348
  ],
  "T\u00e9nenkou": [
    -4.9169,
    14.45722
  ],
  "Yorosso": [
    -4.77688,
    12.35812
  ]
}
