{
  "Aldar": [
    96.53687,
    47.64226
  ],
  "Altai": [
    96.25833,
    46.37222
  ],
  "Altan": [
    95.71667,
    48.11667
  ],
  "Altan-Ovoo": [
    101.75503,
    47.44742
  ],
  "Altanbulag": [
    106.4,
    47.7
  ],
  "Altanteel": [
    92.84374,
    47.11044
  ],
  "Altay": [
    96.3592,
    49.70317
  ],
  "Altay sumu": [
    92.28333,
    45.8
  ],
  "Altraga": [
    98.97205,
    50.1791
  ],
  "Amardalay": [
    106.37426,
    46.12572
  ],
  "Ar-Asgat": [
    105.41194,
    48.26222
  ],
  "Argalant": [
    105.89584,
    47.94211
  ],
  "Argatay": [
    107.98333,
    45.76667
  ],
  "Arguut": [
    102.42056,
    45.46278
  ],
  "Arhust": [
    107.88334,
    47.79425
  ],
  "Arvayheer": [
    102.775,
    46.26389
  ],
  "Asgat": [
    96.79944,
    49.51082
  ],
  "Avdzaga": [
    103.51667,
    47.63333
  ],
  "Avraga": [
    109.18968,
    47.17851
  ],
  "Badrah": [
    101.98972,
    49.61833
  ],
  "Balgatay": [
    97.15,
    46.9
  ],
  "Baruun-Urt": [
    113.27917,
    46.68056
  ],
  "Baruunsuu": [
    105.75577,
    43.65595
  ],
  "Baruunturuun": [
    94.40414,
    49.65963
  ],
  "Bat-\u00d6ldziyt": [
    104.77318,
    48.21552
  ],
  "Bayan": [
    110.16667,
    46.25
  ],
  "Bayan Uula Sumu": [
    101.4,
    45.16667
  ],
  "Bayan-Ovoo": [
    111.63333,
    49.01667
  ],
  "Bayan-Uhaa": [
    98.79181,
    48.71906
  ],
  "Bayan-Ulaan": [
    102.59428,
    46.52178
  ],
  "Bayanbaraat": [
    106.25,
    46.86667
  ],
  "Bayanbulag": [
    109.91667,
    47.86667
  ],
  "Bayandelger": [
    108.11062,
    47.72732
  ],
  "Bayangol": [
    94.36449,
    45.55655
  ],
  "Bayanhongor": [
    100.71806,
    46.19444
  ],
  "Bayanhoshuu": [
    100.1433,
    46.70197
  ],
  "Bayansayr": [
    99.43314,
    45.55529
  ],
  "Bayantal": [
    108.35804,
    46.62134
  ],
  "Bayantsagaan": [
    100.76,
    48.73167
  ],
  "Bayant\u00f6h\u00f6m": [
    105.05,
    46.91667
  ],
  "Bayasgalant": [
    112.05,
    46.98333
  ],
  "Bayshint": [
    104.81667,
    47.41667
  ],
  "Bil\u00fc\u00fc": [
    89.43798,
    49.04372
  ],
  "Bod\u012d": [
    100.574,
    45.41171
  ],
  "Bornuur": [
    106.26667,
    48.46667
  ],
  "Buga": [
    95.0005,
    47.65013
  ],
  "Bugant": [
    106.85,
    49.58333
  ],
  "Bugat": [
    103.66583,
    49.06667
  ],
  "Bulag": [
    108.48333,
    48.2
  ],
  "Bulagiyn Denj": [
    101.11576,
    47.31869
  ],
  "Bulagtay": [
    107.51616,
    49.77594
  ],
  "Bulgan": [
    103.54288,
    44.09745
  ],
  "Bumbat": [
    104.11777,
    46.49674
  ],
  "Burgaltay": [
    104.74348,
    49.265
  ],
  "Buyanbat": [
    95.92532,
    46.97838
  ],
  "Buyant": [
    110.83333,
    46.25
  ],
  "B\u00f6h\u00f6t": [
    108.28245,
    45.23223
  ],
  "B\u00fcrenhayrhan": [
    91.56667,
    46.08333
  ],
  "Chandman\u012d": [
    110.46667,
    45.53333
  ],
  "Chihertey": [
    89.51557,
    48.30272
  ],
  "Chonogol": [
    115.36667,
    45.9
  ],
  "Choybalsan": [
    114.5,
    48.06667
  ],
  "Choyr": [
    108.36111,
    46.36111
  ],
  "Dalandzadgad": [
    104.425,
    43.57083
  ],
  "Dalay": [
    103.51284,
    43.46787
  ],
  "Darhan": [
    109.41667,
    46.61667
  ],
  "Darvi": [
    93.61673,
    46.93678
  ],
  "Dashbalbar": [
    114.40287,
    49.54571
  ],
  "Dashinchilling": [
    104.05,
    47.85
  ],
  "Delgerhaan": [
    106.18578,
    50.08578
  ],
  "Delgerm\u00f6r\u00f6n": [
    98.28712,
    46.40946
  ],
  "Doloon": [
    105.32078,
    44.42446
  ],
  "Dund-Urt": [
    105.9219,
    48.03791
  ],
  "Dundb\u00fcrd": [
    111.49784,
    47.9459
  ],
  "Duut": [
    91.63333,
    47.51667
  ],
  "Dzaanhoshuu": [
    100.87801,
    47.49331
  ],
  "Dzadgay": [
    99.59862,
    46.21061
  ],
  "Dzag": [
    99.16689,
    46.94229
  ],
  "Dzalaa": [
    99.26667,
    44.53333
  ],
  "Dzegstey": [
    102.54999,
    47.66805
  ],
  "Dzel": [
    93.78582,
    49.90713
  ],
  "Dzelter": [
    105.04583,
    50.31556
  ],
  "Dzogsool": [
    107.15,
    46.8
  ],
  "Dzuunmod": [
    106.95278,
    47.70694
  ],
  "Dz\u00f6\u00f6l\u00f6n": [
    99.67226,
    51.10719
  ],
  "Dz\u00fcr": [
    95.79323,
    49.65796
  ],
  "Dz\u00fcyl": [
    93.90409,
    46.30686
  ],
  "Dz\u00fc\u00fcnbulag": [
    112.18333,
    46.38333
  ],
  "Dz\u00fc\u00fcnharaa": [
    106.45786,
    48.85229
  ],
  "Dz\u00fc\u00fcnh\u00f6v\u00f6\u00f6": [
    92.4024,
    50.60977
  ],
  "Dz\u00fc\u00fcnkharaa": [
    106.73333,
    48.63333
  ],
  "Eg": [
    110.18333,
    48.68333
  ],
  "Eg-Uur": [
    101.57528,
    50.10944
  ],
  "Enhtal": [
    105.37361,
    49.2475
  ],
  "Erdenet": [
    104.08333,
    49.03333
  ],
  "Erdenetsogt": [
    106.11866,
    42.97238
  ],
  "Ereencav": [
    115.72526,
    49.8807
  ],
  "Ergel": [
    109.13333,
    43.15
  ],
  "Erhet": [
    102.9812,
    48.27394
  ],
  "Hajuu-Us": [
    107.48955,
    46.04988
  ],
  "Halban": [
    97.7409,
    49.52877
  ],
  "Haliun": [
    96.16239,
    45.9296
  ],
  "Hanh\u00f6hiy": [
    112.13333,
    47.61667
  ],
  "Har-Us": [
    91.43333,
    48.48333
  ],
  "Haraat": [
    107.65,
    46.41667
  ],
  "Harhiraa": [
    91.90424,
    49.77849
  ],
  "Harhorin": [
    102.82379,
    47.19753
  ],
  "Harmod": [
    91.60641,
    50.3413
  ],
  "Hashaat": [
    104.80511,
    45.24323
  ],
  "Hatansuudal": [
    100.82788,
    44.54595
  ],
  "Hatavch": [
    112.95,
    46.16667
  ],
  "Havirga": [
    113.08333,
    45.66667
  ],
  "Havtsal": [
    91.66667,
    50.1
  ],
  "Haylaastay": [
    113.41667,
    46.9
  ],
  "Herlen": [
    110.56667,
    47.3
  ],
  "Holboo": [
    95.43257,
    48.58876
  ],
  "Hongor": [
    105.89674,
    49.23012
  ],
  "Hoolt": [
    102.98333,
    45.53333
  ],
  "Horgo": [
    99.87556,
    48.16
  ],
  "Horiult": [
    100.76667,
    45.2
  ],
  "Hotont": [
    102.46794,
    47.36278
  ],
  "Hovd": [
    102.17491,
    44.67024
  ],
  "Hujirt": [
    104.58333,
    46.6
  ],
  "Hulstay": [
    114.86667,
    48.43333
  ],
  "Hungiy": [
    94.29428,
    48.51672
  ],
  "Hunt": [
    99.46667,
    47.86667
  ],
  "Hushaat": [
    105.61667,
    49.5
  ],
  "Hutag": [
    102.69333,
    49.395
  ],
  "Huurch": [
    105.42,
    50.10361
  ],
  "H\u00f6dr\u00f6g\u00f6": [
    96.96259,
    48.87284
  ],
  "H\u00f6hb\u00fcrd": [
    100.44834,
    46.28575
  ],
  "H\u00f6htolgoy": [
    90.91015,
    49.28001
  ],
  "H\u00f6shigiyn-Ar": [
    106.96333,
    47.55717
  ],
  "H\u00f6sh\u00f6\u00f6t": [
    102.55686,
    48.1009
  ],
  "H\u00f6viyn Am": [
    98.5714,
    47.23123
  ],
  "H\u00fcremt": [
    102.44554,
    46.30241
  ],
  "Ider": [
    99.87389,
    48.77278
  ],
  "Ihbulag": [
    107.2,
    43.2
  ],
  "Ihs\u00fc\u00fcj": [
    106.29152,
    48.2257
  ],
  "Ingettolgoy": [
    103.97417,
    49.46167
  ],
  "Jargalant": [
    104.40803,
    49.12915
  ],
  "Javarthushuu": [
    112.73333,
    49.15
  ],
  "Javhlant": [
    112.11667,
    47.78333
  ],
  "Kharkhorin": [
    102.81349,
    47.19245
  ],
  "Khovd": [
    91.64194,
    48.00556
  ],
  "Khujirt": [
    102.76903,
    46.89704
  ],
  "Khuvsget": [
    109.63806,
    43.60639
  ],
  "Maan\u012dt": [
    107.53333,
    47.25
  ],
  "Mandal": [
    106.74076,
    48.37062
  ],
  "Mandalgovi": [
    106.27083,
    45.7625
  ],
  "Manhan": [
    100.04306,
    50.12139
  ],
  "Mardzad": [
    102.05,
    45.95
  ],
  "Mayhan": [
    103.83951,
    46.09121
  ],
  "Modot": [
    109.05,
    47.75
  ],
  "Murun-kuren": [
    100.1625,
    49.63417
  ],
  "M\u00f6nhbulag": [
    103.51667,
    46.75
  ],
  "M\u00f6r\u00f6n": [
    110.31647,
    47.38254
  ],
  "Namir": [
    91.71782,
    49.10641
  ],
  "Naran-mandokhu Somon": [
    108.25,
    44.4
  ],
  "Naranbulag": [
    113.37427,
    49.2436
  ],
  "Nart": [
    105.38833,
    49.145
  ],
  "Nogoonnuur": [
    90.24204,
    49.61627
  ],
  "Nomgon": [
    105.66582,
    49.2001
  ],