{
  "Basse-Pointe": [
    -61.11504,
    14.86954
  ],
  "Ducos": [
    -60.97453,
    14.57529
  ],
  "Fort-de-France": [
    -61.07334,
    14.60892
  ],
  "La Trinit\u00e9": [
    -60.96286,
    14.73758
  ],
  "Le Fran\u00e7ois": [
    -60.90308,
    14.61557
  ],
  "Le Gros-Morne": [
    -61,
    14.7
  ],
  "Le Lamentin": [
    -61.00933,
    14.608
  ],
  "Le Lorrain": [
    -61.05667,
    14.83292
  ],
  "Le Marin": [
    -60.86973,
    14.47212
  ],
  "Le Morne-Rouge": [
    -61.13333,
    14.76667
  ],
  "Le Robert": [
    -60.94228,
    14.67751
  ],
  "Le Vauclin": [
    -60.83883,
    14.54524
  ],
  "Les Trois-\u00celets": [
    -61.03608,
    14.539
  ],
  "Petite Rivi\u00e8re Sal\u00e9e": [
    -60.96667,
    14.75
  ],
  "Rivi\u00e8re-Pilote": [
    -60.9035,
    14.47746
  ],
  "Saint-Esprit": [
    -60.93333,
    14.55
  ],
  "Saint-Joseph": [
    -61.04558,
    14.66792
  ],
  "Saint-Pierre": [
    -61.17533,
    14.74383
  ],
  "Sainte-Luce": [
    -60.92708,
    14.46733
  ],
  "Sainte-Marie": [
    -60.99274,
    14.78392
  ]
}
