{
  "Akjoujt": [
    -14.41639,
    19.69694
  ],
  "Aleg": [
    -13.9209,
    17.0481
  ],
  "Atar": [
    -13.04986,
    20.51686
  ],
  "Bark\u00e9wol": [
    -12.49849,
    16.64039
  ],
  "Chingue\u1e6d\u1e6di": [
    -12.2622,
    20.44036
  ],
  "Ka\u00e9di": [
    -13.50474,
    16.14653
  ],
  "Kiffa": [
    -11.40453,
    16.61659
  ],
  "Nouakchott": [
    -15.9785,
    18.08581
  ],
  "Nou\u00e2dhibou": [
    -17.03465,
    20.93098
  ],
  "N\u00e9ma": [
    -7.2535,
    16.6162
  ],
  "Rosso": [
    -15.80503,
    16.51378
  ],
  "S\u00e9libabi": [
    -12.1829,
    15.15895
  ],
  "Tidjikja": [
    -11.42715,
    18.55644
  ],
  "T\u00e9kane": [
    -15.45972,
    16.57806
  ],
  "Zou\u00e9rat": [
    -12.45205,
    22.71873
  ],
  "\u2019Ayo\u00fbn el \u2019Atro\u00fbs": [
    -9.6149,
    16.6614
  ]
}
