{
  "Brades": [
    -62.21058,
    16.79183
  ],
  "Plymouth": [
    -62.21292,
    16.70555
  ],
  "Saint Peters": [
    -62.21729,
    16.7727
  ]
}
