{
  "Attard": [
    14.4425,
    35.88972
  ],
  "Balzan": [
    14.455,
    35.90028
  ],
  "Birkirkara": [
    14.46111,
    35.89722
  ],
  "Bir\u017cebbu\u0121a": [
    14.52694,
    35.82583
  ],
  "Cospicua": [
    14.5275,
    35.88556
  ],
  "Dingli": [
    14.38222,
    35.86139
  ],
  "Fgura": [
    14.51333,
    35.87028
  ],
  "Floriana": [
    14.50833,
    35.89583
  ],
  "Fontana": [
    14.23611,
    36.0375
  ],
  "Gudja": [
    14.50306,
    35.84917
  ],
  "G\u0127ajnsielem": [
    14.285,
    36.02639
  ],
  "G\u0127arb": [
    14.20889,
    36.06
  ],
  "G\u0127arg\u0127ur": [
    14.45194,
    35.92417
  ],
  "G\u0127asri": [
    14.22639,
    36.05778
  ],
  "G\u0127axaq": [
    14.51667,
    35.84889
  ],
  "G\u017cira": [
    14.48806,
    35.90583
  ],
  "Imdina": [
    14.4025,
    35.88694
  ],
  "Imsida": [
    14.48278,
    35.8925
  ],
  "Imtarfa": [
    14.39889,
    35.89333
  ],
  "Im\u0121arr": [
    14.36639,
    35.92056
  ],
  "Kalkara": [
    14.53278,
    35.88917
  ],
  "Ker\u010bem": [
    14.22667,
    36.04194
  ],
  "Kirkop": [
    14.48528,
    35.84222
  ],
  "L-Iklin": [
    14.45415,
    35.90414
  ],
  "Lija": [
    14.44639,
    35.90056
  ],
  "Luqa": [
    14.48861,
    35.85889
  ],
  "Marsa": [
    14.49528,
    35.87917
  ],
  "Marsaskala": [
    14.56701,
    35.8622
  ],
  "Marsaxlokk": [
    14.54306,
    35.84194
  ],
  "Mellie\u0127a": [
    14.36222,
    35.95639
  ],
  "Mosta": [
    14.42556,
    35.90917
  ],
  "Mqabba": [
    14.46824,
    35.84763
  ],
  "Munxar": [
    14.23333,
    36.03
  ],
  "M\u0121arr": [
    14.295,
    36.02528
  ],
  "Nadur": [
    14.29417,
    36.03778
  ],
  "Naxxar": [
    14.44361,
    35.91361
  ],
  "Paola": [
    14.49889,
    35.87306
  ],
  "Pembroke": [
    14.47639,
    35.93056
  ],
  "Piet\u00e0": [
    14.495,
    35.89472
  ],
  "Qala": [
    14.30944,
    36.03611
  ],
  "Qormi": [
    14.472,
    35.87601
  ],
  "Qrendi": [
    14.45833,
    35.83472
  ],
  "Rabat": [
    14.39415,
    35.87417
  ],
  "Safi": [
    14.48472,
    35.83306
  ],
  "Saint John": [
    14.47611,
    35.90556
  ],
  "Saint Lucia": [
    14.21722,
    36.04306
  ],
  "San Lawrenz": [
    14.20361,
    36.05556
  ],
  "San Pawl il-Ba\u0127ar": [
    14.41561,
    35.95064
  ],
  "San \u0120iljan": [
    14.48977,
    35.91839
  ],
  "Sannat": [
    14.24278,
    36.02444
  ],
  "Santa Lu\u010bija": [
    14.5075,
    35.86278
  ],
  "Santa Venera": [
    14.47417,
    35.89083
  ],
  "Senglea": [
    14.51694,
    35.8875
  ],
  "Si\u0121\u0121iewi": [
    14.43639,
    35.85556
  ],
  "Sliema": [
    14.50194,
    35.9125
  ],
  "Swieqi": [
    14.48,
    35.9225
  ],
  "Tarxien": [
    14.515,
    35.86583
  ],
  "Ta\u2019 Xbiex": [
    14.49444,
    35.89917
  ],
  "Valletta": [
    14.51472,
    35.89972
  ],
  "Victoria": [
    14.23972,
    36.04444
  ],
  "Vittoriosa": [
    14.51833,
    35.89222
  ],
  "Xag\u0127ra": [
    14.26444,
    36.05
  ],
  "Xewkija": [
    14.25806,
    36.03278
  ],
  "Xg\u0127ajra": [
    14.5475,
    35.88556
  ],
  "\u0126amrun": [
    14.48444,
    35.88472
  ],
  "\u017babbar": [
    14.535,
    35.87611
  ],
  "\u017bebbu\u0121": [
    14.44111,
    35.87194
  ],
  "\u017bejtun": [
    14.53306,
    35.85583
  ],
  "\u017burrieq": [
    14.47417,
    35.83111
  ]
}
