{
  "Albion": [
    57.40083,
    -20.21167
  ],
  "Amaury": [
    57.65917,
    -20.13083
  ],
  "Arsenal": [
    57.53528,
    -20.10556
  ],
  "Baie aux Hu\u00eetres": [
    63.40833,
    -19.69444
  ],
  "Bambous Virieux": [
    57.7575,
    -20.34278
  ],
  "Beau Vallon": [
    57.69528,
    -20.41889
  ],
  "Bel Air": [
    57.74528,
    -20.25417
  ],
  "Bois des Amourettes": [
    57.73111,
    -20.36306
  ],
  "Bon Accueil": [
    57.65639,
    -20.17083
  ],
  "Bris\u00e9e Verdi\u00e8re": [
    57.64667,
    -20.16389
  ],
  "Calebasses": [
    57.55389,
    -20.11167
  ],
  "Camp Diable": [
    57.57889,
    -20.46278
  ],
  "Camp Ithier": [
    57.74556,
    -20.21583
  ],
  "Camp Thorel": [
    57.61611,
    -20.21472
  ],
  "Camp de Masque": [
    57.66333,
    -20.23694
  ],
  "Cap Malheureux": [
    57.61417,
    -19.98417
  ],
  "Cargados Carajos": [
    59.65851,
    -16.60329
  ],
  "Cascavelle": [
    57.40722,
    -20.28694
  ],
  "Centre de Flacq": [
    57.71444,
    -20.18972
  ],
  "Chamouny": [
    57.46611,
    -20.48222
  ],
  "Chemin Grenier": [
    57.46556,
    -20.48722
  ],
  "Cluny": [
    57.60389,
    -20.36694
  ],
  "Cl\u00e9mencia": [
    57.70611,
    -20.26389
  ],
  "Congomah": [
    57.59083,
    -20.14889
  ],
  "Cottage": [
    57.62917,
    -20.05972
  ],
  "Cr\u00e8ve Coeur": [
    57.55722,
    -20.19111
  ],
  "Curepipe": [
    57.52028,
    -20.31472
  ],
  "Dubreuil": [
    57.595,
    -20.2975
  ],
  "Ebene": [
    57.49163,
    -20.24494
  ],
  "Ecroignard": [
    57.73611,
    -20.22611
  ],
  "Esp\u00e9rance Tr\u00e9buchet": [
    57.64194,
    -20.06972
  ],
  "Flic en Flac": [
    57.36306,
    -20.27417
  ],
  "Fond du Sac": [
    57.57861,
    -20.04306
  ],
  "Goodlands": [
    57.64306,
    -20.035
  ],
  "Grand Baie": [
    57.58015,
    -20.01816
  ],
  "Grand Bois": [
    57.54417,
    -20.41889
  ],
  "Grand Gaube": [
    57.66083,
    -20.00639
  ],
  "Grand Sable": [
    57.76444,
    -20.31417
  ],
  "Grande Pointe aux Piments": [
    57.51306,
    -20.06278
  ],
  "Grande Rivi\u00e8re Noire": [
    57.36611,
    -20.36028
  ],
  "Grande Rivi\u00e8re Sud Est": [
    57.77583,
    -20.28611
  ],
  "Gros Cailloux": [
    57.43,
    -20.20722
  ],
  "La Dagoti\u00e8re": [
    57.55417,
    -20.24444
  ],
  "Lalmatie": [
    57.66111,
    -20.18972
  ],
  "Laventure": [
    57.67667,
    -20.14583
  ],
  "Le Hochet": [
    57.52111,
    -20.135
  ],
  "Long Mountain": [
    57.56222,
    -20.14306
  ],
  "Mah\u00e9bourg": [
    57.7,
    -20.40806
  ],
  "Mapou": [
    57.60139,
    -20.07583
  ],
  "Mare La Chaux": [
    57.74944,
    -20.19806
  ],
  "Melrose": [
    57.63194,
    -20.26972
  ],
  "Midlands": [
    57.55833,
    -20.3325
  ],
  "Moka": [
    57.49583,
    -20.21889
  ],
  "Montagne Blanche": [
    57.65444,
    -20.28278
  ],
  "Morcellemont Saint Andr\u00e9": [
    57.55806,
    -20.07306
  ],
  "New Grove": [
    57.61361,
    -20.40861
  ],
  "Notre Dame": [
    57.55306,
    -20.14056
  ],
  "Nouvelle France": [
    57.56111,
    -20.37056
  ],
  "Olivia": [
    57.72556,
    -20.2975
  ],
  "Pailles": [
    57.48826,
    -20.19271
  ],
  "Pamplemousses": [
    57.57028,
    -20.10389
  ],
  "Petit Raffray": [
    57.61194,
    -20.01333
  ],
  "Petite Case Noyale": [
    57.365,
    -20.39306
  ],
  "Petite Rivi\u00e8re": [
    57.44592,
    -20.19551
  ],
  "Piton": [
    57.63028,
    -20.09028
  ],
  "Plaine Magnien": [
    57.66968,
    -20.42967
  ],
  "Plaine des Papayes": [
    57.5725,
    -20.065
  ],
  "Plaines des Roches": [
    57.69083,
    -20.11167
  ],
  "Port Louis": [
    57.49889,
    -20.16194
  ],
  "Port Mathurin": [
    63.41667,
    -19.68333
  ],
  "Poste de Flacq": [
    57.73056,
    -20.16306
  ],
  "Providence": [
    57.61222,
    -20.24472
  ],
  "Quartier Militaire": [
    57.58917,
    -20.24389
  ],
  "Quatre Bornes": [
    57.4791,
    -20.26381
  ],
  "Quatre Cocos": [
    57.7625,
    -20.20778
  ],
  "Quatre Soeurs": [
    57.77056,
    -20.29917
  ],
  "Queen Victoria": [
    57.7075,
    -20.22
  ],
  "Rivi\u00e8re des Anguilles": [
    57.55083,
    -20.48528
  ],
  "Rivi\u00e8re du Rempart": [
    57.68472,
    -20.10306
  ],
  "Roche Terre": [
    57.64472,
    -20.01861
  ],
  "Roches Noire": [
    57.71222,
    -20.11111
  ],
  "Rose Belle": [
    57.59667,
    -20.40028
  ],
  "Saint Aubin": [
    57.55,
    -20.496
  ],
  "Saint Hubert": [
    57.63833,
    -20.36417
  ],
  "Saint Julien": [
    57.63639,
    -20.22639
  ],
  "Saint Pierre": [
    57.52083,
    -20.2175
  ],
  "Sebastopol": [
    57.6875,
    -20.28889
  ],
  "Souillac": [
    57.51667,
    -20.51667
  ],
  "Surinam": [
    57.50528,
    -20.50972
  ],
  "Tamarin": [
    57.37056,
    -20.32556
  ],
  "Terre Rouge": [
    57.52444,
    -20.12611
  ],
  "The Vale": [
    57.58778,
    -20.02833
  ],
  "Triolet": [
    57.54528,
    -20.05472
  ],
  "Vacoas": [
    57.47833,
    -20.29806
  ],
  "Verdun": [
    57.54389,
    -20.22833
  ]
}
