{
  "Arandis": [
    14.96667,
    -22.41667
  ],
  "Aranos": [
    19.11667,
    -24.13333
  ],
  "Bagani": [
    21.61645,
    -18.11065
  ],
  "Bethanie": [
    17.15,
    -26.48333
  ],
  "Eenhana": [
    16.33333,
    -17.46667
  ],
  "Gobabis": [
    18.96667,
    -22.45
  ],
  "Grootfontein": [
    18.11667,
    -19.56667
  ],
  "Hentiesbaai": [
    14.28333,
    -22.11667
  ],
  "Hoachanas": [
    18.05,
    -23.91667
  ],
  "Karasburg": [
    18.75,
    -28.01667
  ],
  "Karibib": [
    15.83333,
    -21.93333
  ],
  "Katima Mulilo": [
    24.26667,
    -17.5
  ],
  "Keetmanshoop": [
    18.13333,
    -26.58333
  ],
  "Khorixas": [
    14.96667,
    -20.36667
  ],
  "L\u00fcderitz": [
    15.15944,
    -26.64806
  ],
  "Maltah\u00f6he": [
    16.98333,
    -24.83333
  ],
  "Mariental": [
    17.96667,
    -24.63333
  ],
  "Okahandja": [
    16.91667,
    -21.98333
  ],
  "Okakarara": [
    17.43333,
    -20.58333
  ],
  "Omaruru": [
    15.93333,
    -21.43333
  ],
  "Omuthiya": [
    16.21667,
    -17.71667
  ],
  "Ondangwa": [
    15.95,
    -17.91667
  ],
  "Ongandjera": [
    15.06667,
    -17.88333
  ],
  "Ongwediva": [
    15.76667,
    -17.78333
  ],
  "Opuwo": [
    13.83998,
    -18.06068
  ],
  "Oranjemund": [
    16.43333,
    -28.55
  ],
  "Oshakati": [
    15.68333,
    -17.78333
  ],
  "Oshikango": [
    15.88333,
    -17.4
  ],
  "Otavi": [
    17.33333,
    -19.65
  ],
  "Otjimbingwe": [
    16.13333,
    -22.35
  ],
  "Otjiwarongo": [
    16.64772,
    -20.46369
  ],
  "Outapi": [
    14.98333,
    -17.5
  ],
  "Outjo": [
    16.15,
    -20.11667
  ],
  "Rehoboth": [
    17.08333,
    -23.31667
  ],
  "Rundu": [
    19.76667,
    -17.93333
  ],
  "Swakopmund": [
    14.53333,
    -22.68333
  ],
  "Tses": [
    18,
    -25.88333
  ],
  "Tsumeb": [
    17.71667,
    -19.23333
  ],
  "Usakos": [
    15.6,
    -22
  ],
  "Walvis Bay": [
    14.50528,
    -22.9575
  ],
  "Warmbad": [
    18.73333,
    -28.45
  ],
  "Windhoek": [
    17.08323,
    -22.55941
  ]
}
