{
  "Bouloupari": [
    166.05,
    -21.86667
  ],
  "Bourail": [
    165.48333,
    -21.56667
  ],
  "Canala": [
    165.95,
    -21.53333
  ],
  "Dumb\u00e9a": [
    166.45,
    -22.15
  ],
  "Fayaou\u00e9": [
    166.53333,
    -20.65
  ],
  "Hiengh\u00e8ne": [
    164.93333,
    -20.68333
  ],
  "Houa\u00eflou": [
    165.61667,
    -21.28333
  ],
  "Kaala-Gom\u00e9n": [
    164.4,
    -20.66667
  ],
  "Kon\u00e9": [
    164.86582,
    -21.05951
  ],
  "Koumac": [
    164.28333,
    -20.56667
  ],
  "La Foa": [
    165.82764,
    -21.71079
  ],
  "Mont-Dore": [
    166.58333,
    -22.28333
  ],
  "Noum\u00e9a": [
    166.4572,
    -22.27631
  ],
  "Ou\u00e9goa": [
    164.43333,
    -20.35
  ],
  "Pa\u00efta": [
    166.36667,
    -22.13333
  ],
  "Poindimi\u00e9": [
    165.33333,
    -20.93333
  ],
  "Pon\u00e9rihouen": [
    165.4,
    -21.08333
  ],
  "Pouembout": [
    164.9,
    -21.13333
  ],
  "Poum": [
    164.01667,
    -20.23333
  ],
  "Pou\u00e9bo": [
    164.56667,
    -20.4
  ],
  "Poya": [
    165.15,
    -21.35
  ],
  "Tadine": [
    167.88333,
    -21.55
  ],
  "Thio": [
    166.21667,
    -21.61667
  ],
  "Touho": [
    165.23333,
    -20.78333
  ],
  "Vao": [
    167.48333,
    -22.66667
  ],
  "Voh": [
    164.7,
    -20.96667
  ],
  "W\u00e9": [
    167.26461,
    -20.91687
  ],
  "Yat\u00e9-Barrage": [
    166.88333,
    -22.15
  ]
}
