{
  "Abalak": [
    6.2793,
    15.4509
  ],
  "Agadez": [
    7.99111,
    16.97333
  ],
  "Agui\u00e9": [
    7.77863,
    13.50601
  ],
  "Alaghsas": [
    8.0168,
    17.0187
  ],
  "Arlit": [
    7.38528,
    18.73694
  ],
  "Ayorou": [
    0.91738,
    14.73075
  ],
  "Bilma": [
    12.91643,
    18.68532
  ],
  "Birni N Konni": [
    5.25026,
    13.79599
  ],
  "Birnin Gaour\u00e9": [
    2.91099,
    13.08173
  ],
  "Bouza": [
    6.04278,
    14.42293
  ],
  "Dakoro": [
    6.765,
    14.51056
  ],
  "Diffa": [
    12.61134,
    13.31536
  ],
  "Dogondoutchi": [
    4.02875,
    13.63933
  ],
  "Dosso": [
    3.1937,
    13.049
  ],
  "Filingu\u00e9": [
    3.3168,
    14.3521
  ],
  "Gaya": [
    3.44919,
    11.88435
  ],
  "Gour\u00e9": [
    10.27035,
    13.9835
  ],
  "Guidan Roumdji": [
    6.69568,
    13.6576
  ],
  "Ill\u00e9la": [
    5.2437,
    14.4605
  ],
  "Kantch\u00e9": [
    8.46293,
    13.53926
  ],
  "Ke\u00efta": [
    5.7749,
    14.7551
  ],
  "Kollo": [
    2.339,
    13.3043
  ],
  "Loga": [
    3.2358,
    13.6132
  ],
  "Madaoua": [
    5.96,
    14.073
  ],
  "Madarounfa": [
    7.15602,
    13.30867
  ],
  "Magaria": [
    8.90991,
    12.99826
  ],
  "Maradi": [
    7.10174,
    13.5
  ],
  "Matamey": [
    8.47485,
    13.42309
  ],
  "Mayahi": [
    7.67122,
    13.95532
  ],
  "Ma\u00efn\u00e9 Soroa": [
    12.0241,
    13.21139
  ],
  "Mirriah": [
    9.15013,
    13.70727
  ],
  "Nguigmi": [
    13.10921,
    14.24953
  ],
  "Niamey": [
    2.1098,
    13.51366
  ],
  "Ouallam": [
    2.08597,
    14.31642
  ],
  "Say": [
    2.3689,
    13.1007
  ],
  "Tahoua": [
    5.2692,
    14.8888
  ],
  "Tanout": [
    8.88786,
    14.97089
  ],
  "Tchintabaraden": [
    5.7985,
    15.8969
  ],
  "Tchiroz\u00e9rine": [
    7.7614,
    17.22096
  ],
  "Tessaoua": [
    7.9874,
    13.75737
  ],
  "Tibiri": [
    7.04848,
    13.56271
  ],
  "Tillab\u00e9ri": [
    1.45418,
    14.20711
  ],
  "T\u00e9ra": [
    0.75306,
    14.00776
  ],
  "Zinder": [
    8.9881,
    13.80716
  ]
}
