{
  "Aba": [
    7.36667,
    5.10658
  ],
  "Abak": [
    7.79171,
    4.9797
  ],
  "Abakaliki": [
    8.11691,
    6.31625
  ],
  "Abeokuta": [
    3.35,
    7.15
  ],
  "Abocho": [
    6.9863,
    7.5677
  ],
  "Abraka": [
    6.10473,
    5.79023
  ],
  "Abuja": [
    7.49508,
    9.05785
  ],
  "Adani": [
    7.01117,
    6.73971
  ],
  "Ado Odo": [
    2.93333,
    6.6
  ],
  "Ado-Ekiti": [
    5.2215,
    7.621
  ],
  "Adoru": [
    7.16268,
    6.97661
  ],
  "Afikpo": [
    7.93735,
    5.89312
  ],
  "Agaie": [
    6.31667,
    9.01667
  ],
  "Agbabu": [
    4.8343,
    6.58862
  ],
  "Agbor": [
    6.19337,
    6.25183
  ],
  "Agenebode": [
    6.6966,
    7.106
  ],
  "Ago Are": [
    3.41667,
    8.5
  ],
  "Agulu": [
    7.0724,
    6.11
  ],
  "Ahoada": [
    6.65353,
    5.07395
  ],
  "Ajaokuta": [
    6.65497,
    7.56229
  ],
  "Ajasse Ipo": [
    4.81667,
    8.23333
  ],
  "Akankpa": [
    8.1898,
    5.1264
  ],
  "Ake-Eze": [
    7.67615,
    5.91677
  ],
  "Akko": [
    10.9732,
    10.28899
  ],
  "Aku": [
    7.3167,
    6.7081
  ],
  "Akure": [
    5.19312,
    7.25256
  ],
  "Akwanga": [
    8.38333,
    8.91667
  ],
  "Alapa": [
    4.38333,
    8.61667
  ],
  "Aliade": [
    8.487,
    7.2964
  ],
  "Amagunze": [
    7.6539,
    6.3267
  ],
  "Amaigbo": [
    7.83829,
    5.78917
  ],
  "Amassoma": [
    6.10972,
    4.96917
  ],
  "Amper": [
    9.7,
    9.35
  ],
  "Anchau": [
    8.39155,
    10.95967
  ],
  "Anka": [
    5.92427,
    12.11381
  ],
  "Ankpa": [
    7.6253,
    7.37058
  ],
  "Apomu": [
    4.18333,
    7.33333
  ],
  "Araomoko Ekiti": [
    5.04474,
    7.70927
  ],
  "Argungu": [
    4.52687,
    12.74334
  ],
  "Arochukwu": [
    7.91404,
    5.38979
  ],
  "Asaba": [
    6.73187,
    6.19824
  ],
  "Auchi": [
    6.26667,
    7.06667
  ],
  "Auna": [
    4.72318,
    10.18805
  ],
  "Awgu": [
    7.4786,
    6.0742
  ],
  "Awka": [
    7.07411,
    6.21009
  ],
  "Azare": [
    10.1948,
    11.6765
  ],
  "Babana": [
    3.81495,
    10.42949
  ],
  "Babura": [
    9.01583,
    12.77305
  ],
  "Badagry": [
    2.88333,
    6.41667
  ],
  "Badeggi": [
    6.15,
    9.05
  ],
  "Bagudo": [
    4.22958,
    11.40329
  ],
  "Baissa": [
    10.63333,
    7.23333
  ],
  "Bakori": [
    7.42425,
    11.55445
  ],
  "Bama": [
    13.68558,
    11.5221
  ],
  "Bara": [
    10.72884,
    10.37444
  ],
  "Baro": [
    6.41667,
    8.6
  ],
  "Batsari": [
    7.24472,
    12.75147
  ],
  "Bauchi": [
    9.84327,
    10.31344
  ],
  "Bebeji": [
    8.26217,
    11.66726
  ],
  "Beli": [
    10.97187,
    7.85868
  ],
  "Bena": [
    5.93472,
    11.28444
  ],
  "Bende": [
    7.63676,
    5.55718
  ],
  "Benin City": [
    5.62749,
    6.33504
  ],
  "Benisheik": [
    12.4909,
    11.8072
  ],
  "Bida": [
    6.01667,
    9.08333
  ],
  "Biliri": [
    11.22528,
    9.86472
  ],
  "Bin Yauri": [
    4.81135,
    10.7823
  ],
  "Binji": [
    4.90955,
    13.22277
  ],
  "Birnin Kebbi": [
    4.1975,
    12.45389
  ],
  "Birnin Kudu": [
    9.4984,
    11.44588
  ],
  "Birniwa": [
    10.2348,
    12.7903
  ],
  "Biu": [
    12.19458,
    10.61285
  ],
  "Bode Sadu": [
    4.78333,
    8.93333
  ],
  "Boi": [
    9.49528,
    9.56833
  ],
  "Boju": [
    7.91119,
    7.37834
  ],
  "Bokani": [
    5.2,
    9.43333
  ],
  "Bokkos": [
    9,
    9.3
  ],
  "Bomadi": [
    5.92516,
    5.15931
  ],
  "Bonny": [
    7.16808,
    4.4522
  ],
  "Bopo": [
    7.8664,
    7.6565
  ],
  "Bori": [
    7.36201,
    4.67366
  ],
  "Bornu Yassu": [
    12.5552,
    12.2774
  ],
  "Brass": [
    6.24176,
    4.31506
  ],
  "Buga": [
    7.34139,
    8.49056
  ],
  "Bugana": [
    7.58361,
    7.99917
  ],
  "Buguma": [
    6.86345,
    4.73407
  ],
  "Bukuru": [
    8.86667,
    9.8
  ],
  "Bununu Dass": [
    9.51667,
    10
  ],
  "Bununu Kasa": [
    9.66278,
    9.86806
  ],
  "Bunza": [
    4.02111,
    12.08444
  ],
  "Burumburum": [
    8.72341,
    11.39106
  ],
  "Burutu": [
    5.50758,
    5.35091
  ],
  "Calabar": [
    8.322,
    4.9517
  ],
  "Chafe": [
    6.92232,
    11.95527
  ],
  "Dabai": [
    5.20625,
    11.47652
  ],
  "Dadiya": [
    11.43333,
    9.61667
  ],
  "Dakingari": [
    4.06046,
    11.64511
  ],
  "Damasak": [
    12.4952,
    13.09771
  ],
  "Damaturu": [
    11.9608,
    11.747
  ],
  "Dambarta": [
    8.51541,
    12.43303
  ],
  "Damboa": [
    12.75758,
    11.15604
  ],
  "Dan Gora": [
    8.15224,
    11.53485
  ],
  "Dan Sadau": [
    6.4952,
    11.29621
  ],
  "Dange": [
    5.34705,
    12.85128
  ],
  "Danja": [
    7.56249,
    11.37643
  ],
  "Dankalwa": [
    12.1867,
    11.7443
  ],
  "Dankama": [
    7.79492,
    13.29782
  ],
  "Dapchi": [
    11.4944,
    12.4904
  ],
  "Darazo": [
    10.41179,
    10.99375
  ],
  "Daura": [
    11.4085,
    11.5538
  ],
  "Deba Habe": [
    11.38586,
    10.20864
  ],
  "Degema Hulk": [
    6.752,
    4.76254
  ],
  "Dekina": [
    7.02218,
    7.69475
  ],
  "Dengi": [
    9.95,
    9.36667
  ],
  "Dikwa": [
    13.91646,
    12.02396
  ],
  "Dindima": [
    10.15132,
    10.22629
  ],
  "Disina": [
    9.91903,
    11.48135
  ],
  "Doma": [
    8.35,
    8.38333
  ],
  "Dukku": [
    10.77167,
    10.82306
  ],
  "Duku": [
    4.90727,
    11.2361
  ],
  "Dutse": [
    9.33921,
    11.7594
  ],
  "Dutsen Wai": [
    8.199,
    10.85009
  ],
  "Dutsin Ma": [
    7.49805,
    12.45167
  ],
  "Ebute Ikorodu": [
    3.48818,
    6.60086
  ],
  "Effium": [
    8.05925,
    6.62917
  ],
  "Effon Alaiye": [
    4.91667,
    7.65
  ],
  "Egbe": [
    5.51667,
    8.21667
  ],
  "Eha Amufu": [
    7.75961,
    6.65915
  ],
  "Ejigbo": [
    4.31667,
    7.9
  ],
  "Ejirin": [
    3.90019,
    6.61423
  ],
  "Eket": [
    7.92092,
    4.64122
  ],
  "Ekpoma": [
    6.139,
    6.74206
  ],
  "Elele": [
    6.81411,
    5.1009
  ],
  "Emure-Ekiti": [
    5.45932,
    7.43614
  ],
  "Enugu": [
    7.4943,
    6.4402
  ],
  "Enugu-Ezike": [
    7.457,
    6.9825
  ],
  "Enugu-Ukwu": [
    7.01156,
    6.17851
  ],
  "Epe": [
    3.98336,
    6.58412
  ],
  "Esuk Oron": [
    8.25341,
    4.80293
  ],
  "Ete": [
    7.45,
    7.05
  ],
  "Etinan": [
    7.85252,
    4.84262
  ],
  "Ezza Ohu": [
    8.0862,
    6.4373
  ],
  "Fiditi": [
    3.91722,
    7.71361
  ],
  "Funtua": [
    7.30813,
    11.52325
  ],
  "Gabarin": [
    10.4441,
    11.1093
  ],
  "Gagarawa": [
    9.5277,
    12.40741
  ],
  "Gakem": [
    8.98813,
    6.76578
  ],
  "Gamawa": [
    10.5396,
    12.1343
  ],
  "Gambaru": [
    14.21731,
    12.37066
  ],
  "Gandi": [
    5.74337,
    12.96358
  ],
  "Ganye": [
    12.06667,
    8.43333
  ],
  "Garko": [
    11.16458,
    10.17506
  ],
  "Gashua": [
    11.0482,
    12.871
  ],
  "Gassol": [
    10.46667,
    8.53333
  ],
  "Gaya": [
    8.99714,
    11.86136
  ],
  "Gbongan": [
    4.35,
    7.46667
  ],
  "Geidam": [
    11.9304,
    12.897
  ],
  "Gembu": [
    11.26667,
    6.7
  ],
  "Gombe": [
    11.16729,
    10.28969
  ],
  "Goniri": [
    12.31444,
    11.48333
  ],
  "Gora": [
    7.6653,
    11.91294
  ],
  "Gorgoram": [
    10.7039,
    12.6398
  ],
  "Goronyo": [
    5.67632,
    13.44232
  ],
  "Gujba": [
    11.9367,
    11.5032
  ],
  "Gulma": [
    4.35545,
    12.64231
  ],
  "Gumel": [
    9.39119,
    12.62791
  ],
  "Gummi": [
    5.10809,
    12.14358
  ],
  "Gusau": [
    6.66135,
    12.16278
  ],
  "Gwadabawa": [
    5.23664,
    13.35612
  ],
  "Gwandu": [
    4.64227,
    12.49382
  ],
  "Gwaram": [
    10.28572,
    10.23295
  ],
  "Gwarzo": [
    7.9346,
    11.91521
  ],
  "Gwasero": [
    3.5,
    9.48333
  ],
  "Gwio Kura": [
    11.0682,
    12.6753
  ],
  "Gwoza": [
    13.71298,
    11.10359
  ],
  "Hadejia": [
    10.0444,
    12.4498
  ],
  "Hinna": [
    11.49905,
    10.30426
  ],
  "Holma": [
    13.05667,
    9.90083
  ],
  "Hunkuyi": [
    7.65118,
    11.26676
  ],
  "Ibadan": [
    3.89639,
    7.38778
  ],
  "Ibeto": [
    5.14502,
    10.48536
  ],