{
  "Achuapa": [
    -86.59004,
    13.0537
  ],
  "Acoyapa": [
    -85.17113,
    11.97028
  ],
  "Altagracia": [
    -85.5784,
    11.56615
  ],
  "Bel\u00e9n": [
    -85.88934,
    11.50299
  ],
  "Bilwi": [
    -83.38882,
    14.03507
  ],
  "Bluefields": [
    -83.76353,
    12.01366
  ],
  "Boaco": [
    -85.6586,
    12.47224
  ],
  "Bocana de Paiwas": [
    -85.12269,
    12.78571
  ],
  "Bonanza": [
    -84.59103,
    14.02885
  ],
  "Buenos Aires": [
    -85.81661,
    11.46916
  ],
  "Camoapa": [
    -85.51157,
    12.38386
  ],
  "Carlos Fonseca Amador": [
    -86.50571,
    11.98009
  ],
  "Catarina": [
    -86.07383,
    11.91197
  ],
  "Chichigalpa": [
    -87.02705,
    12.57758
  ],
  "Chinandega": [
    -87.13105,
    12.62937
  ],
  "Ciudad Antigua": [
    -86.30815,
    13.6406
  ],
  "Ciudad Dar\u00edo": [
    -86.12402,
    12.73143
  ],
  "Ciudad Sandino": [
    -86.34417,
    12.15889
  ],
  "Comalapa": [
    -85.51081,
    12.28345
  ],
  "Condega": [
    -86.39846,
    13.36502
  ],
  "Corinto": [
    -87.17336,
    12.48199
  ],
  "Corn Island": [
    -83.04176,
    12.16943
  ],
  "Cuapa": [
    -85.38196,
    12.26756
  ],
  "C\u00e1rdenas": [
    -85.5089,
    11.19639
  ],
  "Diriamba": [
    -86.23878,
    11.85842
  ],
  "Diriomo": [
    -86.05184,
    11.87612
  ],
  "Diri\u00e1": [
    -86.05508,
    11.8842
  ],
  "Dolores": [
    -86.21575,
    11.85621
  ],
  "El Almendro": [
    -84.70269,
    11.67859
  ],
  "El Ayote": [
    -85.28737,
    12.19046
  ],
  "El Crucero": [
    -86.30954,
    11.99008
  ],
  "El Realejo": [
    -87.16466,
    12.54307
  ],
  "El Rosario": [
    -86.37374,
    11.77756
  ],
  "El Sauce": [
    -86.53903,
    12.88687
  ],
  "El Viejo": [
    -87.16722,
    12.6633
  ],
  "Estel\u00ed": [
    -86.35384,
    13.09185
  ],
  "Granada": [
    -85.95602,
    11.92988
  ],
  "Jalapa": [
    -86.12346,
    13.92222
  ],
  "Jinotega": [
    -86.00177,
    13.09171
  ],
  "Jinotepe": [
    -86.19903,
    11.84962
  ],
  "Jiquilillo": [
    -87.4516,
    12.74593
  ],
  "Juigalpa": [
    -85.36452,
    12.10629
  ],
  "La Concepci\u00f3n": [
    -86.18976,
    11.93711
  ],
  "La Concordia": [
    -86.16674,
    13.19528
  ],
  "La Cruz de R\u00edo Grande": [
    -84.18588,
    13.1129
  ],
  "La Jicaral": [
    -86.38058,
    12.72676
  ],
  "La Libertad": [
    -85.16595,
    12.21635
  ],
  "La Paz Centro": [
    -86.67608,
    12.33953
  ],
  "La Paz de Oriente": [
    -86.12756,
    11.82331
  ],
  "Laguna de Perlas": [
    -83.67123,
    12.34294
  ],
  "Larreynaga": [
    -86.57193,
    12.67692
  ],
  "Las Sabanas": [
    -86.62184,
    13.34302
  ],
  "Le\u00f3n": [
    -86.87804,
    12.43787
  ],
  "Managua": [
    -86.2504,
    12.13282
  ],
  "Masachapa": [
    -86.51416,
    11.78687
  ],
  "Masatepe": [
    -86.14467,
    11.9184
  ],
  "Masaya": [
    -86.09417,
    11.97444
  ],
  "Matagalpa": [
    -85.91747,
    12.92559
  ],
  "Matigu\u00e1s": [
    -85.46218,
    12.83734
  ],
  "Morrito": [
    -85.08052,
    11.62118
  ],
  "Moyogalpa": [
    -85.69795,
    11.54006
  ],
  "Mozonte": [
    -86.43841,
    13.66034
  ],
  "Muelle de los Bueyes": [
    -84.53503,
    12.06999
  ],
  "Murra": [
    -86.01843,
    13.7585
  ],
  "Muy Muy": [
    -85.62915,
    12.76224
  ],
  "Nagarote": [
    -86.56474,
    12.26593
  ],
  "Nandaime": [
    -86.05286,
    11.75696
  ],
  "Nandasmo": [
    -86.12072,
    11.92411
  ],
  "Nindir\u00ed": [
    -86.12128,
    12.00386
  ],
  "Niquinohomo": [
    -86.09446,
    11.90518
  ],
  "Nueva Guinea": [
    -84.45616,
    11.68758
  ],
  "Nuevo Amanecer": [
    -84.19629,
    12.82247
  ],
  "Ocotal": [
    -86.47516,
    13.63208
  ],
  "Palacag\u00fcina": [
    -86.40622,
    13.45566
  ],
  "Posoltega": [
    -86.97992,
    12.54481
  ],
  "Potos\u00ed": [
    -85.8568,
    11.49416
  ],
  "Pueblo Nuevo": [
    -86.48075,
    13.37984
  ],
  "Puerto Moraz\u00e1n": [
    -87.17167,
    12.85042
  ],
  "Quezalguaque": [
    -86.90292,
    12.50683
  ],
  "Quilal\u00ed": [
    -86.026,
    13.56695
  ],
  "Rama": [
    -84.21952,
    12.15965
  ],
  "Rivas": [
    -85.82632,
    11.43716
  ],
  "R\u00edo Blanco": [
    -85.22354,
    12.93435
  ],
  "San Carlos": [
    -84.77795,
    11.1236
  ],
  "San Dionisio": [
    -85.85018,
    12.76022
  ],
  "San Fernando": [
    -86.3153,
    13.6772
  ],
  "San Jorge": [
    -85.80308,
    11.45584
  ],
  "San Jos\u00e9 de Bocay": [
    -85.53942,
    13.54204
  ],
  "San Jos\u00e9 de Cusmapa": [
    -86.6554,
    13.28841
  ],
  "San Jos\u00e9 de los Remates": [
    -85.7617,
    12.59725
  ],
  "San Juan de Limay": [
    -86.61234,
    13.17603
  ],
  "San Juan de Oriente": [
    -86.07343,
    11.90624
  ],
  "San Juan de R\u00edo Coco": [
    -86.16506,
    13.54483
  ],
  "San Juan del Sur": [
    -85.87049,
    11.25292
  ],
  "San Lorenzo": [
    -85.66741,
    12.37781
  ],
  "San Marcos": [
    -86.20351,
    11.90949
  ],
  "San Miguelito": [
    -84.89991,
    11.40255
  ],
  "San Rafael del Norte": [
    -86.11059,
    13.21248
  ],
  "San Rafael del Sur": [
    -86.43839,
    11.84854
  ],
  "San Ram\u00f3n": [
    -85.83898,
    12.92344
  ],
  "San Sebasti\u00e1n de Yal\u00ed": [
    -86.18641,
    13.3051
  ],
  "Santa Luc\u00eda": [
    -85.71099,
    12.53268
  ],
  "Santa Rosa del Pe\u00f1\u00f3n": [
    -86.36994,
    12.80116
  ],
  "Santa Teresa": [
    -86.21413,
    11.74321
  ],
  "Santo Domingo": [
    -85.08078,
    12.26356
  ],
  "Santo Tom\u00e1s": [
    -85.09059,
    12.06938
  ],
  "Siuna": [
    -84.77725,
    13.73321
  ],
  "Somotillo": [
    -86.90645,
    13.04328
  ],
  "Somoto": [
    -86.58208,
    13.48082
  ],
  "Telica": [
    -86.85938,
    12.522
  ],
  "Telpaneca": [
    -86.2871,
    13.53166
  ],
  "Terrabona": [
    -85.96474,
    12.73028
  ],
  "Teustepe": [
    -85.79966,
    12.42002
  ],
  "Ticuantepe": [
    -86.20493,
    12.02263
  ],
  "Tipitapa": [
    -86.09706,
    12.19732
  ],
  "Tisma": [
    -86.01739,
    12.08194
  ],
  "Tola": [
    -85.93891,
    11.43927
  ],
  "Totogalpa": [
    -86.49239,
    13.56269
  ],
  "Valle San Francisco": [
    -86.28333,
    12.51667
  ],
  "Villa Sandino": [
    -84.99362,
    12.0483
  ],
  "Waslala": [
    -85.38333,
    13.23333
  ],
  "Waspam": [
    -83.9717,
    14.74189
  ],
  "Wiwil\u00ed": [
    -85.8254,
    13.62679
  ],
  "Yalag\u00fcina": [
    -86.49297,
    13.48375
  ]
}
