{
  "Achh\u0101m": [
    81.3,
    29.05
  ],
  "Banepa": [
    85.52138,
    27.62979
  ],
  "Bardiy\u0101": [
    81.3536,
    28.30058
  ],
  "Bhadrapur": [
    88.09436,
    26.54404
  ],
  "Bhair\u0101haw\u0101": [
    83.45,
    27.5
  ],
  "Bhaktapur": [
    85.43005,
    27.67298
  ],
  "Bharatpur": [
    84.43333,
    27.68333
  ],
  "Bhojpur": [
    87.04607,
    27.1715
  ],
  "Birendranagar": [
    81.63389,
    28.60194
  ],
  "Bir\u0101tnagar": [
    87.28337,
    26.4831
  ],
  "Butw\u0101l": [
    83.44836,
    27.70055
  ],
  "B\u0101glung": [
    83.58976,
    28.27189
  ],
  "B\u012brganj": [
    84.87735,
    27.01043
  ],
  "Chame": [
    84.25097,
    28.55369
  ],
  "Chitre": [
    83.69076,
    28.42673
  ],
  "Dadeldhur\u0101": [
    80.58059,
    29.29842
  ],
  "Dailekh": [
    81.71011,
    28.84434
  ],
  "Dhangarhi": [
    80.59611,
    28.70792
  ],
  "Dhankut\u0101": [
    87.33333,
    26.98333
  ],
  "Dhar\u0101n B\u0101z\u0101r": [
    87.28355,
    26.81248
  ],
  "Dipayal": [
    80.94,
    29.26083
  ],
  "D\u0101rchul\u0101": [
    80.52874,
    29.84121
  ],
  "Gaur": [
    85.26667,
    26.76667
  ],
  "Gulariy\u0101": [
    81.33333,
    28.23333
  ],
  "Hari Bdr Tamang House": [
    85.45893,
    27.6289
  ],
  "Hitura": [
    85.03219,
    27.42839
  ],
  "Il\u0101m": [
    87.92824,
    26.90943
  ],
  "Ithari": [
    87.28333,
    26.66667
  ],
  "Jaleswar": [
    85.80081,
    26.64711
  ],
  "Janakpur": [
    85.90646,
    26.71828
  ],
  "Jomsom": [
    83.73513,
    28.78436
  ],
  "Jumla": [
    82.18383,
    29.27472
  ],
  "Kathmandu": [
    85.3206,
    27.70169
  ],
  "Khudi": [
    84.35912,
    28.28216
  ],
  "Kh\u0101ndb\u0101ri": [
    87.2039,
    27.37469
  ],
  "Kirtipur": [
    85.27544,
    27.67988
  ],
  "Kod\u0101ri": [
    85.94847,
    27.95251
  ],
  "Lah\u0101n": [
    86.49515,
    26.72958
  ],
  "Lamjung": [
    84.3638,
    28.20992
  ],
  "Lobujya": [
    86.81667,
    27.95
  ],
  "Mahendranagar": [
    80.33333,
    28.91667
  ],
  "Malangwa": [
    85.55811,
    26.85679
  ],
  "Nagarkot": [
    85.52075,
    27.71522
  ],
  "Namche Bazar": [
    86.71058,
    27.80528
  ],
  "Nawal": [
    84.10279,
    28.64831
  ],
  "Nepalgunj": [
    81.61667,
    28.05
  ],
  "Panaoti": [
    85.5124,
    27.58138
  ],
  "Pisang": [
    84.14721,
    28.61465
  ],
  "Pokhara": [
    83.96851,
    28.26689
  ],
  "Py\u016bth\u0101n": [
    82.88427,
    28.08867
  ],
  "P\u0101tan": [
    85.31417,
    27.67658
  ],
  "R\u0101jbir\u0101j": [
    86.75,
    26.53333
  ],
  "R\u0101mechh\u0101p": [
    86.08768,
    27.3256
  ],
  "Saly\u0101n": [
    82.1703,
    28.37858
  ],
  "Sir\u0101h\u0101": [
    86.2087,
    26.65411
  ],
  "Surkhet": [
    81.7787,
    28.51746
  ],
  "Tuls\u012bpur": [
    82.29726,
    28.13099
  ],
  "T\u0101nsen": [
    83.5467,
    27.86731
  ],
  "T\u012bk\u0101pur": [
    81.13333,
    28.5
  ],
  "W\u0101ling": [
    83.76667,
    27.98333
  ],
  "kankrabari Dovan": [
    85.45934,
    27.62881
  ]
}
