{
  "Anabar": [
    166.95326,
    -0.50845
  ],
  "Anibare": [
    166.95249,
    -0.52792
  ],
  "Arijejen": [
    166.91247,
    -0.52545
  ],
  "Baiti": [
    166.92945,
    -0.50803
  ],
  "Ijuw": [
    166.95813,
    -0.521
  ],
  "Uaboe": [
    166.92384,
    -0.51393
  ],
  "Yaren": [
    166.9252,
    -0.55085
  ]
}
