{
  "Al Buraym\u012b": [
    55.79312,
    24.25088
  ],
  "Al Kh\u0101b\u016brah": [
    57.09838,
    23.98864
  ],
  "Al Liw\u0101\u2019": [
    56.56556,
    24.53611
  ],
  "Al Q\u0101bil": [
    58.69472,
    22.571
  ],
  "Al Sohar": [
    56.74681,
    24.3643
  ],
  "As Suwayq": [
    57.43861,
    23.84944
  ],
  "As S\u012bb al Jad\u012bdah": [
    58.18911,
    23.67027
  ],
  "Bad\u012byah": [
    58.8,
    22.45
  ],
  "Bahl\u0101\u2019": [
    57.29958,
    22.97339
  ],
  "Bark\u0101\u2019": [
    57.88908,
    23.70739
  ],
  "Bawshar": [
    58.3989,
    23.55563
  ],
  "Bayt al \u2018Aw\u0101b\u012b": [
    57.52459,
    23.30324
  ],
  "Bidbid": [
    58.1283,
    23.40786
  ],
  "Dib Dibba": [
    56.25778,
    26.19778
  ],
  "Haym\u0101\u2019": [
    56.31667,
    19.93333
  ],
  "Ibr\u0101\u2019": [
    58.53337,
    22.69057
  ],
  "Izk\u012b": [
    57.76667,
    22.93333
  ],
  "Kha\u015fab": [
    56.24774,
    26.17993
  ],
  "Muscat": [
    58.5922,
    23.61387
  ],
  "Nizw\u00e1": [
    57.53333,
    22.93333
  ],
  "Rustaq": [
    57.42444,
    23.39083
  ],
  "Shin\u0101\u015f": [
    56.46583,
    24.74333
  ],
  "Suf\u0101lat Sam\u0101\u2019il": [
    58.01667,
    23.31667
  ],
  "Yanqul": [
    56.55008,
    23.59051
  ],
  "\u0100dam": [
    57.52334,
    22.3756
  ],
  "\u015eal\u0101lah": [
    54.09237,
    17.01505
  ],
  "\u015ea\u1e29am": [
    56.88861,
    24.17222
  ],
  "\u015e\u016br": [
    59.52889,
    22.56667
  ],
  "\u2018Ibr\u012b": [
    56.51572,
    23.22573
  ]
}
