{
  "Achutupo N\u00famero Dos": [
    -77.98333,
    9.2
  ],
  "Agua Buena": [
    -80.4,
    7.81667
  ],
  "Aguadulce": [
    -80.55,
    8.25
  ],
  "Ailigand\u00ed": [
    -78.01667,
    9.23333
  ],
  "Alanje": [
    -82.55,
    8.4
  ],
  "Alcalded\u00edaz": [
    -79.55,
    9.11667
  ],
  "Almirante": [
    -82.4,
    9.3
  ],
  "Alto de la Estancia": [
    -80.16667,
    8.6
  ],
  "Alto del Espino": [
    -79.85,
    8.83333
  ],
  "Anc\u00f3n": [
    -79.55,
    8.96667
  ],
  "Ant\u00f3n": [
    -80.26667,
    8.4
  ],
  "Arraij\u00e1n": [
    -79.65,
    8.95
  ],
  "Aserr\u00edo de Garich\u00e9": [
    -82.8,
    8.48333
  ],
  "Atalaya": [
    -80.93333,
    8.05
  ],
  "Barranco": [
    -82.7,
    9.51667
  ],
  "Bejuco": [
    -79.88333,
    8.6
  ],
  "Bella Vista": [
    -80.23333,
    7.75
  ],
  "Boca de Parita": [
    -80.45,
    8.01667
  ],
  "Bocas del Toro": [
    -82.25,
    9.33333
  ],
  "Boquer\u00f3n": [
    -82.56667,
    8.5
  ],
  "Boquete": [
    -82.43333,
    8.78333
  ],
  "Buena Vista": [
    -79.69528,
    9.27472
  ],
  "Bugaba": [
    -82.61667,
    8.48333
  ],
  "Cabra": [
    -79.31667,
    9.11667
  ],
  "Caimitillo": [
    -79.53333,
    9.15
  ],
  "Calzada Larga": [
    -79.56667,
    9.16667
  ],
  "Capellan\u00eda": [
    -80.55,
    8.3
  ],
  "Capira": [
    -79.88333,
    8.75
  ],
  "Cart\u00ed Suitupo": [
    -78.96667,
    9.47417
  ],
  "Cativ\u00e1": [
    -79.84361,
    9.36056
  ],
  "Ca\u00f1azas": [
    -81.21667,
    8.31667
  ],
  "Ca\u00f1ita": [
    -78.88111,
    9.20972
  ],
  "Cerro Azul": [
    -79.41667,
    9.16667
  ],
  "Cerro Cama": [
    -79.905,
    9.03
  ],
  "Cerro Punta": [
    -82.56667,
    8.85
  ],
  "Chame": [
    -79.88333,
    8.58333
  ],
  "Changuinola": [
    -82.51667,
    9.43333
  ],
  "Chepo": [
    -79.1,
    9.16667
  ],
  "Chigor\u00e9": [
    -80.35,
    8.53333
  ],
  "Chilibre": [
    -79.61667,
    9.15
  ],
  "Chiriqu\u00ed": [
    -82.31667,
    8.4
  ],
  "Chiriqu\u00ed Grande": [
    -82.11667,
    8.95
  ],
  "Chitr\u00e9": [
    -80.43333,
    7.96667
  ],
  "Churuquita Chiquita": [
    -80.28333,
    8.56667
  ],
  "Churuquita Grande": [
    -80.26667,
    8.6
  ],
  "Cocl\u00e9": [
    -80.43333,
    8.45
  ],
  "Col\u00f3n": [
    -79.90139,
    9.35917
  ],
  "Cusap\u00edn": [
    -81.9,
    9.18333
  ],
  "David": [
    -82.43085,
    8.42729
  ],
  "Dival\u00e1": [
    -82.71667,
    8.41667
  ],
  "Dolega": [
    -82.41667,
    8.56667
  ],
  "El Ca\u00f1o": [
    -80.51667,
    8.4
  ],
  "El Coco": [
    -80.35,
    8.4
  ],
  "El Cop\u00e9": [
    -80.6,
    8.61667
  ],
  "El Cortezo": [
    -80.6,
    8.35
  ],
  "El Cristo": [
    -80.61667,
    8.25
  ],
  "El Ejido": [
    -80.38333,
    7.91667
  ],
  "El Entradero": [
    -80.21667,
    8.56667
  ],
  "El Espino": [
    -79.85,
    8.83944
  ],
  "El Espino de Santa Rosa": [
    -80.81667,
    8.1
  ],
  "El Giral": [
    -79.69278,
    9.24917
  ],
  "El Porvenir": [
    -78.95333,
    9.56528
  ],
  "El Progreso": [
    -79.11667,
    9.26667
  ],
  "El Quite\u00f1o": [
    -82.4,
    8.46667
  ],
  "El Rinc\u00f3n": [
    -80.61583,
    8.12083
  ],
  "El Roble": [
    -80.65,
    8.16667
  ],
  "Escobal": [
    -79.96194,
    9.14722
  ],
  "Finca Blanco N\u00famero Uno": [
    -82.86667,
    8.38333
  ],
  "Finca Corredor": [
    -82.85,
    8.35
  ],
  "Garachin\u00e9": [
    -78.36278,
    8.06472
  ],
  "Guabito": [
    -82.61667,
    9.5
  ],
  "Guadalupe": [
    -79.81333,
    8.85583
  ],
  "Gualaca": [
    -82.3,
    8.53333
  ],
  "Guarar\u00e9": [
    -80.28333,
    7.81667
  ],
  "Guarumal": [
    -82.53333,
    8.35
  ],
  "G\u00f3mez": [
    -82.73333,
    8.56667
  ],
  "Isla Bastimentos": [
    -82.13333,
    9.3
  ],
  "Jaqu\u00e9": [
    -78.16343,
    7.51826
  ],
  "Juan D\u00edaz": [
    -80.28333,
    8.46667
  ],
  "La Cabima": [
    -79.53333,
    9.13333
  ],
  "La Chorrera": [
    -79.78333,
    8.88028
  ],
  "La Colorada": [
    -80.98333,
    8.01667
  ],
  "La Concepci\u00f3n": [
    -82.61667,
    8.51667
  ],
  "La Esperanza": [
    -82.8,
    8.4
  ],
  "La Espigadilla": [
    -80.38333,
    7.88333
  ],
  "La Herradura": [
    -79.80722,
    8.85222
  ],
  "La Loma": [
    -80.63333,
    8.16667
  ],
  "La Mesa": [
    -81.18333,
    8.15
  ],
  "La Mitra": [
    -79.78667,
    8.84222
  ],
  "La Palma": [
    -80.38333,
    7.71667
  ],
  "La Pe\u00f1a": [
    -81.03333,
    8.13333
  ],
  "La Pintada": [
    -80.45,
    8.6
  ],
  "La Tiza": [
    -80.28333,
    7.75
  ],
  "La Victoria": [
    -82.25,
    8.45
  ],
  "Las Colinas": [
    -80.08333,
    8.55
  ],
  "Las Cumbres": [
    -79.53333,
    9.08333
  ],
  "Las Lomas": [
    -82.4,
    8.43333
  ],
  "Las Minas": [
    -80.75,
    7.8
  ],
  "Las Palmas": [
    -81.45,
    8.13333
  ],
  "Las Tablas": [
    -80.28333,
    7.76667
  ],
  "Llano Largo": [
    -80.43333,
    7.9
  ],
  "Llano Mar\u00edn": [
    -80.33333,
    8.5
  ],
  "Llano Tugri": [
    -81.71667,
    8.48333
  ],
  "Llano de Piedra": [
    -80.56667,
    7.66667
  ],
  "Los Algarrobos": [
    -81.01667,
    8.11667
  ],
  "Los Anastacios": [
    -82.41667,
    8.53333
  ],
  "Los Boquerones": [
    -80.85,
    8.08333
  ],
  "Los Lotes": [
    -79.3,
    9.13333
  ],
  "Los Santos": [
    -80.41667,
    7.93333
  ],
  "L\u00eddice": [
    -79.9,
    8.75
  ],
  "Macaracas": [
    -80.55,
    7.73333
  ],
  "Margarita": [
    -79.88889,
    9.33139
  ],
  "Mar\u00eda Chiquita": [
    -79.75583,
    9.44306
  ],
  "Mata del Nance": [
    -82.4,
    8.45
  ],
  "Metet\u00ed": [
    -77.9786,
    8.4983
  ],
  "Monte Lirio": [
    -82.83333,
    8.78333
  ],
  "Montijo": [
    -81.05444,
    7.99222
  ],
  "Mulatupo Sasard\u00ed": [
    -77.76518,
    8.94921
  ],
  "Nargan\u00e1": [
    -78.59056,
    9.44278
  ],
  "Nat\u00e1": [
    -80.51667,
    8.33333
  ],
  "Nueva Gorgona": [
    -79.86667,
    8.55
  ],
  "Nuevo Arraij\u00e1n": [
    -79.71667,
    8.91667
  ],
  "Nuevo Emperador": [
    -79.72722,
    8.99889
  ],
  "Nuevo San Juan": [
    -79.66194,
    9.22333
  ],
  "Nuevo Vig\u00eda": [
    -79.60861,
    9.24472
  ],
  "Oc\u00fa": [
    -80.78333,
    7.95
  ],
  "Pacora": [
    -79.28333,
    9.08333
  ],
  "Palmas Bellas": [
    -80.08667,
    9.23194
  ],
  "Palmira": [
    -82.45,
    8.71667
  ],
  "Panam\u00e1": [
    -79.51973,
    8.9936
  ],
  "Para\u00edso": [
    -79.63333,
    9.03333
  ],
  "Parita": [
    -80.51667,
    8
  ],
  "Paso Blanco": [
    -79.23333,
    9.13333
  ],
  "Pedas\u00ed": [
    -80.03333,
    7.53333
  ],
  "Pedregal": [
    -82.43333,
    8.36667
  ],
  "Penonom\u00e9": [
    -80.36667,
    8.51667
  ],
  "Pes\u00e9": [
    -80.61667,
    7.9
  ],
  "Play\u00f3n Chico": [
    -78.23333,
    9.3
  ],
  "Plaza de Cais\u00e1n": [
    -82.81667,
    8.73333
  ],
  "Pocr\u00ed": [
    -80.55,
    8.26667
  ],
  "Portobelo": [
    -79.65,
    9.55
  ],
  "Potrerillos Abajo": [
    -82.48333,
    8.65
  ],
  "Potrerillos Arriba": [
    -82.5,
    8.68333
  ],
  "Potrero Grande": [
    -79.82944,
    8.88444
  ],
  "Progreso": [
    -82.83333,
    8.45
  ],
  "Pueblo Nuevo": [
    -82.41667,
    8.56667
  ],
  "Pueblo Viejo": [
    -81.66667,
    8.25
  ],
  "Puerto Armuelles": [
    -82.86206,
    8.27775
  ],
  "Puerto Caimito": [
    -79.71667,
    8.86667
  ],
  "Puerto Escondido": [
    -80.08833,
    9.19333
  ],
  "Puerto Pil\u00f3n": [
    -79.79333,
    9.36444
  ],
  "Punta de Burica": [
    -82.86667,
    8.03333
  ],
  "Quebrada Bonita Adentro": [
    -79.7,
    9.3
  ],
  "Quebrada Canoa": [
    -81.78333,
    8.43333
  ],
  "R\u00edo Alejandro": [
    -79.79111,
    9.37639
  ],
  "R\u00edo Duque": [
    -79.68333,
    9.26667
  ],
  "R\u00edo Gat\u00fan": [
    -79.76889,
    9.29167
  ],
  "R\u00edo Grande": [
    -80.48333,
    8.41667
  ],
  "R\u00edo Hato": [
    -80.16667,
    8.38333
  ],
  "R\u00edo Rita": [
    -79.79444,
    9.30389
  ],