{
  "Aitape": [
    142.36247,
    -3.15174
  ],
  "Alotau": [
    150.45423,
    -10.30764
  ],
  "Ambunti": [
    142.81832,
    -4.21717
  ],
  "Angoram": [
    144.06609,
    -4.06253
  ],
  "Arawa": [
    155.53674,
    -6.21319
  ],
  "Boku": [
    155.35523,
    -6.56664
  ],
  "Bulolo": [
    146.63572,
    -7.20718
  ],
  "Daru": [
    143.20919,
    -9.07628
  ],
  "Finschhafen": [
    147.86814,
    -6.60243
  ],
  "Goroka": [
    145.38735,
    -6.08336
  ],
  "Ialibu": [
    143.99354,
    -6.28208
  ],
  "Kainantu": [
    145.86548,
    -6.28872
  ],
  "Kandrian": [
    149.53568,
    -6.2043
  ],
  "Kavieng": [
    150.79669,
    -2.57444
  ],
  "Kerema": [
    145.77851,
    -7.96309
  ],
  "Kieta": [
    155.63333,
    -6.21667
  ],
  "Kimbe": [
    150.14285,
    -5.55021
  ],
  "Kiunga": [
    141.29061,
    -6.12193
  ],
  "Kokoda": [
    147.74073,
    -8.87853
  ],
  "Kokopo": [
    152.26327,
    -4.35202
  ],
  "Kundiawa": [
    144.96667,
    -6.01667
  ],
  "Lae": [
    146.98469,
    -6.72208
  ],
  "Lorengau": [
    147.27119,
    -2.02259
  ],
  "Madang": [
    145.79656,
    -5.22465
  ],
  "Mendi": [
    143.65134,
    -6.17608
  ],
  "Minj": [
    144.69159,
    -5.90752
  ],
  "Morehead": [
    141.63668,
    -8.71066
  ],
  "Mount Hagen": [
    144.22744,
    -5.8581
  ],
  "Namatanai": [
    152.43333,
    -3.66667
  ],
  "Panguna": [
    155.48483,
    -6.3164
  ],
  "Popondetta": [
    148.24095,
    -8.75931
  ],
  "Porgera": [
    143.12956,
    -5.47418
  ],
  "Port Moresby": [
    147.17972,
    -9.44314
  ],
  "Rabaul": [
    152.17215,
    -4.19671
  ],
  "Samarai": [
    150.66667,
    -10.61667
  ],
  "Tari": [
    142.93511,
    -5.9022
  ],
  "Vanimo": [
    141.26667,
    -2.66667
  ],
  "Wabag": [
    143.70215,
    -5.47808
  ],
  "Wau": [
    146.71798,
    -7.33514
  ],
  "Wewak": [
    143.62678,
    -3.55342
  ]
}
