{
  "Ab\u016b D\u012bs": [
    35.26166,
    31.76215
  ],
  "Ab\u016b Qashsh": [
    35.18426,
    31.94883
  ],
  "Ad Daw\u1e29ah": [
    35.18047,
    31.69948
  ],
  "Al Buq\u2018ah": [
    35.14279,
    31.54199
  ],
  "Al Burayj": [
    34.40306,
    31.43944
  ],
  "Al Burj": [
    34.91697,
    31.43609
  ],
  "Al B\u0101dh\u0101n": [
    35.33247,
    32.25857
  ],
  "Al B\u012brah": [
    35.21645,
    31.91001
  ],
  "Al Fandaq\u016bm\u012byah": [
    35.20329,
    32.3206
  ],
  "Al Fa\u015f\u0101yil": [
    35.44351,
    32.02509
  ],
  "Al Fukhkh\u0101r\u012b": [
    34.33061,
    31.29278
  ],
  "Al H\u0101shim\u012byah": [
    35.21938,
    32.46392
  ],
  "Al Itti\u1e29\u0101d": [
    35.11595,
    31.97552
  ],
  "Al Jalamah": [
    35.31317,
    32.50821
  ],
  "Al Jiftlik": [
    35.48738,
    32.1407
  ],
  "Al Judayrah": [
    35.19706,
    31.85587
  ],
  "Al Judayyidah": [
    35.30108,
    32.33541
  ],
  "Al J\u0101niyah": [
    35.12142,
    31.93848
  ],
  "Al J\u012bb": [
    35.18451,
    31.85203
  ],
  "Al Karmil": [
    35.13278,
    31.42301
  ],
  "Al Kha\u1e11ir": [
    35.16685,
    31.69405
  ],
  "Al Lubban al Gharb\u012b": [
    35.03928,
    32.03504
  ],
  "Al Lubban ash Sharq\u012byah": [
    35.2403,
    32.07011
  ],
  "Al Majd": [
    34.95108,
    31.48056
  ],
  "Al Mazra\u2018ah ash Sharq\u012byah": [
    35.28152,
    32.00018
  ],
  "Al Midyah": [
    35.005,
    31.93592
  ],
  "Al Mughayyir": [
    35.34783,
    32.0192
  ],
  "Al Mughr\u0101qah": [
    34.41208,
    31.46587
  ],
  "Al Mu\u015faddar": [
    34.37802,
    31.41052
  ],
  "Al Qar\u0101rah": [
    34.34085,
    31.37389
  ],
  "Al Qubaybah": [
    35.13678,
    31.83886
  ],
  "Al Y\u0101m\u016bn": [
    35.23011,
    32.48563
  ],
  "Al \u1e28\u012blah": [
    35.10742,
    31.47454
  ],
  "Al \u2018Araqa": [
    35.20027,
    32.47057
  ],
  "Al \u2018Awj\u0101": [
    35.46756,
    31.95069
  ],
  "Al \u2018Ayzar\u012byah": [
    35.26916,
    31.77078
  ],
  "Al \u2018A\u0163\u0163\u0101rah": [
    35.16373,
    32.32571
  ],
  "Al \u2018Ubayd\u012byah": [
    35.29007,
    31.71697
  ],
  "An Nab\u012b Ily\u0101s": [
    35.0176,
    32.18482
  ],
  "An Nazlah ash Sharq\u012byah": [
    35.10916,
    32.41072
  ],
  "An Na\u015fr": [
    34.30253,
    31.28137
  ],
  "An Na\u015f\u015f\u0101r\u012byah": [
    35.38711,
    32.23647
  ],
  "An Nuway\u2018imah": [
    35.43549,
    31.89212
  ],
  "An Nu\u015fayr\u0101t": [
    34.3925,
    31.44861
  ],
  "An N\u0101q\u016brah": [
    35.20135,
    32.26506
  ],
  "Ar Ram\u0101\u1e11\u012bn": [
    34.91246,
    31.37952
  ],
  "Ar R\u0101m wa \u1e10\u0101\u1e29iyat al Bar\u012bd": [
    35.2342,
    31.84945
  ],
  "Ar R\u012b\u1e29\u012byah": [
    35.07781,
    31.4695
  ],
  "Ar\u0163\u0101s": [
    35.18681,
    31.68939
  ],
  "As Sam\u016b\u2018": [
    35.06611,
    31.39671
  ],
  "As S\u0101wiyah": [
    35.25782,
    32.08537
  ],
  "Ash Shaykh Sa\u2018d": [
    35.25742,
    31.73721
  ],
  "Ash Shuhad\u0101\u2019": [
    35.27112,
    32.42949
  ],
  "Ash Shuy\u016bkh": [
    35.15606,
    31.57004
  ],
  "Az Zab\u0101bidah": [
    35.32411,
    32.38665
  ],
  "Az Zayt\u016bn\u012byah": [
    35.1624,
    31.95402
  ],
  "Az Za\u2018ayyim": [
    35.26511,
    31.78852
  ],
  "Az Zubayd\u0101t": [
    35.53005,
    32.1733
  ],
  "Az Zuw\u0101ydah": [
    34.38053,
    31.43954
  ],
  "Az Z\u0101wiyah": [
    35.03982,
    32.09627
  ],
  "Azun Atme": [
    35.02036,
    32.12167
  ],
  "Az\u0327 Z\u0327\u0101hir\u012byah": [
    34.97329,
    31.40967
  ],
  "A\u015f \u015e\u016brrah": [
    34.99897,
    31.47098
  ],
  "A\u0163 \u0162aybah": [
    35.2998,
    31.95388
  ],
  "A\u0163 \u0162\u012brah": [
    35.12682,
    31.87022
  ],
  "Bal\u0101\u0163ah": [
    35.28561,
    32.21207
  ],
  "Bal\u2018\u0101": [
    35.1116,
    32.33392
  ],
  "Ban\u012b Na\u2018\u012bm": [
    35.16416,
    31.51591
  ],
  "Ban\u012b Suhayl\u0101": [
    34.32337,
    31.34337
  ],
  "Ban\u012b Zayd": [
    35.10316,
    32.03924
  ],
  "Ban\u012b Zayd ash Sh\u0101rq\u012byah": [
    35.16593,
    32.04935
  ],
  "Bardalah": [
    35.48084,
    32.38632
  ],
  "Bar\u0163a\u2018ah ash Sharq\u012byah": [
    35.0936,
    32.47304
  ],
  "Batt\u012br": [
    35.14103,
    31.71945
  ],
  "Bayt Dajan": [
    35.37127,
    32.19303
  ],
  "Bayt Duqq\u016b": [
    35.13124,
    31.85911
  ],
  "Bayt Fajj\u0101r": [
    35.15457,
    31.62443
  ],
  "Bayt F\u016br\u012bk": [
    35.33541,
    32.17689
  ],
  "Bayt Iks\u0101": [
    35.17934,
    31.81732
  ],
  "Bayt Imr\u012bn": [
    35.2161,
    32.29301
  ],
  "Bayt J\u0101l\u0101": [
    35.18788,
    31.71545
  ],
  "Bayt K\u0101\u1e29il": [
    35.06502,
    31.57011
  ],
  "Bayt Liqy\u0101": [
    35.0654,
    31.86958
  ],
  "Bayt L\u0101hy\u0101": [
    34.49514,
    31.5464
  ],
  "Bayt L\u012bd": [
    35.13169,
    32.26089
  ],
  "Bayt Maqd\u016bm": [
    34.97192,
    31.53537
  ],
  "Bayt Q\u0101d": [
    35.35626,
    32.46968
  ],
  "Bayt S\u0101\u1e29\u016br": [
    35.22631,
    31.70095
  ],
  "Bayt S\u012br\u0101": [
    35.04623,
    31.8878
  ],
  "Bayt S\u016br\u012bk": [
    35.14936,
    31.82424
  ],
  "Bayt Ta\u2018mar": [
    35.23986,
    31.67927
  ],
  "Bayt Wazan": [
    35.21576,
    32.23105
  ],
  "Bayt \u012ab\u0101": [
    35.20977,
    32.23719
  ],
  "Bayt \u016al\u0101": [
    35.0296,
    31.59618
  ],
  "Bayt \u016ammar": [
    35.10446,
    31.62329
  ],
  "Bayt \u1e28asan": [
    35.40407,
    32.2376
  ],
  "Bayt \u1e28\u0101n\u016bn": [
    34.53579,
    31.5353
  ],
  "Bayt \u2018Amrah": [
    35.04952,
    31.4502
  ],
  "Bayt \u2018An\u0101n": [
    35.11248,
    31.85069
  ],
  "Bayt \u2018Aww\u0101": [
    34.94938,
    31.50911
  ],
  "Bayt \u2018\u012an\u016bn": [
    35.1244,
    31.5587
  ],
  "Bayt \u2018\u016ar at Ta\u1e29t\u0101": [
    35.08178,
    31.89609
  ],
  "Bayt\u0101 al Fawq\u0101": [
    35.28774,
    32.1426
  ],
  "Bayt\u012bn": [
    35.24098,
    31.92674
  ],
  "Bayt\u016bny\u0101": [
    35.17048,
    31.8966
  ],
  "Bazz\u0101ryah": [
    35.16593,
    32.30798
  ],
  "Bethlehem": [
    35.20376,
    31.70487
  ],
  "Bidd\u016b": [
    35.14947,
    31.83478
  ],
  "Bidy\u0101": [
    35.08028,
    32.1146
  ],
  "Bil\u2018\u012bn": [
    35.07204,
    31.92835
  ],
  "Birq\u012bn": [
    35.26076,
    32.45461
  ],
  "Br\u016bq\u012bn": [
    35.09943,
    32.07216
  ],
  "Budrus": [
    34.99425,
    31.96687
  ],
  "Burqah": [
    35.2543,
    31.89682
  ],
  "B\u0101qah ash Sharq\u012byah": [
    35.07054,
    32.41032
  ],
  "B\u0101qat al \u1e28a\u0163ab": [
    35.11433,
    32.20434
  ],
  "B\u012br Nab\u0101l\u0101": [
    35.2036,
    31.8508
  ],
  "B\u012br Zayt": [
    35.19408,
    31.96959
  ],
  "B\u012br al B\u0101sh\u0101": [
    35.23013,
    32.42022
  ],
  "B\u016br\u012bn": [
    35.25015,
    32.18452
  ],
  "Dayr Ab\u016b Mash\u2018al": [
    35.06844,
    31.99881
  ],
  "Dayr Ab\u016b \u1e10a\u2018\u012bf": [
    35.36164,
    32.45601
  ],
  "Dayr Ball\u016b\u0163": [
    35.02451,
    32.06551
  ],
  "Dayr Dibw\u0101n": [
    35.26661,
    31.91112
  ],
  "Dayr Ibz\u012b\u2018": [
    35.12105,
    31.91727
  ],
  "Dayr Istiy\u0101": [
    35.13963,
    32.13096
  ],
  "Dayr Jar\u012br": [
    35.29261,
    31.96636
  ],
  "Dayr Qidd\u012bs": [
    35.04437,
    31.94862
  ],
  "Dayr Sharaf": [
    35.18893,
    32.25326
  ],
  "Dayr S\u0101mit": [
    34.97442,
    31.52057
  ],
  "Dayr al Bala\u1e29": [
    34.35033,
    31.41783
  ],
  "Dayr al Ghu\u015f\u016bn": [
    35.07689,
    32.35244
  ],
  "Dayr al \u1e28a\u0163ab": [
    35.32127,
    32.21734
  ],
  "Dayr al \u2018Asal al Fawq\u0101": [
    34.93832,
    31.46832
  ],
  "Dayr as S\u016bd\u0101n": [
    35.14844,
    32.03213
  ],
  "Dhann\u0101bah": [
    35.04144,
    32.31341
  ],
  "Domea": [
    35.36705,
    32.05632
  ],