{
  "Aba\u00ed": [
    -55.93333,
    -26.03333
  ],
  "Acahay": [
    -57.15,
    -25.91667
  ],
  "Altos": [
    -57.24916,
    -25.2634
  ],
  "Antequera": [
    -57.08333,
    -24.13333
  ],
  "Aregu\u00e1": [
    -57.38472,
    -25.3125
  ],
  "Arquitecto Tom\u00e1s Romero Pereira": [
    -55.25,
    -26.48333
  ],
  "Arroyos y Esteros": [
    -57.1,
    -25.06667
  ],
  "Asunci\u00f3n": [
    -57.63591,
    -25.30066
  ],
  "Atyr\u00e1": [
    -57.16667,
    -25.25
  ],
  "Ayolas": [
    -56.9,
    -27.4
  ],
  "Bella Vista": [
    -56.51667,
    -22.13333
  ],
  "Bel\u00e9n": [
    -57.26194,
    -23.46611
  ],
  "Benjam\u00edn Aceval": [
    -57.56667,
    -24.96667
  ],
  "Buena Vista": [
    -56.08333,
    -26.18333
  ],
  "Caacup\u00e9": [
    -57.14028,
    -25.38611
  ],
  "Caaguaz\u00fa": [
    -56.01667,
    -25.45
  ],
  "Caapuc\u00fa": [
    -57.2,
    -26.21667
  ],
  "Caazap\u00e1": [
    -56.36806,
    -26.19583
  ],
  "Capiat\u00e1": [
    -57.44545,
    -25.3552
  ],
  "Capit\u00e1n Bado": [
    -55.53333,
    -23.26667
  ],
  "Capit\u00e1n Miranda": [
    -55.8,
    -27.2
  ],
  "Capit\u00e1n Pablo Lagerenza": [
    -60.78333,
    -19.91667
  ],
  "Capi\u00edbary": [
    -56.03333,
    -24.8
  ],
  "Caraguatay": [
    -56.81667,
    -25.23333
  ],
  "Carapegu\u00e1": [
    -57.23333,
    -25.8
  ],
  "Caraya\u00f3": [
    -56.4,
    -25.18333
  ],
  "Carlos Antonio L\u00f3pez": [
    -54.76667,
    -26.4
  ],
  "Carmen del Paran\u00e1": [
    -56.21667,
    -27.23333
  ],
  "Cerrito": [
    -57.66667,
    -27.31667
  ],
  "Ciudad del Este": [
    -54.61111,
    -25.50972
  ],
  "Colonia Catuete": [
    -54.61667,
    -24.13333
  ],
  "Colonia General Alfredo Stroessner": [
    -55.7,
    -25.36667
  ],
  "Colonia Mariano Roque Alonso": [
    -57.55,
    -25.16667
  ],
  "Colonia Mauricio Jos\u00e9 Troche": [
    -56.28333,
    -25.56667
  ],
  "Colonia Menno": [
    -59.81667,
    -22.36667
  ],
  "Colonia Minga Por\u00e1": [
    -54.9,
    -24.86667
  ],
  "Colonia Neuland": [
    -60.11667,
    -22.66667
  ],
  "Colonia Yguaz\u00fa": [
    -55,
    -25.45
  ],
  "Concepci\u00f3n": [
    -57.44028,
    -23.40556
  ],
  "Coronel Mart\u00ednez": [
    -56.61667,
    -25.75
  ],
  "Coronel Oviedo": [
    -56.44028,
    -25.44444
  ],
  "Corpus Christi": [
    -54.83333,
    -24.03333
  ],
  "Doctor Cecilio B\u00e1ez": [
    -56.31667,
    -25.05
  ],
  "Doctor Juan Le\u00f3n Mallorqu\u00edn": [
    -55.26667,
    -25.4
  ],
  "Doctor Juan Manuel Frutos": [
    -55.8,
    -25.36667
  ],
  "Edelira": [
    -55.26667,
    -26.75
  ],
  "Emboscada": [
    -57.35,
    -25.15
  ],
  "Encarnaci\u00f3n": [
    -55.86667,
    -27.33056
  ],
  "Eusebio Ayala": [
    -56.96667,
    -25.4
  ],
  "Fernando de la Mora": [
    -57.54021,
    -25.32308
  ],
  "Filadelfia": [
    -60.03333,
    -22.35
  ],
  "Fram": [
    -55.88333,
    -26.98333
  ],
  "Fuerte Olimpo": [
    -57.87377,
    -21.04153
  ],
  "General Artigas": [
    -56.21667,
    -26.93333
  ],
  "General Delgado": [
    -56.51667,
    -27.16667
  ],
  "General Elizardo Aquino": [
    -56.7,
    -24.43333
  ],
  "General Higinio Mor\u00ednigo": [
    -55.91667,
    -25.95
  ],
  "General Jos\u00e9 Eduvigis D\u00edaz": [
    -58.41667,
    -27.16667
  ],
  "Guarambar\u00e9": [
    -57.46667,
    -25.48333
  ],
  "Guayaybi": [
    -56.43333,
    -24.53333
  ],
  "Hohenau": [
    -55.75,
    -27.08333
  ],
  "Horqueta": [
    -57.05972,
    -23.34278
  ],
  "Independencia": [
    -56.25,
    -25.71667
  ],
  "Isla Puc\u00fa": [
    -56.9,
    -25.3
  ],
  "Itacurub\u00ed de la Cordillera": [
    -56.85,
    -25.45
  ],
  "Itacurub\u00ed del Rosario": [
    -56.68333,
    -24.5
  ],
  "Itap\u00e9": [
    -56.61667,
    -25.85
  ],
  "Itaquyry": [
    -55.21667,
    -24.93333
  ],
  "Itaugu\u00e1": [
    -57.33333,
    -25.38333
  ],
  "Iturbe": [
    -56.48333,
    -26.05
  ],
  "It\u00e1": [
    -57.35,
    -25.48333
  ],
  "Jes\u00fas": [
    -55.78333,
    -27.05
  ],
  "La Colmena": [
    -56.81667,
    -25.88333
  ],
  "Lambar\u00e9": [
    -57.60647,
    -25.34682
  ],
  "Las Palomas": [
    -54.51667,
    -24.08333
  ],
  "Lima": [
    -56.33333,
    -23.9
  ],
  "Limpio": [
    -57.48562,
    -25.16611
  ],
  "Los Cedrales": [
    -54.7,
    -25.65
  ],
  "Mbocayaty": [
    -56.4,
    -25.7
  ],
  "Mbutuy": [
    -56.3,
    -24.96667
  ],
  "Mbuyapey": [
    -56.75,
    -26.2
  ],
  "Nanawa": [
    -57.66667,
    -25.26667
  ],
  "Naranjal": [
    -55.18333,
    -25.96667
  ],
  "Natalicio Talavera": [
    -56.3,
    -25.63333
  ],
  "Natalio": [
    -55.08333,
    -26.71667
  ],
  "Nemby": [
    -57.53574,
    -25.3949
  ],
  "Nueva Germania": [
    -56.56667,
    -23.9
  ],
  "Nueva Italia": [
    -57.5,
    -25.61667
  ],
  "Obligado": [
    -55.63333,
    -27.03333
  ],
  "Paraguar\u00ed": [
    -57.14722,
    -25.62083
  ],
  "Pedro Juan Caballero": [
    -55.73333,
    -22.54722
  ],
  "Pilar": [
    -58.29346,
    -26.86879
  ],
  "Pirapo": [
    -55.53333,
    -26.85
  ],
  "Piray\u00fa": [
    -57.23333,
    -25.48333
  ],
  "Piribebuy": [
    -57.05,
    -25.48333
  ],
  "Presidente Franco": [
    -54.61667,
    -25.53333
  ],
  "Puerto Mayor Ota\u00f1o": [
    -54.7,
    -26.4
  ],
  "Puerto Rosario": [
    -57.08333,
    -24.45
  ],
  "Quiindy": [
    -57.26667,
    -25.96667
  ],
  "Repatriaci\u00f3n": [
    -55.95,
    -25.53333
  ],
  "Salto del Guair\u00e1": [
    -54.30694,
    -24.0625
  ],
  "San Alberto": [
    -54.9,
    -24.96667
  ],
  "San Antonio": [
    -57.54725,
    -25.42126
  ],
  "San Bernardino": [
    -57.29628,
    -25.31067
  ],
  "San Cosme y Dami\u00e1n": [
    -56.35,
    -27.31667
  ],
  "San Isidro de Curuguaty": [
    -55.7,
    -24.51667
  ],
  "San Joaqu\u00edn": [
    -56.11667,
    -24.95
  ],
  "San Jos\u00e9": [
    -56.73333,
    -25.53333
  ],
  "San Juan Bautista": [
    -57.14583,
    -26.66944
  ],
  "San Juan Nepomuceno": [
    -55.96667,
    -26.1
  ],
  "San Juan del Paran\u00e1": [
    -55.96667,
    -27.3
  ],
  "San Lorenzo": [
    -57.50879,
    -25.33968
  ],
  "San Miguel": [
    -57.05,
    -26.5
  ],
  "San Patricio": [
    -56.81667,
    -26.96667
  ],
  "San Pedro de Ycuamandiy\u00fa": [
    -57.07639,
    -24.09167
  ],
  "San Pedro del Paran\u00e1": [
    -56.2,
    -26.83333
  ],
  "Santa Elena": [
    -56.8,
    -25.4
  ],
  "Santa Mar\u00eda": [
    -56.93333,
    -26.78333
  ],
  "Santa Rita": [
    -55.06667,
    -25.78333
  ],
  "Santa Rosa": [
    -56.85,
    -26.86667
  ],
  "Santiago": [
    -56.78333,
    -27.15
  ],
  "Sapuca\u00ed": [
    -56.91667,
    -25.66667
  ],
  "Tacuat\u00ed": [
    -56.58333,
    -23.45
  ],
  "Tobat\u00ed": [
    -57.06667,
    -25.25
  ],
  "Trinidad": [
    -55.78333,
    -27.11667
  ],
  "Uni\u00f3n": [
    -56.55,
    -24.8
  ],
  "Villa Elisa": [
    -57.59274,
    -25.3676
  ],
  "Villa Florida": [
    -57.15,
    -26.38333
  ],
  "Villa Hayes": [
    -57.52361,
    -25.09306
  ],
  "Villarrica": [
    -56.44861,
    -25.78056
  ],
  "Yaguar\u00f3n": [
    -57.3,
    -25.6
  ],
  "Yataity del Norte": [
    -56.35,
    -24.83333
  ],
  "Ybycu\u00ed": [
    -57.05,
    -26.01667
  ],
  "Yegros": [
    -56.4,
    -26.45
  ],
  "Ygatim\u00ed": [
    -55.5,
    -24.08333
  ],
  "Yh\u00fa": [
    -55.91667,
    -25.05
  ],
  "Ypacarai": [
    -57.28546,
    -25.40514
  ],
  "Yuty": [
    -56.25,
    -26.6
  ]
}
