{
  "Al Ghuwayr\u012byah": [
    51.24528,
    25.82972
  ],
  "Al Jumayl\u012byah": [
    51.09222,
    25.60944
  ],
  "Al Khawr": [
    51.50583,
    25.68389
  ],
  "Al Wakrah": [
    51.60337,
    25.17151
  ],
  "Al Wukayr": [
    51.53778,
    25.15083
  ],
  "Ar Rayy\u0101n": [
    51.42444,
    25.29194
  ],
  "Ar Ru\u2019ays": [
    51.21667,
    26.13333
  ],
  "Ash Sha\u1e29\u0101n\u012byah": [
    51.22639,
    25.36861
  ],
  "Az\u0327 Z\u0327a\u2018\u0101yin": [
    51.48306,
    25.57744
  ],
  "Doha": [
    51.52245,
    25.27932
  ],
  "Dukh\u0101n": [
    50.78583,
    25.42972
  ],
  "Fuwayri\u0163": [
    51.36694,
    26.02167
  ],
  "Mad\u012bnat ash Sham\u0101l": [
    51.2009,
    26.12933
  ],
  "Umm B\u0101b": [
    50.80722,
    25.21417
  ],
  "Umm Sa\u2018\u012bd": [
    51.54889,
    24.99611
  ],
  "Umm \u015eal\u0101l Mu\u1e29ammad": [
    51.40389,
    25.41694
  ],
  "Umm \u015eal\u0101l \u2018Al\u012b": [
    51.3975,
    25.46972
  ]
}
