{
  "Bras-Panon": [
    55.67823,
    -20.99667
  ],
  "Cilaos": [
    55.4719,
    -21.13357
  ],
  "L'Entre-Deux": [
    55.46667,
    -21.23333
  ],
  "La Possession": [
    55.33513,
    -20.92892
  ],
  "Le Port": [
    55.29189,
    -20.9373
  ],
  "Le Tampon": [
    55.51802,
    -21.28309
  ],
  "Les Avirons": [
    55.33938,
    -21.24181
  ],
  "Petite-\u00cele": [
    55.56667,
    -21.35
  ],
  "Piton Saint-Leu": [
    55.31513,
    -21.21962
  ],
  "Saint-Andr\u00e9": [
    55.65031,
    -20.96333
  ],
  "Saint-Beno\u00eet": [
    55.71937,
    -21.03801
  ],
  "Saint-Denis": [
    55.4504,
    -20.88231
  ],
  "Saint-Joseph": [
    55.61918,
    -21.37838
  ],
  "Saint-Leu": [
    55.28824,
    -21.17059
  ],
  "Saint-Louis": [
    55.41124,
    -21.28585
  ],
  "Saint-Paul": [
    55.27071,
    -21.00963
  ],
  "Saint-Philippe": [
    55.76795,
    -21.35852
  ],
  "Saint-Pierre": [
    55.47811,
    -21.3393
  ],
  "Sainte-Marie": [
    55.5496,
    -20.89684
  ],
  "Sainte-Rose": [
    55.79629,
    -21.12983
  ],
  "Sainte-Suzanne": [
    55.60886,
    -20.90614
  ],
  "Salazie": [
    55.539,
    -21.02734
  ],
  "Trois-Bassins": [
    55.3,
    -21.1
  ]
}
