{
  "Ada": [
    20.12583,
    45.8025
  ],
  "Adorjan": [
    20.04007,
    46.00333
  ],
  "Aleksandrovac": [
    21.0525,
    43.45861
  ],
  "Aleksandrovo": [
    20.59288,
    45.63755
  ],
  "Aleksinac": [
    21.70778,
    43.54167
  ],
  "Alibunar": [
    20.96583,
    45.08083
  ],
  "Apatin": [
    18.98472,
    45.67111
  ],
  "Aradac": [
    20.30137,
    45.38346
  ],
  "Aran\u0111elovac": [
    20.56,
    44.30694
  ],
  "Arilje": [
    20.09556,
    43.75306
  ],
  "Badovinci": [
    19.37146,
    44.78534
  ],
  "Bajina Ba\u0161ta": [
    19.5675,
    43.97083
  ],
  "Banatska Topola": [
    20.4653,
    45.67248
  ],
  "Banatski Despotovac": [
    20.66407,
    45.36606
  ],
  "Banatski Dvor": [
    20.51146,
    45.51866
  ],
  "Banatski Karlovac": [
    21.018,
    45.04987
  ],
  "Banatsko Kara\u0111or\u0111evo": [
    20.56421,
    45.58693
  ],
  "Banatsko Veliko Selo": [
    20.60772,
    45.81961
  ],
  "Banovo Polje": [
    19.44916,
    44.9104
  ],
  "Barajevo": [
    20.41583,
    44.57889
  ],
  "Baranda": [
    20.44264,
    45.08459
  ],
  "Barice": [
    21.08279,
    45.18189
  ],
  "Bari\u010d": [
    20.25941,
    44.6507
  ],
  "Bato\u010dina": [
    21.08167,
    44.15361
  ],
  "Ba\u010d": [
    19.23667,
    45.39194
  ],
  "Ba\u010dka Palanka": [
    19.39194,
    45.25083
  ],
  "Ba\u010dka Topola": [
    19.6318,
    45.81516
  ],
  "Ba\u010dki Breg": [
    18.92944,
    45.92034
  ],
  "Ba\u010dki Petrovac": [
    19.59167,
    45.36056
  ],
  "Ba\u010dko Gradi\u0161te": [
    20.03082,
    45.53271
  ],
  "Ba\u010dko Petrovo Selo": [
    20.07928,
    45.70682
  ],
  "Ba\u0161aid": [
    20.41434,
    45.64102
  ],
  "Begejci": [
    20.609,
    45.50928
  ],
  "Bela Crkva": [
    21.41722,
    44.8975
  ],
  "Bela Palanka": [
    22.31111,
    43.21833
  ],
  "Belegi\u0161": [
    20.33212,
    45.01873
  ],
  "Belgrade": [
    20.46513,
    44.80401
  ],
  "Belo Blato": [
    20.375,
    45.27278
  ],
  "Beloti\u0107": [
    19.54801,
    44.81782
  ],
  "Beo\u010din": [
    19.72063,
    45.20829
  ],
  "Be\u010dej": [
    20.03331,
    45.61632
  ],
  "Be\u010dmen": [
    20.20577,
    44.77982
  ],
  "Be\u0161ka": [
    20.06698,
    45.13092
  ],
  "Bilja\u010da": [
    21.74782,
    42.35518
  ],
  "Blace": [
    21.28583,
    43.29528
  ],
  "Bogati\u0107": [
    19.48056,
    44.8375
  ],
  "Bogojevo": [
    19.13205,
    45.53106
  ],
  "Bogosavac": [
    19.59533,
    44.71799
  ],
  "Bojnik": [
    21.721,
    43.01224
  ],
  "Boka": [
    20.82987,
    45.3554
  ],
  "Boljevac": [
    21.95306,
    43.83028
  ],
  "Boljevci": [
    20.22348,
    44.72355
  ],
  "Bor": [
    22.09591,
    44.07488
  ],
  "Bosilegrad": [
    22.47238,
    42.5011
  ],
  "Bosut": [
    19.36086,
    44.92976
  ],
  "Boto\u0161": [
    20.63514,
    45.30837
  ],
  "Bo\u010dar": [
    20.2839,
    45.76994
  ],
  "Brdarica": [
    19.7715,
    44.55376
  ],
  "Bujanovac": [
    21.76667,
    42.45917
  ],
  "Bukor": [
    19.57116,
    44.49523
  ],
  "Bu\u0111anovci": [
    19.86344,
    44.89388
  ],
  "Crepaja": [
    20.63702,
    45.00984
  ],
  "Crna Bara": [
    19.3948,
    44.87374
  ],
  "Crna Trava": [
    22.29881,
    42.80988
  ],
  "Debelja\u010da": [
    20.60153,
    45.0707
  ],
  "Despotovac": [
    21.44694,
    44.0925
  ],
  "Despotovo": [
    19.52654,
    45.45983
  ],
  "Dimitrovgrad": [
    22.77556,
    43.01417
  ],
  "Dobanovci": [
    20.22487,
    44.82631
  ],
  "Dobrica": [
    20.84995,
    45.21339
  ],
  "Dobri\u0107": [
    19.57931,
    44.70224
  ],
  "Doljevac": [
    21.83258,
    43.19817
  ],
  "Donji Dobri\u0107": [
    19.33109,
    44.61183
  ],
  "Doroslovo": [
    19.18868,
    45.60699
  ],
  "Draginje": [
    19.7625,
    44.53302
  ],
  "Drenovac": [
    19.70943,
    44.86649
  ],
  "Dublje": [
    19.50902,
    44.80117
  ],
  "Duboka": [
    21.7603,
    44.52223
  ],
  "Elemir": [
    20.30003,
    45.44263
  ],
  "E\u010dka": [
    20.44294,
    45.32328
  ],
  "Farka\u017edin": [
    20.47239,
    45.19172
  ],
  "Gad\u017ein Han": [
    22.03194,
    43.22278
  ],
  "Gakovo": [
    19.06138,
    45.90078
  ],
  "Gardinovci": [
    20.13558,
    45.20359
  ],
  "Glogovac": [
    21.3134,
    44.04213
  ],
  "Glo\u017ean": [
    19.56838,
    45.27954
  ],
  "Glu\u0161ci": [
    19.54912,
    44.89021
  ],
  "Golubac": [
    21.63199,
    44.65296
  ],
  "Golubinci": [
    20.06338,
    44.98533
  ],
  "Gornja Bukovica": [
    19.81368,
    44.33987
  ],
  "Gornji Breg": [
    20.01766,
    45.91995
  ],
  "Gornji Milanovac": [
    20.46152,
    44.02603
  ],
  "Grabovac": [
    20.08539,
    44.60049
  ],
  "Grabovci": [
    19.84489,
    44.76496
  ],
  "Grocka": [
    20.7175,
    44.67222
  ],
  "Gudurica": [
    21.44264,
    45.16816
  ],
  "Hajdu\u010dica": [
    20.96016,
    45.2501
  ],
  "Hetin": [
    20.79138,
    45.66202
  ],
  "Hrtkovci": [
    19.76374,
    44.88155
  ],
  "Idvor": [
    20.51442,
    45.18896
  ],
  "Iland\u017ea": [
    20.92008,
    45.16897
  ],
  "In\u0111ija": [
    20.08165,
    45.04816
  ],
  "Irig": [
    19.85833,
    45.10111
  ],
  "Ivanjica": [
    20.23111,
    43.58028
  ],
  "Izbi\u0161te": [
    21.18388,
    45.02253
  ],
  "Jadranska Le\u0161nica": [
    19.35209,
    44.5973
  ],
  "Jagodina": [
    21.26121,
    43.97713
  ],
  "Jano\u0161ik": [
    21.00658,
    45.17141
  ],
  "Jarak": [
    19.75477,
    44.91843
  ],
  "Jarebice": [
    19.42418,
    44.53995
  ],
  "Jarkovac": [
    20.76078,
    45.26985
  ],
  "Jazovo": [
    20.2213,
    45.89876
  ],
  "Ja\u0161a Tomi\u0107": [
    20.85546,
    45.44725
  ],
  "Jelen\u010da": [
    19.74738,
    44.72113
  ],
  "Jermenovci": [
    21.0455,
    45.18635
  ],
  "Jevremovac": [
    19.66364,
    44.72172
  ],
  "Jo\u0161eva": [
    19.40967,
    44.58772
  ],
  "Kamenica": [
    19.72333,
    44.343
  ],
  "Kanji\u017ea": [
    20.05,
    46.06667
  ],
  "Kikinda": [
    20.46528,
    45.82972
  ],
  "Kisa\u010d": [
    19.72975,
    45.35421
  ],
  "Kladovo": [
    22.61194,
    44.60667
  ],
  "Klek": [
    20.48049,
    45.42254
  ],
  "Klenak": [
    19.71004,
    44.78846
  ],
  "Klenje": [
    19.43508,
    44.80794
  ],
  "Kni\u0107": [
    20.71889,
    43.92694
  ],
  "Kni\u0107anin": [
    20.319,
    45.18675
  ],
  "Knjazevac": [
    22.25701,
    43.56634
  ],
  "Koceljeva": [
    19.81167,
    44.47361
  ],
  "Kolut": [
    18.9276,
    45.89292
  ],
  "Konak": [
    20.91468,
    45.31575
  ],
  "Kosjeri\u0107": [
    19.90694,
    43.99611
  ],
  "Kova\u010dica": [
    20.62139,
    45.11167
  ],
  "Kovilj": [
    20.02327,
    45.23422
  ],
  "Kovin": [
    20.97611,
    44.7475
  ],
  "Kozjak": [
    19.28412,
    44.58726
  ],
  "Kragujevac": [
    20.91667,
    44.01667
  ],
  "Kraji\u0161nik": [
    20.72976,
    45.45283
  ],
  "Kraljevo": [
    20.68944,
    43.72583
  ],
  "Krivaja": [
    19.59153,
    44.55021
  ],
  "Krupanj": [
    19.36194,
    44.36556
  ],
  "Kru\u0161evac": [
    21.33389,
    43.58
  ],
  "Kr\u010dedin": [
    20.13308,
    45.13872
  ],
  "Kula": [
    19.52639,
    45.60889
  ],
  "Kulpin": [
    19.58814,
    45.4024
  ],
  "Kumane": [
    20.22902,
    45.53946
  ],
  "Kupinovo": [
    20.04958,
    44.70708
  ],
  "Kupusina": [
    19.01082,
    45.73759
  ],
  "Kur\u0161umlija": [
    21.27339,
    43.13826
  ],
  "Ku\u010devo": [
    21.67,
    44.4775
  ],
  "Ku\u0161tilj": [
    21.37988,
    45.03487
  ],
  "Lagja e Poshtme": [
    21.72971,
    42.38853
  ],
  "Lajkovac": [
    20.16528,
    44.36944
  ],
  "Lapovo": [
    21.09727,
    44.18424
  ],
  "Lazarevac": [
    20.2557,
    44.38534
  ],
  "Lazarevo": [
    20.53999,
    45.38893
  ],
  "Lebane": [
    21.7375,
    42.92389
  ],
  "Leskovac": [
    21.94611,
    42.99806
  ],
  "Le\u0161nica": [
    19.31,
    44.6525
  ],
  "Lipni\u010dki \u0160or": [
    19.26572,
    44.58058
  ],