{
  "Butare": [
    29.7431,
    -2.6038
  ],
  "Byumba": [
    30.0675,
    -1.5763
  ],
  "Cyangugu": [
    28.9075,
    -2.4846
  ],
  "Gikongoro": [
    29.57389,
    -2.46397
  ],
  "Gisenyi": [
    29.25639,
    -1.70278
  ],
  "Gitarama": [
    29.75667,
    -2.07444
  ],
  "Kibungo": [
    30.5427,
    -2.1597
  ],
  "Kibuye": [
    29.3482,
    -2.0597
  ],
  "Kigali": [
    30.05885,
    -1.94995
  ],
  "Musanze": [
    29.63497,
    -1.49984
  ],
  "Nyanza": [
    29.75089,
    -2.35187
  ],
  "Nzega": [
    29.5564,
    -2.479
  ],
  "Rwamagana": [
    30.4347,
    -1.9487
  ]
}
