{
  "Abha": [
    42.50528,
    18.21639
  ],
  "Abqaiq": [
    49.67761,
    25.9371
  ],
  "Ab\u016b \u2018Ar\u012bsh": [
    42.83251,
    16.96887
  ],
  "Ad Darb": [
    42.25261,
    17.72285
  ],
  "Ad Daw\u0101dim\u012b": [
    44.39237,
    24.50772
  ],
  "Ad Dilam": [
    47.16266,
    23.99146
  ],
  "Al Ar\u0163\u0101w\u012byah": [
    45.34437,
    26.50526
  ],
  "Al Awj\u0101m": [
    49.94331,
    26.56324
  ],
  "Al Ba\u0163\u0163\u0101l\u012byah": [
    49.63333,
    25.43333
  ],
  "Al Bukayr\u012byah": [
    43.65933,
    26.14422
  ],
  "Al B\u0101\u1e29ah": [
    41.46767,
    20.01288
  ],
  "Al Fuwayliq": [
    43.2534,
    26.44322
  ],
  "Al Had\u0101": [
    40.28694,
    21.36753
  ],
  "Al Huf\u016bf": [
    49.56532,
    25.36457
  ],
  "Al Jafr": [
    49.72361,
    25.37694
  ],
  "Al Jar\u0101d\u012byah": [
    42.9124,
    16.57946
  ],
  "Al Jubayl": [
    49.65,
    25.4
  ],
  "Al Jum\u016bm": [
    39.69806,
    21.61694
  ],
  "Al Khafj\u012b": [
    48.49132,
    28.43905
  ],
  "Al Khubar": [
    50.20833,
    26.27944
  ],
  "Al Maj\u0101ridah": [
    41.91111,
    19.12361
  ],
  "Al Markaz": [
    49.73333,
    25.4
  ],
  "Al Mindak": [
    41.28337,
    20.1588
  ],
  "Al Mithnab": [
    44.22228,
    25.86012
  ],
  "Al Mubarraz": [
    49.58083,
    25.41
  ],
  "Al Munayzilah": [
    49.66667,
    25.38333
  ],
  "Al Muwayh": [
    41.75829,
    22.43333
  ],
  "Al Mu\u0163ayrif\u012b": [
    49.55763,
    25.47879
  ],
  "Al Qay\u015f\u016bmah": [
    46.12729,
    28.31117
  ],
  "Al Qa\u0163\u012bf": [
    50.02452,
    26.5208
  ],
  "Al Qurayn": [
    49.6,
    25.48333
  ],
  "Al Qurayy\u0101t": [
    37.34282,
    31.33176
  ],
  "Al Q\u0101rah": [
    49.66667,
    25.41667
  ],
  "Al Wajh": [
    36.45248,
    26.24551
  ],
  "Al \u2018Ul\u00e1": [
    37.92316,
    26.60853
  ],
  "An Nim\u0101\u015f": [
    42.1201,
    19.14547
  ],
  "Ar Rass": [
    43.4973,
    25.86944
  ],
  "As Saff\u0101n\u012byah": [
    48.73,
    27.97083
  ],
  "As Sulayyil": [
    45.57792,
    20.46067
  ],
  "Ash Shaf\u0101": [
    40.31185,
    21.0721
  ],
  "At T\u016bb\u012b": [
    49.99167,
    26.55778
  ],
  "Az Zulfi": [
    44.81542,
    26.29945
  ],
  "A\u0163 \u0162araf": [
    49.72504,
    25.36276
  ],
  "Badr \u1e28unayn": [
    38.79047,
    23.78292
  ],
  "Buraydah": [
    43.97497,
    26.32599
  ],
  "Dammam": [
    50.10326,
    26.43442
  ],
  "Dhahran": [
    50.13528,
    26.30324
  ],
  "Duba": [
    35.69014,
    27.35134
  ],
  "Faras\u0101n": [
    42.11833,
    16.70222
  ],
  "Hayil": [
    41.69073,
    27.52188
  ],
  "Jeddah": [
    39.21917,
    21.51694
  ],
  "Julayjilah": [
    49.6,
    25.5
  ],
  "J\u012bz\u0101n": [
    42.55111,
    16.88917
  ],
  "Kham\u012bs Mushayt": [
    42.72917,
    18.30639
  ],
  "Mar\u0101t": [
    45.46147,
    25.07007
  ],
  "Mecca": [
    39.82611,
    21.42667
  ],
  "Medina": [
    39.61417,
    24.46861
  ],
  "Misl\u012byah": [
    42.5572,
    17.45988
  ],
  "Mizhirah": [
    42.73333,
    16.82611
  ],
  "Mulayjah": [
    48.42419,
    27.27103
  ],
  "Najr\u0101n": [
    44.12766,
    17.4924
  ],
  "Qal\u2018at B\u012bshah": [
    42.6052,
    20.00054
  ],
  "Ra\u1e29\u012bmah": [
    50.06194,
    26.70791
  ],
  "Riyadh": [
    46.72185,
    24.68773
  ],
  "R\u0101bigh": [
    39.03493,
    22.79856
  ],
  "Sak\u0101k\u0101": [
    40.20641,
    29.96974
  ],
  "Sayh\u0101t": [
    50.04046,
    26.48522
  ],
  "Sul\u0163\u0101nah": [
    39.58572,
    24.49258
  ],
  "S\u0101jir": [
    44.59964,
    25.18251
  ],
  "Tab\u0101lah": [
    42.4,
    19.95
  ],
  "Tab\u016bk": [
    36.58333,
    28.38333
  ],
  "Tan\u016bmah": [
    44.13333,
    27.1
  ],
  "Ta\u2019if": [
    40.41583,
    21.27028
  ],
  "Tumayr": [
    45.86796,
    25.70393
  ],
  "Turabah": [
    41.6331,
    21.21406
  ],
  "T\u0101r\u016bt": [
    50.03694,
    26.57332
  ],
  "Umm Lajj": [
    37.2685,
    25.02126
  ],
  "Umm as S\u0101hik": [
    49.91639,
    26.65361
  ],
  "Unaizah": [
    43.99355,
    26.08427
  ],
  "Yanbu\u2018 al Ba\u1e29r": [
    38.06374,
    24.08912
  ],
  "shokhaib\u064d": [
    46.26871,
    24.49023
  ],
  "\u015eaby\u0101": [
    42.62537,
    17.1495
  ],
  "\u015eafw\u00e1": [
    49.95223,
    26.64986
  ],
  "\u015euwayr": [
    40.38925,
    30.11713
  ],
  "\u015e\u0101mitah": [
    42.94435,
    16.59601
  ],
  "\u0162ubarjal": [
    38.21603,
    30.49987
  ],
  "\u0162urayf": [
    38.66374,
    31.67252
  ],
  "\u1e28ajrat al Khinbish": [
    45.03675,
    27.78248
  ],
  "\u2018Af\u012bf": [
    42.91724,
    23.9065
  ],
  "\u2018Ar\u2018ar": [
    41.03808,
    30.97531
  ]
}
