{
  "Auki": [
    160.70335,
    -8.76761
  ],
  "Buala": [
    159.59212,
    -8.14497
  ],
  "Gizo": [
    156.84186,
    -8.10303
  ],
  "Honiara": [
    159.95,
    -9.43333
  ],
  "Kirakira": [
    161.92045,
    -10.45442
  ],
  "Lata": [
    165.83333,
    -10.71667
  ],
  "Taro\u2019a": [
    161.2013,
    -9.22389
  ],
  "Tinggoa": [
    160.64004,
    -11.82798
  ],
  "Tulaghi": [
    160.14759,
    -9.09958
  ]
}
