{
  "Anse Boileau": [
    55.48333,
    -4.71667
  ],
  "Anse Royale": [
    55.51667,
    -4.73333
  ],
  "Beau Vallon": [
    55.43015,
    -4.62091
  ],
  "Bel Ombre": [
    55.41667,
    -4.61667
  ],
  "Cascade": [
    55.5,
    -4.66667
  ],
  "Port Glaud": [
    55.41667,
    -4.66667
  ],
  "Takamaka": [
    55.5,
    -4.76667
  ],
  "Victoria": [
    55.45,
    -4.61667
  ]
}
