{
  "Abu Jibeha": [
    31.2285,
    11.4562
  ],
  "Ab\u016b Zabad": [
    29.25,
    12.35
  ],
  "Ad Dabbah": [
    30.95,
    18.05
  ],
  "Ad Dindar": [
    34.16667,
    13.2
  ],
  "Ad Douiem": [
    32.3116,
    14.0012
  ],
  "Ad-Damazin": [
    34.3592,
    11.7891
  ],
  "Al F\u016blah": [
    28.35786,
    11.73292
  ],
  "Al Hasaheisa": [
    33.29836,
    14.75264
  ],
  "Al Hil\u0101liyya": [
    33.234,
    14.9398
  ],
  "Al Kawa": [
    32.4996,
    13.7463
  ],
  "Al Kiremit al \u2018Arakiyy\u012bn": [
    32.9437,
    14.3476
  ],
  "Al Lagowa": [
    29.13333,
    11.4
  ],
  "Al Man\u0101qil": [
    32.9891,
    14.2459
  ],
  "Al Masallamiyya": [
    33.3373,
    14.5748
  ],
  "Al Mijlad": [
    27.73333,
    11.03333
  ],
  "Al Qadarif": [
    35.38344,
    14.03493
  ],
  "Al Qi\u0163ena": [
    32.3668,
    14.8648
  ],
  "Al \u1e28aw\u0101tah": [
    34.63333,
    13.41667
  ],
  "An Nuh\u016bd": [
    28.43333,
    12.7
  ],
  "Ar Rahad": [
    30.65,
    12.71667
  ],
  "Ar Ruseris": [
    34.3869,
    11.8659
  ],
  "Argo": [
    30.41667,
    19.51667
  ],
  "Aroma": [
    36.13333,
    15.81667
  ],
  "As S\u016bk\u012b": [
    33.88333,
    13.31667
  ],
  "Atbara": [
    33.98638,
    17.70217
  ],
  "Berber": [
    33.98299,
    18.02158
  ],
  "B\u0101rah": [
    30.36667,
    13.7
  ],
  "Dilling": [
    29.65,
    12.05
  ],
  "Doka": [
    35.76667,
    13.51667
  ],
  "Dongola": [
    30.48333,
    19.16667
  ],
  "Ed Damer": [
    33.95917,
    17.59278
  ],
  "El Bauga": [
    33.90812,
    18.26196
  ],
  "El Daein": [
    26.12583,
    11.46186
  ],
  "El Fasher": [
    25.34936,
    13.62793
  ],
  "El Geneina": [
    22.44725,
    13.45262
  ],
  "El Matama": [
    33.3565,
    16.7095
  ],
  "El Obeid": [
    30.21669,
    13.18421
  ],
  "Gebeit": [
    36.31667,
    21.06667
  ],
  "Jalqani": [
    34.2186,
    12.4486
  ],
  "Kadugli": [
    29.71667,
    11.01667
  ],
  "Karmah an Nuzul": [
    30.41667,
    19.63333
  ],
  "Kassala": [
    36.39998,
    15.45099
  ],
  "Khartoum": [
    32.53241,
    15.55177
  ],
  "Kin\u0101na": [
    33.1712,
    14.0361
  ],
  "Kosti": [
    32.66347,
    13.1629
  ],
  "Kuraymah": [
    31.85,
    18.55
  ],
  "Kurmuk": [
    34.28333,
    10.55
  ],
  "Kutum": [
    24.66667,
    14.2
  ],
  "Maiurno": [
    33.66667,
    13.41667
  ],
  "Marabba": [
    32.18333,
    12.35
  ],
  "Maraw\u012b": [
    31.81667,
    18.48333
  ],
  "Nyala": [
    24.88333,
    12.05
  ],
  "Omdurman": [
    32.47773,
    15.64453
  ],
  "Port Sudan": [
    37.21644,
    19.61745
  ],
  "Rabak": [
    32.73999,
    13.18087
  ],
  "Saw\u0101kin": [
    37.3321,
    19.1059
  ],
  "Shendi": [
    33.4341,
    16.6915
  ],
  "Sinja": [
    33.93333,
    13.15
  ],
  "Sinnar": [
    33.56718,
    13.56907
  ],
  "Talodi": [
    30.3797,
    10.63246
  ],
  "Tandalt\u012b": [
    31.86667,
    13.01667
  ],
  "Tok\u0101r": [
    37.729,
    18.4254
  ],
  "Um Jar Al Gharbiyya": [
    32.4078,
    13.8013
  ],
  "Umm Kaddadah": [
    26.68759,
    13.60169
  ],
  "Umm Ruwaba": [
    31.2158,
    12.9061
  ],
  "Wad Medani": [
    33.51989,
    14.40118
  ],
  "Wad R\u0101wah": [
    33.13972,
    15.16028
  ],
  "Wad az Z\u0101ki": [
    32.2065,
    14.4619
  ],
  "Wagar": [
    36.2032,
    16.1525
  ],
  "Zalingei": [
    23.47406,
    12.9096
  ]
}
