{
  "Ajdov\u0161\u010dina": [
    13.90946,
    45.88601
  ],
  "Ankaran": [
    13.73611,
    45.57861
  ],
  "Apa\u010de": [
    15.91056,
    46.69722
  ],
  "Bakovci": [
    16.15028,
    46.61889
  ],
  "Beltinci": [
    16.24056,
    46.60528
  ],
  "Benedikt v Slovenskih Goricah": [
    15.88833,
    46.60861
  ],
  "Bilje": [
    13.63222,
    45.89444
  ],
  "Bistrica ob Sotli": [
    15.66417,
    46.05889
  ],
  "Bled": [
    14.11361,
    46.36917
  ],
  "Bohinjska Bistrica": [
    13.9535,
    46.27216
  ],
  "Borovnica": [
    14.36306,
    45.91583
  ],
  "Bovec": [
    13.55278,
    46.3375
  ],
  "Braslov\u010de": [
    15.03889,
    46.28972
  ],
  "Brestrnica": [
    15.575,
    46.56972
  ],
  "Brezovica": [
    14.4,
    46.03333
  ],
  "Bre\u017eice": [
    15.59111,
    45.90333
  ],
  "Britof": [
    14.39037,
    46.26024
  ],
  "Cankova": [
    16.0225,
    46.72083
  ],
  "Celje": [
    15.26044,
    46.23092
  ],
  "Cerklje na Gorenjskem": [
    14.48861,
    46.25417
  ],
  "Cerknica": [
    14.3625,
    45.79306
  ],
  "Cerkno": [
    13.98167,
    46.12556
  ],
  "Cerkvenjak": [
    15.94361,
    46.57056
  ],
  "Dekani": [
    13.81361,
    45.54972
  ],
  "Deskle": [
    13.62361,
    46.0525
  ],
  "Destrnik": [
    15.875,
    46.50056
  ],
  "Diva\u010da": [
    13.97028,
    45.68472
  ],
  "Dob": [
    14.62861,
    46.15194
  ],
  "Dobje pri Planini": [
    15.40889,
    46.13667
  ],
  "Dobrna": [
    15.22639,
    46.3375
  ],
  "Dobrova": [
    14.41722,
    46.055
  ],
  "Dobrovnik": [
    16.3525,
    46.65139
  ],
  "Dobrovo": [
    13.52639,
    45.99639
  ],
  "Dol pri Ljubljani": [
    14.60083,
    46.08861
  ],
  "Dolenjske Toplice": [
    15.05917,
    45.75657
  ],
  "Dom\u017eale": [
    14.59371,
    46.13774
  ],
  "Dornava": [
    15.95361,
    46.43667
  ],
  "Dragomer": [
    14.38333,
    46.01667
  ],
  "Dravograd": [
    15.01917,
    46.58806
  ],
  "Gan\u010dani": [
    16.25111,
    46.6325
  ],
  "Golnik": [
    14.33333,
    46.33333
  ],
  "Gorenja Vas": [
    14.14806,
    46.10722
  ],
  "Gori\u0161nica": [
    16.01389,
    46.41472
  ],
  "Gornja Radgona": [
    15.99222,
    46.67333
  ],
  "Gornji Grad": [
    14.80833,
    46.29528
  ],
  "Gornji Petrovci": [
    16.2225,
    46.80528
  ],
  "Gotovlje": [
    15.16944,
    46.26028
  ],
  "Grad": [
    16.1,
    46.8
  ],
  "Grosuplje": [
    14.65889,
    45.95556
  ],
  "Hodo\u0161": [
    16.33417,
    46.82333
  ],
  "Horjul": [
    14.29917,
    46.02361
  ],
  "Hrastnik": [
    15.08139,
    46.14611
  ],
  "Hrib-Lo\u0161ki Potok": [
    14.59111,
    45.70111
  ],
  "Hru\u0161ica": [
    14.01778,
    46.445
  ],
  "Idrija": [
    14.03056,
    46.00278
  ],
  "Ig": [
    14.52889,
    45.96028
  ],
  "Ilirska Bistrica": [
    14.24083,
    45.56972
  ],
  "Ivan\u010dna Gorica": [
    14.80444,
    45.93833
  ],
  "Izlake": [
    14.95,
    46.15
  ],
  "Izola": [
    13.66194,
    45.53694
  ],
  "Jagodje": [
    13.655,
    45.53222
  ],
  "Jesenice": [
    14.06694,
    46.43056
  ],
  "Jurovski Dol": [
    15.78472,
    46.60639
  ],
  "Jur\u0161inci": [
    15.97139,
    46.48472
  ],
  "Kamnica": [
    15.61417,
    46.57444
  ],
  "Kamnik": [
    14.61207,
    46.22587
  ],
  "Kanal": [
    13.63972,
    46.08861
  ],
  "Kidri\u010devo": [
    15.79111,
    46.40361
  ],
  "Kisovec": [
    14.96295,
    46.13911
  ],
  "Kobarid": [
    13.57722,
    46.24806
  ],
  "Kobilje": [
    16.39778,
    46.68472
  ],
  "Kokrica": [
    14.36111,
    46.27028
  ],
  "Komen": [
    13.74833,
    45.81528
  ],
  "Komenda": [
    14.53839,
    46.20484
  ],
  "Koper": [
    13.72944,
    45.54694
  ],
  "Koro\u0161ka-Bela": [
    14.10333,
    46.43028
  ],
  "Kostanjevica na Krki": [
    15.42222,
    45.84611
  ],
  "Kostel": [
    14.91005,
    45.50842
  ],
  "Kotlje": [
    14.98694,
    46.52139
  ],
  "Kozina": [
    13.93556,
    45.61
  ],
  "Kozje": [
    15.56028,
    46.075
  ],
  "Ko\u010devje": [
    14.86333,
    45.64333
  ],
  "Kranj": [
    14.35561,
    46.23887
  ],
  "Kranjska Gora": [
    13.78944,
    46.48389
  ],
  "Kri\u017eevci pri Ljutomeru": [
    16.13861,
    46.56833
  ],
  "Krog": [
    16.14139,
    46.63806
  ],
  "Kromberk": [
    13.66556,
    45.96083
  ],
  "Kr\u0161ko": [
    15.49167,
    45.95915
  ],
  "Kuzma": [
    16.08333,
    46.83694
  ],
  "La\u0161ko": [
    15.23555,
    46.15463
  ],
  "Lenart v Slovenskih Goricah": [
    15.83139,
    46.57611
  ],
  "Lendava": [
    16.45091,
    46.56494
  ],
  "Lesce": [
    14.15778,
    46.36111
  ],
  "Leskova Dolina": [
    14.46056,
    45.62139
  ],
  "Limbu\u0161": [
    15.58361,
    46.55361
  ],
  "Lipovci": [
    16.22806,
    46.62833
  ],
  "Litija": [
    14.8225,
    46.05861
  ],
  "Ljubljana": [
    14.50513,
    46.05108
  ],
  "Ljubno": [
    14.83377,
    46.34358
  ],
  "Ljutomer": [
    16.1975,
    46.52083
  ],
  "Log pri Brezovici": [
    14.36667,
    46.01667
  ],
  "Logatec": [
    14.22583,
    45.91444
  ],
  "Lovrenc na Pohorju": [
    15.39306,
    46.54056
  ],
  "Lucija": [
    13.6024,
    45.50526
  ],
  "Lukovica pri Dom\u017ealah": [
    14.7,
    46.16667
  ],
  "Lu\u010de": [
    14.74667,
    46.35611
  ],
  "Maj\u0161perk": [
    15.73361,
    46.35167
  ],
  "Makole": [
    15.66722,
    46.31722
  ],
  "Maribor": [
    15.64667,
    46.55472
  ],
  "Markovci": [
    15.95,
    46.38333
  ],
  "Medvode": [
    14.43333,
    46.13333
  ],
  "Mekinje": [
    14.61667,
    46.23333
  ],
  "Menge\u0161": [
    14.575,
    46.16694
  ],
  "Metlika": [
    15.31417,
    45.64722
  ],
  "Me\u017eica": [
    14.85444,
    46.52139
  ],
  "Miklav\u017e na Dravskem Polju": [
    15.69722,
    46.50583
  ],
  "Miren": [
    13.6075,
    45.89556
  ],
  "Mirna": [
    15.06194,
    45.95528
  ],
  "Mirna Pe\u010d": [
    15.08333,
    45.86028
  ],
  "Mislinja": [
    15.19556,
    46.44111
  ],
  "Mojstrana": [
    13.93694,
    46.46111
  ],
  "Mokronog": [
    15.14083,
    45.93417
  ],
  "Moravske Toplice": [
    16.2208,
    46.68313
  ],
  "Morav\u010de": [
    14.745,
    46.13694
  ],
  "Mozirje": [
    14.96333,
    46.33944
  ],
  "Murska Sobota": [
    16.16639,
    46.6625
  ],
  "Muta": [
    15.16611,
    46.61139
  ],
  "Naklo": [
    14.31722,
    46.27278
  ],
  "Nazarje": [
    14.94674,
    46.31757
  ],
  "Nova Gorica": [
    13.64837,
    45.95604
  ],
  "Nova Vas": [
    14.50583,
    45.77167
  ],
  "Novo Mesto": [
    15.16886,
    45.80397
  ],
  "Odranci": [
    16.28028,
    46.58667
  ],
  "Oplotnica": [
    15.44667,
    46.38778
  ],
  "Ormo\u017e": [
    16.15444,
    46.41139
  ],
  "Osilnica": [
    14.69444,
    45.52778
  ],
  "Pame\u010de": [
    15.07917,
    46.53417
  ],
  "Pekre": [
    15.59556,
    46.54722
  ],
  "Pesnica pri Mariboru": [
    15.67667,
    46.60694
  ],
  "Pirano": [
    13.57056,
    45.52778
  ],
  "Pivka": [
    14.19588,
    45.68292
  ],
  "Podhom": [
    14.1,
    46.4
  ],
  "Podlehnik": [
    15.88,
    46.33528
  ],
  "Podvelka": [
    15.33056,
    46.58694
  ],
  "Pod\u010detrtek": [
    15.59861,
    46.15694
  ],
  "Polj\u010dane": [
    15.57917,
    46.31194
  ],
  "Polzela": [
    15.06667,
    46.28333
  ],
  "Portoro\u017e": [
    13.59206,
    45.51429
  ],
  "Postojna": [
    14.21667,
    45.77694
  ],
  "Pragersko": [
    15.66,
    46.39667
  ],
  "Prebold": [
    15.0925,
    46.23694
  ],
  "Preddvor": [
    14.42306,
    46.3025
  ],
  "Prevalje": [
    14.92083,
    46.54694
  ],
  "Prva\u010dina": [
    13.71806,
    45.89
  ],
  "Ptuj": [
    15.87018,
    46.42005
  ],
  "Puconci": [
    16.15639,
    46.70667
  ],
  "Radenci": [
    16.03781,
    46.64201
  ],
  "Rade\u010de": [
    15.18389,
    46.06806
  ],
  "Radizel": [
    15.65583,
    46.47444
  ],
  "Radlje ob Dravi": [
    15.22639,
    46.61417
  ],
  "Radomlje": [
    14.61222,
    46.17361
  ],
  "Radovljica": [
    14.17444,
    46.34444
  ],