{
  "Bansk\u00e1 Bystrica": [
    19.15349,
    48.73946
  ],
  "Bansk\u00e1 \u0160tiavnica": [
    18.91003,
    48.44858
  ],
  "Bardejov": [
    21.27271,
    49.29175
  ],
  "Bojnice": [
    18.5864,
    48.78511
  ],
  "Bratislava": [
    17.10674,
    48.14816
  ],
  "Brezno": [
    19.63631,
    48.80431
  ],
  "Brezov\u00e1 pod Bradlom": [
    17.53904,
    48.6635
  ],
  "Byt\u010da": [
    18.55878,
    49.22404
  ],
  "B\u00e1novce nad Bebravou": [
    18.25754,
    48.7213
  ],
  "Chlmec": [
    21.9393,
    48.88628
  ],
  "Detva": [
    19.41954,
    48.56082
  ],
  "Dob\u0161in\u00e1": [
    20.36988,
    48.82073
  ],
  "Doln\u00fd Kub\u00edn": [
    19.30341,
    49.20983
  ],
  "Dubnica nad V\u00e1hom": [
    18.16634,
    48.95981
  ],
  "Dudince": [
    18.88782,
    48.17135
  ],
  "Dunajsk\u00e1 Lu\u017en\u00e1": [
    17.26072,
    48.08347
  ],
  "Dunajsk\u00e1 Streda": [
    17.61211,
    47.99268
  ],
  "Fi\u013eakovo": [
    19.82473,
    48.26757
  ],
  "Gab\u010d\u00edkovo": [
    17.57884,
    47.89211
  ],
  "Galanta": [
    17.72747,
    48.19001
  ],
  "Gbely": [
    17.11628,
    48.718
  ],
  "Gelnica": [
    20.93712,
    48.85584
  ],
  "Giraltovce": [
    21.51731,
    49.11398
  ],
  "Handlov\u00e1": [
    18.76012,
    48.7276
  ],
  "Hlohovec": [
    17.8031,
    48.43174
  ],
  "Hol\u00ed\u010d": [
    17.16238,
    48.81105
  ],
  "Hri\u0148ov\u00e1": [
    19.52574,
    48.57787
  ],
  "Humenn\u00e9": [
    21.91625,
    48.93707
  ],
  "Hurbanovo": [
    18.19233,
    47.86984
  ],
  "Hybe": [
    19.82895,
    49.04439
  ],
  "Ilava": [
    18.2353,
    48.99769
  ],
  "Ke\u017emarok": [
    20.43352,
    49.1357
  ],
  "Kol\u00e1rovo": [
    17.98467,
    47.92294
  ],
  "Kom\u00e1rno": [
    18.12263,
    47.76356
  ],
  "Ko\u0161ice": [
    21.25808,
    48.71395
  ],
  "Kras\u0148any": [
    18.88718,
    49.21491
  ],
  "Kremnica": [
    18.91834,
    48.70519
  ],
  "Krompachy": [
    20.87514,
    48.91447
  ],
  "Krupina": [
    19.06474,
    48.3554
  ],
  "Kysuck\u00e9 Nov\u00e9 Mesto": [
    18.78333,
    49.3
  ],
  "Leopoldov": [
    17.76458,
    48.44575
  ],
  "Levice": [
    18.60705,
    48.21563
  ],
  "Levo\u010da": [
    20.59212,
    49.02173
  ],
  "Lipany": [
    20.96382,
    49.15376
  ],
  "Liptovsk\u00fd Hr\u00e1dok": [
    19.72335,
    49.03962
  ],
  "Liptovsk\u00fd Mikul\u00e1\u0161": [
    19.62218,
    49.08061
  ],
  "Lu\u010denec": [
    19.66708,
    48.33249
  ],
  "Malacky": [
    17.02188,
    48.43604
  ],
  "Martin": [
    18.92399,
    49.06651
  ],
  "Medzev": [
    20.89367,
    48.70041
  ],
  "Medzilaborce": [
    21.90073,
    49.27195
  ],
  "Michalovce": [
    21.9195,
    48.75434
  ],
  "Modra": [
    17.30711,
    48.33397
  ],
  "Moldava nad Bodvou": [
    20.99957,
    48.61428
  ],
  "Myjava": [
    17.56866,
    48.75876
  ],
  "Nem\u0161ov\u00e1": [
    18.11892,
    48.96702
  ],
  "Nitra": [
    18.08453,
    48.30763
  ],
  "Nov\u00e1 Ba\u0148a": [
    18.64037,
    48.42305
  ],
  "Nov\u00e1 Dubnica": [
    18.14632,
    48.93479
  ],
  "Nov\u00e1 Lesn\u00e1": [
    20.26737,
    49.12253
  ],
  "Nov\u00e1ky": [
    18.53389,
    48.71106
  ],
  "Nov\u00e9 Mesto nad V\u00e1hom": [
    17.8309,
    48.75763
  ],
  "Nov\u00e9 Z\u00e1mky": [
    18.16195,
    47.98544
  ],
  "N\u00e1mestovo": [
    19.48032,
    49.4079
  ],
  "Oravsk\u00e1 Lesn\u00e1": [
    19.18093,
    49.36672
  ],
  "Partiz\u00e1nske": [
    18.38456,
    48.62861
  ],
  "Pezinok": [
    17.26664,
    48.28986
  ],
  "Pie\u0161\u0165any": [
    17.82591,
    48.59479
  ],
  "Podol\u00ednec": [
    20.536,
    49.25869
  ],
  "Polt\u00e1r": [
    19.79408,
    48.43094
  ],
  "Poprad": [
    20.29798,
    49.06144
  ],
  "Pova\u017esk\u00e1 Bystrica": [
    18.42169,
    49.12153
  ],
  "Pre\u0161ov": [
    21.23393,
    48.99839
  ],
  "Pribylina": [
    19.79427,
    49.0995
  ],
  "Prievidza": [
    18.6275,
    48.77446
  ],
  "P\u00fachov": [
    18.32596,
    49.12494
  ],
  "Rajec": [
    18.64007,
    49.08898
  ],
  "Rev\u00faca": [
    20.11734,
    48.68346
  ],
  "Rimavsk\u00e1 Sobota": [
    20.0224,
    48.38284
  ],
  "Ro\u017e\u0148ava": [
    20.53758,
    48.66008
  ],
  "Ru\u017eomberok": [
    19.30751,
    49.0748
  ],
  "Sabinov": [
    21.0988,
    49.10308
  ],
  "Sellye": [
    17.88062,
    48.15127
  ],
  "Senec": [
    17.40043,
    48.21951
  ],
  "Senica": [
    17.36697,
    48.67922
  ],
  "Se\u010dovce": [
    21.66104,
    48.70074
  ],
  "Skalica": [
    17.22635,
    48.8449
  ],
  "Sl\u00e1dkovi\u010dovo": [
    17.63852,
    48.20137
  ],
  "Smolenice": [
    17.43067,
    48.50478
  ],
  "Snina": [
    22.15099,
    48.98857
  ],
  "Sobrance": [
    22.18136,
    48.74455
  ],
  "Spi\u0161sk\u00e1 Bel\u00e1": [
    20.45948,
    49.18725
  ],
  "Spi\u0161sk\u00e1 Nov\u00e1 Ves": [
    20.56154,
    48.94464
  ],
  "Spi\u0161sk\u00e9 Podhradie": [
    20.75307,
    49.00088
  ],
  "Star\u00e1 Tur\u00e1": [
    17.69433,
    48.77721
  ],
  "Star\u00e1 \u013dubov\u0148a": [
    20.6862,
    49.29859
  ],
  "Stropkov": [
    21.65216,
    49.20211
  ],
  "Str\u00e1\u017eske": [
    21.83668,
    48.8735
  ],
  "Stupava": [
    17.03173,
    48.27474
  ],
  "Svidn\u00edk": [
    21.5703,
    49.30819
  ],
  "Svit": [
    20.20695,
    49.06014
  ],
  "Svod\u00edn": [
    18.49967,
    47.91054
  ],
  "Sv\u00e4t\u00fd Anton": [
    18.9401,
    48.41923
  ],
  "Sv\u00e4t\u00fd Jur": [
    17.21539,
    48.25216
  ],
  "Terchov\u00e1": [
    19.02935,
    49.25895
  ],
  "Tisovec": [
    19.94364,
    48.67738
  ],
  "Tlma\u010de": [
    18.53152,
    48.28926
  ],
  "Trebi\u0161ov": [
    21.71954,
    48.62858
  ],
  "Tren\u010dianske Teplice": [
    18.16691,
    48.91063
  ],
  "Tren\u010d\u00edn": [
    18.04436,
    48.89452
  ],
  "Trnava": [
    17.58723,
    48.3774
  ],
  "Trsten\u00e1": [
    19.61249,
    49.36101
  ],
  "Turzovka": [
    18.62258,
    49.40429
  ],
  "Tvrdo\u0161\u00edn": [
    19.556,
    49.337
  ],
  "Ve\u013ek\u00fd Meder": [
    17.76884,
    47.85798
  ],
  "Vinn\u00e9": [
    21.96757,
    48.80965
  ],
  "Vranov nad Top\u013eou": [
    21.68479,
    48.88836
  ],
  "Vrbov\u00e9": [
    17.7226,
    48.61973
  ],
  "Vr\u00e1ble": [
    18.30846,
    48.24371
  ],
  "Vr\u00fatky": [
    18.91714,
    49.11328
  ],
  "Vysok\u00e9 Tatry": [
    20.24386,
    49.13637
  ],
  "Vy\u0161n\u00e9 Ru\u017ebachy": [
    20.56558,
    49.30387
  ],
  "Zlat\u00e9 Moravce": [
    18.40063,
    48.38553
  ],
  "Zvolen": [
    19.15324,
    48.57442
  ],
  "\u010cachtice": [
    17.78704,
    48.71226
  ],
  "\u010cadca": [
    18.78895,
    49.43503
  ],
  "\u010cierna nad Tisou": [
    22.08865,
    48.41704
  ],
  "\u010cierny Balog": [
    19.65125,
    48.74722
  ],
  "\u013dubica": [
    20.45,
    49.11667
  ],
  "\u0160ahy": [
    18.94946,
    48.07408
  ],
  "\u0160amor\u00edn": [
    17.30972,
    48.03015
  ],
  "\u0160trba": [
    20.07975,
    49.05913
  ],
  "\u0160t\u00farovo": [
    18.7175,
    47.79495
  ],
  "\u0160urany": [
    18.18447,
    48.08613
  ],
  "\u017darnovica": [
    18.71565,
    48.48124
  ],
  "\u017ddiar": [
    20.26239,
    49.271
  ],
  "\u017deliezovce": [
    18.65421,
    48.05075
  ],
  "\u017diar nad Hronom": [
    18.84958,
    48.59184
  ],
  "\u017dilina": [
    18.73941,
    49.22315
  ]
}
