{
  "Ad\u00e9ane": [
    -16.01694,
    12.63
  ],
  "Bignona": [
    -16.22639,
    12.81028
  ],
  "Dakar": [
    -17.44406,
    14.6937
  ],
  "Dara": [
    -15.47993,
    15.34844
  ],
  "Diawara": [
    -12.54374,
    15.02196
  ],
  "Diofior": [
    -16.66667,
    14.18333
  ],
  "Diourbel": [
    -16.3925,
    14.66278
  ],
  "Fatick": [
    -16.58583,
    14.35806
  ],
  "Foundiougne": [
    -16.46667,
    14.13333
  ],
  "Gandiaye": [
    -16.26667,
    14.23333
  ],
  "Gol\u00e9r\u00e9": [
    -14.10165,
    16.25574
  ],
  "Grand Dakar": [
    -17.45472,
    14.71331
  ],
  "Guinguin\u00e9o": [
    -15.95,
    14.26667
  ],
  "Gu\u00e9oul": [
    -16.35,
    15.48333
  ],
  "Joal-Fadiout": [
    -16.83333,
    14.16667
  ],
  "Kaffrine": [
    -15.5508,
    14.10594
  ],
  "Kanel": [
    -13.17627,
    15.4916
  ],
  "Kaolack": [
    -16.25333,
    14.1825
  ],
  "Kayar": [
    -17.11978,
    14.91893
  ],
  "Khombole": [
    -16.7,
    14.76667
  ],
  "Kolda": [
    -14.95,
    12.88333
  ],
  "Koungheul": [
    -14.8,
    13.98333
  ],
  "K\u00e9dougou": [
    -12.1743,
    12.5579
  ],
  "Louga": [
    -16.22436,
    15.61867
  ],
  "Marsassoum": [
    -15.98056,
    12.8275
  ],
  "Matam": [
    -13.25544,
    15.65587
  ],
  "Mbak\u00e9": [
    -15.90803,
    14.79032
  ],
  "Mermoz Boabab": [
    -17.47581,
    14.70649
  ],
  "M\u00e9kh\u00e9": [
    -16.6218,
    15.1097
  ],
  "Ndib\u00e8ne Dahra": [
    -15.4766,
    15.3338
  ],
  "Ndioum": [
    -14.64706,
    16.51293
  ],
  "Ndofane": [
    -15.93333,
    13.91667
  ],
  "Ngu\u00e9khokh": [
    -17.00447,
    14.51255
  ],
  "Nioro du Rip": [
    -15.8,
    13.75
  ],
  "Ouro Sogui": [
    -13.3223,
    15.60588
  ],
  "Oussouye": [
    -16.54694,
    12.485
  ],
  "Passi": [
    -16.26667,
    13.98333
  ],
  "Pikine": [
    -17.39071,
    14.76457
  ],
  "Polel Diaoub\u00e9": [
    -13,
    15.26667
  ],
  "Pourham": [
    -16.41667,
    14.35
  ],
  "Pout": [
    -17.06107,
    14.77099
  ],
  "Ran\u00e9rou": [
    -13.96667,
    15.3
  ],
  "Richard-Toll": [
    -15.70083,
    16.4625
  ],
  "Rosso": [
    -15.79834,
    16.42028
  ],
  "Saint-Louis": [
    -16.48962,
    16.01793
  ],
  "Sokone": [
    -16.36667,
    13.88333
  ],
  "S\u00e9dhiou": [
    -15.55694,
    12.70806
  ],
  "S\u00e9m\u00e9": [
    -12.94482,
    15.19422
  ],
  "Tambacounda": [
    -13.66734,
    13.77073
  ],
  "Thi\u00e8s": [
    -17.10611,
    14.83417
  ],
  "Thi\u00e8s Nones": [
    -16.96667,
    14.78333
  ],
  "Tiadiaye": [
    -16.7,
    14.41667
  ],
  "Tionk Essil": [
    -16.52167,
    12.78556
  ],
  "Ti\u00e9bo": [
    -16.23333,
    14.63333
  ],
  "Touba": [
    -15.88333,
    14.85
  ],
  "V\u00e9lingara": [
    -14.11667,
    13.15
  ],
  "Waound\u00e9": [
    -12.86821,
    15.26367
  ],
  "Warang": [
    -16.94366,
    14.37349
  ],
  "Ziguinchor": [
    -16.27194,
    12.58333
  ]
}
