{
  "Albina": [
    -54.05,
    5.5
  ],
  "Brokopondo": [
    -54.96667,
    5.06667
  ],
  "Brownsweg": [
    -55.16667,
    5.01667
  ],
  "Groningen": [
    -55.46667,
    5.8
  ],
  "Lelydorp": [
    -55.23333,
    5.7
  ],
  "Mari\u00ebnburg": [
    -55.02159,
    5.84691
  ],
  "Moengo": [
    -54.4,
    5.61667
  ],
  "Nieuw Amsterdam": [
    -55.08333,
    5.88333
  ],
  "Nieuw Nickerie": [
    -56.98333,
    5.95
  ],
  "Onverwacht": [
    -55.18333,
    5.58333
  ],
  "Paramaribo": [
    -55.16682,
    5.86638
  ],
  "Totness": [
    -56.31667,
    5.88333
  ],
  "Wageningen": [
    -56.68333,
    5.76667
  ]
}
