{
  "Santo Ant\u00f3nio": [
    7.41783,
    1.63726
  ],
  "S\u00e3o Tom\u00e9": [
    6.72732,
    0.33654
  ]
}
