{
  "Ab\u016b Qalqal": [
    38.11984,
    36.43806
  ],
  "Ab\u016b az\u0327 Z\u0327uh\u016br": [
    37.0448,
    35.74058
  ],
  "Ad Darb\u0101s\u012byah": [
    40.65199,
    37.07279
  ],
  "Ad D\u0101l\u012byah": [
    36.14371,
    35.23605
  ],
  "Ad D\u0101n\u0101": [
    36.76978,
    36.21252
  ],
  "Ad D\u012bm\u0101s": [
    36.09262,
    33.58739
  ],
  "Akhtar\u012bn": [
    37.33579,
    36.51233
  ],
  "Al At\u0101rib": [
    36.82499,
    36.13895
  ],
  "Al Bahl\u016bl\u012byah": [
    35.96022,
    35.63679
  ],
  "Al Bu\u015fayrah": [
    40.42555,
    35.15579
  ],
  "Al Bu\u0163ay\u1e29ah": [
    35.63198,
    32.90871
  ],
  "Al B\u0101b": [
    37.51788,
    36.36994
  ],
  "Al B\u0101riq\u012byah": [
    36.22846,
    34.82936
  ],
  "Al Furqlus": [
    37.08745,
    34.60638
  ],
  "Al F\u0101kh\u016brah": [
    36.01085,
    35.49849
  ],
  "Al Ghand\u016brah": [
    37.73278,
    36.67006
  ],
  "Al Ghizl\u0101n\u012byah": [
    36.45491,
    33.39671
  ],
  "Al Gh\u0101riyah": [
    36.65067,
    32.39332
  ],
  "Al Hin\u0101d\u012b": [
    35.8744,
    35.51324
  ],
  "Al Jal\u0101\u2019": [
    40.83284,
    34.63705
  ],
  "Al Jarn\u012byah": [
    38.24717,
    36.17191
  ],
  "Al Jaw\u0101d\u012byah": [
    41.82015,
    36.9866
  ],
  "Al J\u0101n\u016bd\u012byah": [
    36.291,
    35.88411
  ],
  "Al J\u012bzah": [
    36.31551,
    32.56909
  ],
  "Al Kar\u0101mah": [
    39.27803,
    35.86866
  ],
  "Al Kar\u012bmah": [
    36.07546,
    34.66941
  ],
  "Al Kasrah": [
    39.9202,
    35.56743
  ],
  "Al Khafsah": [
    38.02172,
    36.2311
  ],
  "Al Khushn\u012byah": [
    35.81084,
    32.99941
  ],
  "Al Kiswah": [
    36.2419,
    33.3581
  ],
  "Al Man\u015f\u016brah": [
    38.74288,
    35.83917
  ],
  "Al May\u0101d\u012bn": [
    40.45346,
    35.02089
  ],
  "Al Mazra\u2018ah": [
    36.47696,
    32.78398
  ],
  "Al Ma\u2018ba\u0163l\u012b": [
    36.73828,
    36.56253
  ],
  "Al Mism\u012byah": [
    36.39254,
    33.12972
  ],
  "Al Mulay\u1e29ah": [
    36.37561,
    33.48522
  ],
  "Al Musayfirah": [
    36.33934,
    32.63205
  ],
  "Al Mushannaf": [
    36.77473,
    32.73932
  ],
  "Al Muzayri\u2018ah": [
    36.07003,
    35.5318
  ],
  "Al Muzayr\u012bb": [
    36.02743,
    32.71099
  ],
  "Al M\u0101lik\u012byah": [
    42.14006,
    37.17701
  ],
  "Al Qabw": [
    36.45493,
    34.84324
  ],
  "Al Qadm\u016bs": [
    36.15984,
    35.09854
  ],
  "Al Qam\u015f\u012byah": [
    36.01455,
    35.03357
  ],
  "Al Qard\u0101\u1e29ah": [
    36.05908,
    35.45644
  ],
  "Al Qaryatayn": [
    37.24066,
    34.22956
  ],
  "Al Qa\u1e29\u0163\u0101n\u012byah": [
    41.54596,
    37.029
  ],
  "Al Qunay\u0163irah": [
    35.82461,
    33.12594
  ],
  "Al Qurayy\u0101": [
    36.59776,
    32.54336
  ],
  "Al Qu\u015fayr": [
    36.57975,
    34.50914
  ],
  "Al Qu\u0163ayfah": [
    36.60071,
    33.73848
  ],
  "Al Qu\u0163aylib\u012byah": [
    36.01496,
    35.28928
  ],
  "Al Q\u0101mishl\u012b": [
    41.23142,
    37.05215
  ],
  "Al Ya\u2018rub\u012byah": [
    42.06206,
    36.81138
  ],
  "Al \u1e28affah": [
    36.03006,
    35.59824
  ],
  "Al \u1e28ajar al Aswad": [
    36.30419,
    33.45759
  ],
  "Al \u1e28amr\u0101\u2019": [
    37.08632,
    35.315
  ],
  "Al \u1e28am\u012bd\u012byah": [
    35.94495,
    34.71255
  ],
  "Al \u1e28ar\u0101k": [
    36.30994,
    32.74932
  ],
  "Al \u1e28asakah": [
    40.74772,
    36.50237
  ],
  "Al \u1e28awl": [
    41.14983,
    36.39042
  ],
  "Al \u1e28aw\u0101sh": [
    36.32164,
    34.76721
  ],
  "Al \u1e28\u0101jib": [
    37.3968,
    35.86409
  ],
  "Al \u1e28\u0101\u1e11ir": [
    37.05105,
    35.98977
  ],
  "Al \u2018Ann\u0101zah": [
    36.06571,
    35.19502
  ],
  "Al \u2018Ar\u012bmah": [
    37.7193,
    36.474
  ],
  "Al \u2018Ash\u0101rah": [
    40.5595,
    34.92319
  ],
  "Aleppo": [
    37.16117,
    36.20124
  ],
  "Amude": [
    40.93,
    37.10417
  ],
  "An Nabk": [
    36.72837,
    34.02547
  ],
  "An Nash\u0101b\u012byah": [
    36.48514,
    33.5097
  ],
  "An N\u0101\u015firah": [
    36.28465,
    34.78576
  ],
  "Ar Raqqah": [
    39.00788,
    35.95283
  ],
  "Ar Rastan": [
    36.73238,
    34.92653
  ],
  "Ar Raw\u1e11ah": [
    35.91375,
    35.07204
  ],
  "Ar Riq\u0101m\u0101": [
    36.91909,
    34.53879
  ],
  "Ar Ru\u1e29aybah": [
    36.70394,
    33.74424
  ],
  "Arman\u0101z": [
    36.50309,
    36.08305
  ],
  "Arw\u0101d": [
    35.85854,
    34.85604
  ],
  "Ar\u012b\u1e29\u0101": [
    36.60964,
    35.81374
  ],
  "As Sabkhah": [
    39.26268,
    35.81182
  ],
  "As Sab\u2018 Biy\u0101r": [
    37.68357,
    33.77974
  ],
  "As Saf\u012brah": [
    37.37251,
    36.07696
  ],
  "As Salam\u012byah": [
    37.05324,
    35.01127
  ],
  "As Sawd\u0101": [
    35.94414,
    34.98151
  ],
  "As Si\u2018in": [
    37.37402,
    35.26375
  ],
  "As Sukhnah": [
    38.87031,
    34.88754
  ],
  "As Suqaylib\u012byah": [
    36.39359,
    35.36674
  ],
  "As Suwayd\u0101\u2019": [
    36.56951,
    32.70896
  ],
  "As S\u012bsn\u012byah": [
    36.14314,
    34.78038
  ],
  "As S\u016bsah": [
    40.95577,
    34.53395
  ],
  "Ash Shadd\u0101dah": [
    40.73478,
    36.05756
  ],
  "Ash Shajarah": [
    35.88106,
    32.77389
  ],
  "Ash Shaykh Badr": [
    36.07909,
    34.99081
  ],
  "Ash Shaykh Misk\u012bn": [
    36.15933,
    32.82944
  ],
  "At Tall": [
    36.3107,
    33.61033
  ],
  "At Tam\u0101ni\u2018ah": [
    36.74816,
    35.45846
  ],
  "At Tibn\u012b": [
    39.8181,
    35.6117
  ],
  "Ath Thawrah": [
    38.54659,
    35.83453
  ],
  "Az Zabad\u0101n\u012b": [
    36.1005,
    33.72488
  ],
  "Az Zarbah": [
    36.97987,
    36.06763
  ],
  "Az Ziy\u0101rah": [
    36.33867,
    35.68482
  ],
  "A\u015f \u015eaf\u015f\u0101fah": [
    36.05283,
    34.73519
  ],
  "A\u015f \u015eanamayn": [
    36.18382,
    33.07227
  ],
  "A\u015f \u015e\u016brah a\u015f \u015eagh\u012brah": [
    36.57387,
    33.03267
  ],
  "A\u0163 \u0162aw\u0101\u1e29\u012bn": [
    36.21444,
    35.12751
  ],
  "A\u1e11 \u1e10umayr": [
    36.69376,
    33.64389
  ],
  "Bab\u012bl\u0101": [
    36.33076,
    33.47101
  ],
  "Bad\u0101m\u0101": [
    36.19649,
    35.81151
  ],
  "Ban\u0101n": [
    37.30234,
    35.97358
  ],
  "Barr\u012b ash Sharq\u012b": [
    37.20096,
    34.98099
  ],
  "Bayt Y\u0101sh\u016b\u0163": [
    36.11523,
    35.31025
  ],
  "Binnish": [
    36.7138,
    35.95664
  ],
  "Bi\u2019r al \u1e28ulw al Ward\u012byah": [
    41.03528,
    36.69694
  ],
  "Brumm\u0101nat al Mash\u0101yikh": [
    36.17083,
    35.01883
  ],
  "Bulbul": [
    36.81916,
    36.77041
  ],
  "Bu\u015fr\u00e1 ash Sh\u0101m": [
    36.48256,
    32.52013
  ],
  "B\u0101niy\u0101s": [
    35.94871,
    35.18188
  ],
  "Damascus": [
    36.29128,
    33.5102
  ],
  "Dark\u016bsh": [
    36.39416,
    35.99168
  ],
  "Dar\u2018\u0101": [
    36.10213,
    32.61889
  ],
  "Dayr \u1e28\u0101fir": [
    37.70778,
    36.15694
  ],
  "Dayr \u2018A\u0163\u012byah": [
    36.76682,
    34.09596
  ],
  "Deir ez-Zor": [
    40.14084,
    35.33588
  ],
  "Dh\u012bb\u0101n": [
    40.51085,
    35.0155
  ],
  "Dh\u012bb\u012bn": [
    36.56552,
    32.43842
  ],
  "Douma": [
    36.4027,
    33.57175
  ],
  "Durayk\u012bsh": [
    36.13138,
    34.89637
  ],
  "Duwayr Rasl\u0101n": [
    36.1983,
    34.95563
  ],
  "D\u0101rat \u2018Izzah": [
    36.85216,
    36.28247
  ],
  "D\u0101rayy\u0101": [
    36.23256,
    33.45834
  ],
  "D\u0101\u2018il": [
    36.12958,
    32.75466
  ],
  "F\u012bq": [
    35.70047,
    32.77898
  ],
  "Ghab\u0101ghib": [
    36.22527,
    33.18214
  ],
  "Haj\u012bn": [
    40.827,
    34.6927
  ],
  "Hisya": [
    36.75879,
    34.41096
  ],
  "Homs": [
    36.72339,
    34.72682
  ],
  "H\u012bsh": [
    36.64356,
    35.54793
  ],
  "Idlib": [
    36.63393,
    35.93062
  ],
  "Inkhil": [
    36.12806,
    33.01797
  ],
  "Izra\u2018": [
    36.25453,
    32.8706
  ],