{
  "Bhunya": [
    31.01667,
    -26.55
  ],
  "Big Bend": [
    31.93333,
    -26.81667
  ],
  "Bulembu": [
    31.13333,
    -25.96667
  ],
  "Darkton": [
    31.03333,
    -26.23333
  ],
  "Hlatikulu": [
    31.31667,
    -26.96667
  ],
  "Hluti": [
    31.61667,
    -27.21667
  ],
  "Kubuta": [
    31.48333,
    -26.88333
  ],
  "Kwaluseni": [
    31.33333,
    -26.48333
  ],
  "Lavumisa": [
    31.89198,
    -27.31005
  ],
  "Lobamba": [
    31.2,
    -26.46667
  ],
  "Malkerns": [
    31.18333,
    -26.56667
  ],
  "Manzini": [
    31.38004,
    -26.49884
  ],
  "Mbabane": [
    31.13333,
    -26.31667
  ],
  "Mhlambanyatsi": [
    31.01667,
    -26.45
  ],
  "Mhlume": [
    31.85,
    -26.03333
  ],
  "Nsoko": [
    31.95,
    -27.03333
  ],
  "Piggs Peak": [
    31.25,
    -25.96667
  ],
  "Sidvokodvo": [
    31.42021,
    -26.6282
  ],
  "Siteki": [
    31.95,
    -26.45
  ],
  "Tshaneni": [
    31.71667,
    -25.98333
  ],
  "Vuvulane": [
    31.87672,
    -26.07427
  ]
}
