{
  "Ab\u00e9ch\u00e9": [
    20.8324,
    13.82916
  ],
  "Adr\u00e9": [
    22.2,
    13.46667
  ],
  "Am Timan": [
    20.2827,
    11.0297
  ],
  "Aozou": [
    17.4275,
    21.8375
  ],
  "Ati": [
    18.3353,
    13.2154
  ],
  "Barda\u00ef": [
    17.00056,
    21.35833
  ],
  "Benoy": [
    16.31991,
    8.98327
  ],
  "Be\u00efnamar": [
    15.3813,
    8.6698
  ],
  "Biltine": [
    20.91667,
    14.53333
  ],
  "Bitkine": [
    18.2138,
    11.9801
  ],
  "Bokoro": [
    17.0568,
    12.3807
  ],
  "Bol": [
    14.71472,
    13.45861
  ],
  "Bongor": [
    15.37222,
    10.28056
  ],
  "Bousso": [
    16.71076,
    10.48473
  ],
  "B\u00e9boto": [
    16.93898,
    8.26682
  ],
  "B\u00e9b\u00e9dja": [
    16.566,
    8.6761
  ],
  "B\u00e9r\u00e9": [
    16.1552,
    9.3202
  ],
  "Doba": [
    16.85,
    8.65
  ],
  "Dourbali": [
    15.86323,
    11.80909
  ],
  "Fada": [
    21.58862,
    17.1832
  ],
  "Faya-Largeau": [
    19.10428,
    17.9257
  ],
  "Goundi": [
    17.36597,
    9.36267
  ],
  "Gounou Gaya": [
    15.5132,
    9.6294
  ],
  "Goz Be\u00efda": [
    21.41667,
    12.21667
  ],
  "Goz B\u00e9\u00efda": [
    20.55,
    13.95
  ],
  "Guelendeng": [
    15.5501,
    10.91762
  ],
  "Iriba": [
    22.25,
    15.11667
  ],
  "Kelo": [
    15.80658,
    9.30859
  ],
  "Koumra": [
    17.55392,
    8.91256
  ],
  "Kyab\u00e9": [
    18.94493,
    9.45149
  ],
  "La\u00ef": [
    16.2989,
    9.3952
  ],
  "Mao": [
    15.3103,
    14.12116
  ],
  "Massaguet": [
    15.43647,
    12.47554
  ],
  "Massakory": [
    15.72927,
    12.996
  ],
  "Massenya": [
    16.1705,
    11.4039
  ],
  "Mboursou L\u00e9r\u00e9": [
    14.1539,
    9.7639
  ],
  "Melfi": [
    17.9355,
    11.0598
  ],
  "Mongo": [
    18.69303,
    12.18441
  ],
  "Moundou": [
    16.08333,
    8.56667
  ],
  "Moussoro": [
    16.49007,
    13.64084
  ],
  "Mo\u00efssala": [
    17.7663,
    8.3404
  ],
  "N'Djamena": [
    15.0444,
    12.10672
  ],
  "Ngama": [
    17.16667,
    11.78333
  ],
  "Oum Hadjer": [
    19.6966,
    13.2954
  ],
  "Pala": [
    14.9046,
    9.3642
  ],
  "Sagh": [
    18.3923,
    9.1429
  ]
}
