{
  "Amlam\u00e9": [
    0.9,
    7.46667
  ],
  "An\u00e9ho": [
    1.6,
    6.23333
  ],
  "Atakpam\u00e9": [
    1.13333,
    7.53333
  ],
  "Badou": [
    0.6,
    7.58333
  ],
  "Bafilo": [
    1.26667,
    9.35
  ],
  "Bassar": [
    0.78106,
    9.26021
  ],
  "Dapaong": [
    0.20762,
    10.86225
  ],
  "Kand\u00e9": [
    1.04472,
    9.95778
  ],
  "Kara": [
    1.18611,
    9.55111
  ],
  "Kpalim\u00e9": [
    0.63333,
    6.9
  ],
  "Lom\u00e9": [
    1.21227,
    6.13748
  ],
  "Niamtougou": [
    1.10528,
    9.76806
  ],
  "Nots\u00e9": [
    1.16667,
    6.95
  ],
  "Pagouda": [
    1.32778,
    9.7525
  ],
  "Sansann\u00e9-Mango": [
    0.47083,
    10.35917
  ],
  "Sokod\u00e9": [
    1.13333,
    8.98333
  ],
  "Sotouboua": [
    0.98399,
    8.5634
  ],
  "Tabligbo": [
    1.5,
    6.58333
  ],
  "Tchamba": [
    1.41667,
    9.03333
  ],
  "Ts\u00e9vi\u00e9": [
    1.21333,
    6.42611
  ],
  "Vogan": [
    1.53333,
    6.33333
  ]
}
