{
  "Abdurahmoni Jom\u00ed": [
    68.80878,
    37.94636
  ],
  "Adrasmon": [
    69.98472,
    40.64928
  ],
  "Ayn\u00ed": [
    68.53766,
    39.39406
  ],
  "Bahor\u00ed": [
    67.99426,
    37.39479
  ],
  "Baljuvon": [
    69.67672,
    38.30838
  ],
  "Boshchorbogh": [
    68.12824,
    37.52027
  ],
  "Boshkengash": [
    68.80533,
    38.46613
  ],
  "B\u016dston": [
    69.33308,
    40.52286
  ],
  "B\u016dstonqal\u2019a": [
    68.83125,
    37.84783
  ],
  "Chkalov": [
    69.69481,
    40.23417
  ],
  "Chubek": [
    69.70525,
    37.61453
  ],
  "Danghara": [
    69.33998,
    38.09578
  ],
  "Darband": [
    69.96642,
    38.86776
  ],
  "Dushanbe": [
    68.77905,
    38.53575
  ],
  "D\u016dst\u00ed": [
    68.66398,
    37.34812
  ],
  "Farkhor": [
    69.40356,
    37.49219
  ],
  "Ghafurov": [
    69.72867,
    40.21571
  ],
  "Gharav\u016dt\u00ed": [
    68.44668,
    37.56702
  ],
  "Ghonch\u00ed": [
    69.12966,
    39.96238
  ],
  "Hisor": [
    68.55124,
    38.52504
  ],
  "Isfara": [
    70.62526,
    40.12648
  ],
  "Ishqoshim": [
    71.61331,
    36.72484
  ],
  "Ismoili Somon\u00ed": [
    68.80126,
    37.76627
  ],
  "Istaravshan": [
    69.00328,
    39.9142
  ],
  "Jilik\u016dl": [
    68.53106,
    37.49167
  ],
  "Karakenja": [
    71.52412,
    39.23585
  ],
  "Khodzha-Maston": [
    68.62702,
    38.74457
  ],
  "Khorugh": [
    71.55304,
    37.48974
  ],
  "Khovaling": [
    69.97531,
    38.34194
  ],
  "Kh\u016djand": [
    69.62216,
    40.28256
  ],
  "Kim": [
    70.46882,
    40.20798
  ],
  "Kirov": [
    68.85905,
    37.81908
  ],
  "Kolkhozobod": [
    68.65886,
    37.58823
  ],
  "Konibodom": [
    70.43122,
    40.29414
  ],
  "Konsoy": [
    69.70245,
    40.49155
  ],
  "K\u016dlob": [
    69.78454,
    37.91458
  ],
  "Mehron": [
    69.28677,
    39.41691
  ],
  "Moskva": [
    69.62849,
    37.66101
  ],
  "Murghob": [
    73.96674,
    38.17023
  ],
  "M\u016d\u2019minobod": [
    70.03213,
    38.10714
  ],
  "Neftobod": [
    70.57193,
    40.21524
  ],
  "Norak": [
    69.32272,
    38.38917
  ],
  "Nov": [
    69.37076,
    40.1522
  ],
  "Novobod": [
    70.15082,
    39.01084
  ],
  "Obigarm": [
    69.70885,
    38.71731
  ],
  "Obikiik": [
    68.66605,
    38.16033
  ],
  "Oltintopkan": [
    69.59811,
    40.65425
  ],
  "Orzu": [
    68.81952,
    37.5582
  ],
  "Pakhtakoron": [
    68.74659,
    40.15709
  ],
  "Palos": [
    69.73743,
    40.31628
  ],
  "Panj": [
    69.09911,
    37.23634
  ],
  "Panjakent": [
    67.60931,
    39.49524
  ],
  "Proletar": [
    69.50163,
    40.16713
  ],
  "Qalaikhumb": [
    70.78902,
    38.45373
  ],
  "Qubodiyon": [
    68.18644,
    37.40973
  ],
  "Quruqsoy": [
    69.37962,
    40.57648
  ],
  "Q\u016drghonteppa": [
    68.78186,
    37.83399
  ],
  "Rasht": [
    70.37446,
    39.02872
  ],
  "Roghun": [
    69.87081,
    38.78257
  ],
  "Roshtqal\u2019a": [
    71.82591,
    37.25827
  ],
  "R\u016dshon": [
    71.55744,
    37.94487
  ],
  "Sarband": [
    68.92233,
    37.87136
  ],
  "Shahrinav": [
    68.33498,
    38.57085
  ],
  "Shahriston": [
    68.80929,
    39.77447
  ],
  "Shahritus": [
    68.13849,
    37.26206
  ],
  "Shaydon": [
    70.3502,
    40.66992
  ],
  "Sh\u016drob": [
    70.54117,
    40.04605
  ],
  "Sh\u016drobod": [
    70.04865,
    37.84137
  ],
  "Sovet": [
    69.58822,
    38.0467
  ],
  "Taboshar": [
    69.64175,
    40.57018
  ],
  "Tagob": [
    68.89847,
    38.83827
  ],
  "Tartiki": [
    68.13347,
    37.58221
  ],
  "Tursunzoda": [
    68.23327,
    38.51437
  ],
  "Vahdat": [
    69.01354,
    38.55632
  ],
  "Vakhsh": [
    68.83456,
    37.71485
  ],
  "Vanj": [
    71.45474,
    38.37078
  ],
  "Varzob": [
    68.81776,
    38.77369
  ],
  "Vorukh": [
    70.58012,
    39.85125
  ],
  "Vose\u2019": [
    69.64416,
    37.80396
  ],
  "Yovon": [
    69.03784,
    38.31408
  ],
  "Zafarobod": [
    68.84679,
    40.17603
  ]
}
