{
  "Akdepe": [
    59.37877,
    42.05513
  ],
  "Annau": [
    58.516,
    37.88757
  ],
  "Ashgabat": [
    58.38333,
    37.95
  ],
  "Atamyrat": [
    65.21058,
    37.83574
  ],
  "Balkanabat": [
    54.36713,
    39.51075
  ],
  "Bayramaly": [
    62.16715,
    37.61852
  ],
  "Boldumsaz": [
    59.67101,
    42.12824
  ],
  "B\u00e4herden": [
    57.43158,
    38.43624
  ],
  "B\u00fczme\u00fdin": [
    58.20559,
    38.05067
  ],
  "Da\u015foguz": [
    59.96662,
    41.83625
  ],
  "Farap": [
    63.61164,
    39.17037
  ],
  "Gazanjyk": [
    55.51536,
    39.24463
  ],
  "Gazojak": [
    61.4036,
    41.18746
  ],
  "Gowurdak": [
    66.04656,
    37.81244
  ],
  "Gumdag": [
    54.59056,
    39.20611
  ],
  "Gyzylarbat": [
    56.27575,
    38.97644
  ],
  "Kaka": [
    59.61431,
    37.34821
  ],
  "K\u00f6ne\u00fcrgench": [
    59.15442,
    42.32773
  ],
  "Mary": [
    61.83031,
    37.59378
  ],
  "Murgab": [
    61.97142,
    37.49656
  ],
  "Pewrize": [
    58.09237,
    37.91677
  ],
  "Sa\u00fdat": [
    63.88035,
    38.78392
  ],
  "Serhetabat": [
    62.34382,
    35.27992
  ],
  "Seydi": [
    62.91374,
    39.4816
  ],
  "Tagta": [
    59.9164,
    41.65041
  ],
  "Tejen": [
    60.50544,
    37.38338
  ],
  "T\u00fcrkmenabat": [
    63.57862,
    39.07328
  ],
  "T\u00fcrkmenba\u015fy": [
    52.95518,
    40.02216
  ],
  "Yol\u00f6ten": [
    62.35975,
    37.29886
  ],
  "Yylanly": [
    59.65,
    41.83333
  ]
}
