{
  "Akouda": [
    10.5653,
    35.8691
  ],
  "Al Baq\u0101li\u0163ah": [
    10.99466,
    35.61739
  ],
  "Al Firn\u0101nah": [
    8.69602,
    36.65547
  ],
  "Al Kar\u012bb": [
    9.13613,
    36.32802
  ],
  "Al Mars\u00e1": [
    10.32466,
    36.87818
  ],
  "Al Matl\u012bn": [
    10.05,
    37.24516
  ],
  "Al Mazz\u016bnah": [
    9.84193,
    34.57758
  ],
  "Al Ma\u015fd\u016br": [
    10.72746,
    35.68206
  ],
  "Al Metlaoui": [
    8.40158,
    34.32081
  ],
  "Al Qarmadah": [
    10.78333,
    34.75
  ],
  "Al Ward\u0101n\u012bn": [
    10.67397,
    35.70915
  ],
  "Al \u1e28amm\u0101m\u0101t": [
    10.61667,
    36.4
  ],
  "Al \u2018\u0100liyah": [
    10.03478,
    37.1691
  ],
  "Ar Riq\u0101b": [
    9.78654,
    34.85932
  ],
  "Ar Rudayyif": [
    8.15549,
    34.3827
  ],
  "Ariana": [
    10.19337,
    36.86012
  ],
  "As Sanad": [
    9.26404,
    34.4628
  ],
  "As Sars": [
    9.02118,
    36.0764
  ],
  "A\u015f \u015eayy\u0101dah": [
    10.89246,
    35.66887
  ],
  "Banbalah": [
    10.8,
    35.7
  ],
  "Ban\u012b Khadd\u0101sh": [
    10.19883,
    33.2528
  ],
  "Ban\u012b Khall\u0101d": [
    10.59004,
    36.65038
  ],
  "Ban\u012b \u1e28ass\u0101n": [
    10.80869,
    35.5672
  ],
  "Ben Arous": [
    10.21889,
    36.75306
  ],
  "Beni Khiar": [
    10.78222,
    36.46917
  ],
  "Bin Qird\u0101n": [
    11.21965,
    33.13783
  ],
  "Bizerte": [
    9.87391,
    37.27442
  ],
  "Bi\u2019r al \u1e28ufayy": [
    9.19321,
    34.93212
  ],
  "Bi\u2019r \u2018Al\u012b Bin Khal\u012bfah": [
    10.0924,
    34.73592
  ],
  "B\u00e9ja": [
    9.18169,
    36.72564
  ],
  "B\u016b \u2018Ar\u0101dah": [
    9.62175,
    36.35251
  ],
  "B\u016b \u2018Urq\u016bb": [
    10.55093,
    36.53853
  ],
  "Carthage": [
    10.33161,
    36.86108
  ],
  "Chebba": [
    11.115,
    35.23722
  ],
  "Dar Chabanne": [
    10.75167,
    36.46798
  ],
  "Daww\u0101r T\u012bnjah": [
    9.75,
    37.16667
  ],
  "Degache": [
    8.2081,
    33.97606
  ],
  "Douane": [
    10.7557,
    36.44766
  ],
  "Douz": [
    9.0203,
    33.46632
  ],
  "El Battan": [
    9.84424,
    36.80368
  ],
  "El Fahs": [
    9.90651,
    36.37419
  ],
  "El Golaa": [
    9.00678,
    33.48485
  ],
  "El Hamma": [
    9.79629,
    33.89152
  ],
  "El Haouaria": [
    11.01442,
    37.05002
  ],
  "El Jem": [
    10.71667,
    35.3
  ],
  "El Kef": [
    8.70486,
    36.17424
  ],
  "El Ksour": [
    8.88493,
    35.89607
  ],
  "El Maamoura": [
    10.80612,
    36.46499
  ],
  "El Mida": [
    10.85528,
    36.72556
  ],
  "Gab\u00e8s": [
    10.0982,
    33.88146
  ],
  "Gafsa": [
    8.78417,
    34.425
  ],
  "Gh\u0101r al Mil\u1e29": [
    10.19064,
    37.16939
  ],
  "Haffouz": [
    9.67624,
    35.63235
  ],
  "Hammam Sousse": [
    10.60313,
    35.8609
  ],
  "Hammam-Lif": [
    10.34163,
    36.72866
  ],
  "Harqalah": [
    10.50904,
    36.03027
  ],
  "Houmt Souk": [
    10.85745,
    33.87576
  ],
  "Jabiny\u0101nah": [
    10.90809,
    35.035
  ],
  "Jamm\u0101l": [
    10.75696,
    35.62231
  ],
  "Jemna": [
    9.01472,
    33.57778
  ],
  "Jendouba": [
    8.78024,
    36.50114
  ],
  "Jilma": [
    9.42385,
    35.27311
  ],
  "Kairouan": [
    10.09633,
    35.6781
  ],
  "Kasserine": [
    8.83651,
    35.16758
  ],
  "Kebili": [
    8.96903,
    33.70439
  ],
  "Kesra": [
    9.36434,
    35.81364
  ],
  "Korba": [
    10.85861,
    36.57861
  ],
  "Ksour Essaf": [
    10.99475,
    35.41808
  ],
  "La Goulette": [
    10.305,
    36.81806
  ],
  "La Mohammedia": [
    10.15633,
    36.67446
  ],
  "La Sebala du Mornag": [
    10.29195,
    36.67931
  ],
  "Lam\u0163ah": [
    10.88333,
    35.66667
  ],
  "Mahdia": [
    11.06222,
    35.50472
  ],
  "Maj\u0101z al B\u0101b": [
    9.61231,
    36.64964
  ],
  "Maktar": [
    9.20072,
    35.85798
  ],
  "Manouba": [
    10.0972,
    36.80803
  ],
  "Manzil B\u016b Zalafah": [
    10.58431,
    36.68312
  ],
  "Manzil K\u0101mil": [
    10.66727,
    35.62477
  ],
  "Manzil S\u0101lim": [
    8.47654,
    35.85673
  ],
  "Mas\u0101kin": [
    10.58082,
    35.72917
  ],
  "Mateur": [
    9.66557,
    37.04045
  ],
  "Matmata": [
    9.97157,
    33.54445
  ],
  "Medenine": [
    10.50548,
    33.35495
  ],
  "Melloul\u00e8che": [
    11.03504,
    35.16617
  ],
  "Menzel Abderhaman": [
    9.86313,
    37.23737
  ],
  "Menzel Bourguiba": [
    9.78594,
    37.15368
  ],
  "Menzel Heurr": [
    10.95756,
    36.72818
  ],
  "Menzel Jemil": [
    9.91448,
    37.23618
  ],
  "Midoun": [
    10.99228,
    33.80813
  ],
  "Monastir": [
    10.82617,
    35.77799
  ],
  "Nabeul": [
    10.73763,
    36.45606
  ],
  "Nefta": [
    7.87765,
    33.87309
  ],
  "Nibbar": [
    8.76657,
    36.29411
  ],
  "Oued Lill": [
    10.04057,
    36.83408
  ],
  "Port el Kantaoui": [
    10.59434,
    35.89239
  ],
  "Qal\u2018at al Andalus": [
    10.11829,
    37.0629
  ],
  "Qa\u015fr Hall\u0101l": [
    10.89046,
    35.64773
  ],
  "Qa\u2018f\u016br": [
    9.32424,
    36.32045
  ],
  "Quball\u0101\u0163": [
    9.66334,
    36.54178
  ],
  "Qulayb\u012byah": [
    11.09386,
    36.84757
  ],
  "Qurbu\u015f": [
    10.56865,
    36.81668
  ],
  "Qu\u015faybat al Mady\u016bn\u012b": [
    10.84256,
    35.68562
  ],
  "Rad\u00e8s": [
    10.27528,
    36.76806
  ],
  "Rafr\u0101f": [
    10.18365,
    37.19043
  ],
  "Remada": [
    10.39551,
    32.31662
  ],
  "Rohia": [
    9.05306,
    35.65129
  ],
  "Sahline": [
    10.71109,
    35.75166
  ],
  "Sakiet Sidi Youssef": [
    8.35547,
    36.22292
  ],
  "Salakta": [
    11.04361,
    35.39444
  ],
  "Sbiba": [
    9.0737,
    35.54332
  ],
  "Sbikha": [
    10.02081,
    35.93325
  ],
  "Sejenane": [
    9.23806,
    37.05722
  ],
  "Sfax": [
    10.76028,
    34.74056
  ],
  "Shab\u012bkah": [
    7.93519,
    34.31909
  ],
  "Shurb\u0101n": [
    10.3858,
    35.28581
  ],
  "Sidi Bou Ali": [
    10.47306,
    35.95667
  ],
  "Sidi Bou Sa\u00efd": [
    10.34174,
    36.8687
  ],
  "Sidi Bouzid": [
    9.48494,
    35.03823
  ],
  "Sidi el Hani": [
    10.31583,
    35.67139
  ],
  "Siliana": [
    9.37082,
    36.08497
  ],
  "Skhira": [
    10.06999,
    34.2992
  ],
  "Sousse": [
    10.63699,
    35.82539
  ],
  "S\u012bd\u012b Bin N\u016br": [
    10.91667,
    35.53333
  ],
  "S\u012bd\u012b \u2018Ulw\u0101n": [
    10.93899,
    35.37505
  ],
  "Tabarka": [
    8.75801,
    36.95442
  ],
  "Tabursuq": [
    9.24751,
    36.45692
  ],
  "Tajerouine": [
    8.55276,
    35.89174
  ],
  "Tamaghzah": [
    7.94313,
    34.38849
  ],
  "Tast\u016br": [
    9.44307,
    36.5513
  ],
  "Tataouine": [
    10.45177,
    32.92967
  ],
  "Thala": [
    8.67031,
    35.57244
  ],
  "Tozeur": [
    8.13352,
    33.91968
  ],
  "Tunis": [
    10.16579,
    36.81897
  ],
  "T\u0101klisah": [
    10.63333,
    36.78333
  ],
  "W\u0101d\u012b Mal\u012bz": [
    8.54951,
    36.46813
  ],
  "Zaghouan": [
    10.14292,
    36.40291
  ],
  "Zah\u0101nah": [
    10.03876,
    37.03959
  ],
  "Zarzis": [
    11.11216,
    33.50398
  ],
  "Zouila": [
    11.06056,
    35.50056
  ],
  "Z\u0101wiyat al Jad\u012bd\u012b": [
    10.57428,
    36.64375
  ],
  "\u015eaq\u0101nis": [
    10.8,
    35.78333
  ],
  "\u0162\u016bzah": [
    10.82732,
    35.63544
  ]
}
