{
  "Alapi Village": [
    179.1968,
    -8.52074
  ],
  "Asau Village": [
    178.68016,
    -7.49026
  ],
  "Fakaifou Village": [
    179.20094,
    -8.51758
  ],
  "Funafuti": [
    179.19417,
    -8.52425
  ],
  "Kulia Village": [
    177.33393,
    -6.10819
  ],
  "Savave Village": [
    178.31351,
    -8.02731
  ],
  "Tanrake Village": [
    177.14511,
    -7.24562
  ],
  "Toga Village": [
    176.31472,
    -6.28764
  ]
}
