{
  "Banqiao": [
    121.46719,
    25.01427
  ],
  "Buli": [
    120.96952,
    23.96639
  ],
  "Chang-hua": [
    120.56276,
    24.07327
  ],
  "Daxi": [
    121.29043,
    24.88373
  ],
  "Douliu": [
    120.54333,
    23.70944
  ],
  "Fengshan": [
    120.36126,
    22.62659
  ],
  "Fengyuan": [
    120.71694,
    24.25
  ],
  "Hengchun": [
    120.74389,
    22.00417
  ],
  "Hsinchu": [
    120.96861,
    24.80361
  ],
  "Hualian": [
    121.60444,
    23.97694
  ],
  "Jiayi Shi": [
    120.44889,
    23.47917
  ],
  "Jincheng": [
    118.31833,
    24.43667
  ],
  "Kaohsiung": [
    120.31333,
    22.61626
  ],
  "Keelung": [
    121.7419,
    25.12825
  ],
  "Lugu": [
    120.7525,
    23.74639
  ],
  "Ma-kung": [
    119.58627,
    23.5654
  ],
  "Miaoli": [
    120.82367,
    24.56427
  ],
  "Nangan": [
    119.93284,
    26.15039
  ],
  "Nantou": [
    120.66387,
    23.91566
  ],
  "Pingtung": [
    120.48814,
    22.67135
  ],
  "Taibao": [
    120.33222,
    23.45944
  ],
  "Taichung": [
    120.6839,
    24.1469
  ],
  "Tainan": [
    120.21333,
    22.99083
  ],
  "Taipei": [
    121.53185,
    25.04776
  ],
  "Taitung": [
    121.14457,
    22.75991
  ],
  "Taitung City": [
    121.1444,
    22.7583
  ],
  "Taoyuan": [
    121.3187,
    24.9896
  ],
  "Taoyuan City": [
    121.29696,
    24.99368
  ],
  "Xinying": [
    120.31056,
    23.30694
  ],
  "Yilan": [
    121.753,
    24.757
  ],
  "Yujing": [
    120.46138,
    23.12493
  ],
  "Zhongxing New Village": [
    120.68516,
    23.95908
  ],
  "Zhubei": [
    121.00778,
    24.83833
  ]
}
