{
  "Arusha": [
    36.68333,
    -3.36667
  ],
  "Babati": [
    35.75,
    -4.21667
  ],
  "Bagamoyo": [
    38.9,
    -6.43333
  ],
  "Bariadi": [
    33.98333,
    -2.8
  ],
  "Bashanet": [
    35.41667,
    -4.23333
  ],
  "Basotu": [
    35.08333,
    -4.36667
  ],
  "Biharamulo": [
    31.30889,
    -2.63194
  ],
  "Bugarama": [
    30.52806,
    -2.87056
  ],
  "Bugene": [
    31.14028,
    -1.59111
  ],
  "Bukene": [
    32.88333,
    -4.23333
  ],
  "Bukoba": [
    31.81222,
    -1.33167
  ],
  "Bukonyo": [
    32.93333,
    -1.95
  ],
  "Bunda": [
    33.86667,
    -2.05
  ],
  "Bungu": [
    39.05818,
    -7.63369
  ],
  "Buseresere": [
    31.87472,
    -3.02361
  ],
  "Butiama": [
    33.96667,
    -1.76667
  ],
  "Chake Chake": [
    39.76659,
    -5.24586
  ],
  "Chala": [
    31.26667,
    -7.58333
  ],
  "Chalinze": [
    38.35396,
    -6.63784
  ],
  "Chanika": [
    38.01667,
    -5.41667
  ],
  "Chato": [
    31.76694,
    -2.63778
  ],
  "Chimala": [
    34.01667,
    -8.85
  ],
  "Chiungutwa": [
    38.98333,
    -10.88333
  ],
  "Dar es Salaam": [
    39.26951,
    -6.82349
  ],
  "Dareda": [
    35.55,
    -4.21667
  ],
  "Dodoma": [
    35.73947,
    -6.17221
  ],
  "Dongobesh": [
    35.38333,
    -4.06667
  ],
  "Dunda": [
    34.25,
    -8.11667
  ],
  "Endasak": [
    35.51667,
    -4.41667
  ],
  "Galappo": [
    35.85,
    -4.26667
  ],
  "Gamba": [
    39.3,
    -5.9
  ],
  "Geiro": [
    36.86667,
    -6.15
  ],
  "Geita": [
    32.16667,
    -2.86667
  ],
  "Hedaru": [
    37.9,
    -4.5
  ],
  "Ifakara": [
    36.68333,
    -8.13333
  ],
  "Igugunu": [
    34.63333,
    -4.56667
  ],
  "Igunga": [
    33.88333,
    -4.28333
  ],
  "Igurubi": [
    33.7,
    -4
  ],
  "Igurusi": [
    33.85,
    -8.85
  ],
  "Ikungi": [
    34.76667,
    -5.13333
  ],
  "Ikwiriri": [
    38.97164,
    -7.95618
  ],
  "Ilembo": [
    33.38333,
    -9.25
  ],
  "Ilembula": [
    34.58333,
    -8.9
  ],
  "Ilongero": [
    34.86667,
    -4.66667
  ],
  "Ilula": [
    36.03658,
    -7.6766
  ],
  "Inyonga": [
    32.06667,
    -6.71667
  ],
  "Ipinda": [
    33.9,
    -9.48333
  ],
  "Iringa": [
    35.7,
    -7.76667
  ],
  "Isaka": [
    32.93333,
    -3.9
  ],
  "Issenye": [
    34.33333,
    -2
  ],
  "Itigi": [
    34.48333,
    -5.7
  ],
  "Itumba": [
    33.18333,
    -9.4
  ],
  "Izazi": [
    35.73333,
    -7.2
  ],
  "Kabanga": [
    30.46778,
    -2.63861
  ],
  "Kahama": [
    32.6,
    -3.83333
  ],
  "Kakonko": [
    30.96417,
    -3.28278
  ],
  "Kaliua": [
    31.79361,
    -5.06056
  ],
  "Kamachumu": [
    31.62,
    -1.61861
  ],
  "Kandete": [
    33.8,
    -9.15
  ],
  "Karema": [
    30.43887,
    -6.82052
  ],
  "Kasamwa": [
    32.43333,
    -2.85
  ],
  "Kasulu": [
    30.1025,
    -4.57667
  ],
  "Katerero": [
    31.73333,
    -1.4
  ],
  "Katesh": [
    35.3849,
    -4.52483
  ],
  "Katoro": [
    31.50028,
    -1.39972
  ],
  "Katumba": [
    33.61667,
    -9.23333
  ],
  "Kibaha": [
    38.91667,
    -6.76667
  ],
  "Kibakwe": [
    36.36667,
    -6.71667
  ],
  "Kibara": [
    33.45,
    -2.15
  ],
  "Kibaya": [
    36.56667,
    -5.3
  ],
  "Kibiti": [
    38.93749,
    -7.72178
  ],
  "Kibondo": [
    30.72028,
    -3.58639
  ],
  "Kidatu": [
    36.95722,
    -7.69916
  ],
  "Kidodi": [
    37.00438,
    -7.60361
  ],
  "Kigoma": [
    29.62667,
    -4.87694
  ],
  "Kigonsera": [
    35.05,
    -10.8
  ],
  "Kihangara": [
    33.35,
    -2.58333
  ],
  "Kihurio": [
    38.06667,
    -4.46667
  ],
  "Kijini": [
    39.31667,
    -5.85
  ],
  "Kilimatinde": [
    34.95,
    -5.85
  ],
  "Kilindoni": [
    39.66204,
    -7.91446
  ],
  "Kilosa": [
    36.98333,
    -6.83333
  ],
  "Kimamba": [
    37.13333,
    -6.78333
  ],
  "Kingori": [
    36.98333,
    -3.28333
  ],
  "Kintinku": [
    35.23333,
    -5.88333
  ],
  "Kiomboi": [
    34.36667,
    -4.26667
  ],
  "Kirando": [
    30.6,
    -7.41667
  ],
  "Kiratu": [
    35.66667,
    -3.33333
  ],
  "Kirya": [
    37.48333,
    -3.91667
  ],
  "Kisanga": [
    37.70337,
    -7.43622
  ],
  "Kisarawe": [
    39.06667,
    -6.9
  ],
  "Kisesa": [
    34.15,
    -3.08333
  ],
  "Kishapu": [
    33.86667,
    -3.61667
  ],
  "Kisiwani": [
    37.95,
    -4.13333
  ],
  "Kitama": [
    39.73333,
    -10.71667
  ],
  "Kitangari": [
    39.33333,
    -10.65
  ],
  "Kiwengwa": [
    39.3768,
    -5.98957
  ],
  "Kiwira": [
    33.53333,
    -9.16667
  ],
  "Koani": [
    39.28333,
    -6.13333
  ],
  "Koani Ndogo": [
    39.28333,
    -6.13333
  ],
  "Konde": [
    39.75,
    -4.95
  ],
  "Kondoa": [
    35.78333,
    -4.9
  ],
  "Kongwa": [
    36.41667,
    -6.2
  ],
  "Kwakoa": [
    37.71667,
    -3.76667
  ],
  "Kyaka": [
    31.42028,
    -1.25222
  ],
  "Kyela": [
    33.85,
    -9.58333
  ],
  "Laela": [
    32.05,
    -8.56667
  ],
  "Lalago": [
    33.95,
    -3.45
  ],
  "Lembeni": [
    37.61667,
    -3.78333
  ],
  "Lindi": [
    39.71667,
    -10
  ],
  "Liuli": [
    34.63333,
    -11.08333
  ],
  "Liwale": [
    37.93333,
    -9.76667
  ],
  "Longido": [
    36.68333,
    -2.73333
  ],
  "Luchingu": [
    39.33333,
    -10.9
  ],
  "Lugoba": [
    38.33333,
    -6.45
  ],
  "Lukuledi": [
    38.8,
    -10.56667
  ],
  "Lulindi": [
    39.13333,
    -10.81667
  ],
  "Lupiro": [
    36.66667,
    -8.38333
  ],
  "Lushoto": [
    38.28333,
    -4.78333
  ],
  "Mabama": [
    32.53333,
    -5.13333
  ],
  "Mabamba": [
    30.50194,
    -3.59833
  ],
  "Madimba": [
    40.33333,
    -10.4
  ],
  "Mafinga": [
    35.06667,
    -7.25
  ],
  "Magole": [
    37.36667,
    -6.36667
  ],
  "Magomeni": [
    38.11667,
    -5.23333
  ],
  "Magugu": [
    35.76667,
    -4.01667
  ],
  "Mahanje": [
    35.33333,
    -9.93333
  ],
  "Mahenge": [
    36.71667,
    -8.68333
  ],
  "Mahonda": [
    39.46667,
    -6.45
  ],
  "Mahuta": [
    39.45,
    -10.86667
  ],
  "Majengo": [
    38.98333,
    -5.15
  ],
  "Makanya": [
    37.83333,
    -4.36667
  ],
  "Makumbako": [
    34.83333,
    -8.85
  ],
  "Makungu": [
    35.28333,
    -8.73333
  ],
  "Makuyuni": [
    38.1,
    -4.73333
  ],
  "Malampaka": [
    33.53333,
    -3.13333
  ],
  "Malangali": [
    34.85,
    -8.56667
  ],
  "Malinyi": [
    36.13333,
    -8.93333
  ],
  "Malya": [
    33.51667,
    -2.98333
  ],
  "Manda": [
    34.58333,
    -10.46667
  ],
  "Maneromango": [
    38.78478,
    -7.1988
  ],
  "Maposeni": [
    35.4,
    -10.58333
  ],
  "Maramba": [
    38.61667,
    -5.05
  ],
  "Masasi": [
    38.8,
    -10.71667
  ],
  "Masoko": [
    33.75,
    -9.33333
  ],
  "Masuguru": [
    38.41667,
    -11.36667
  ],
  "Masumbwe": [
    32.18333,
    -3.63333
  ],
  "Maswa": [
    33.98333,
    -2.68333
  ],
  "Matai": [
    31.51667,
    -8.3
  ],
  "Matamba": [
    33.96667,
    -8.98333
  ],
  "Matiri": [
    34.9,
    -10.75
  ],
  "Matonga": [
    34.08333,
    -2.38333
  ],
  "Matui": [
    38.25,
    -4.8
  ],
  "Mazinde": [
    38.21667,
    -4.8
  ],
  "Mbamba Bay": [
    34.76667,
    -11.28333
  ],
  "Mbekenyera": [
    38.98333,
    -10
  ],
  "Mbeya": [
    33.45,
    -8.9
  ],
  "Mbinga": [
    35.01667,
    -10.93333
  ],
  "Mbuguni": [
    36.95,
    -3.56667
  ],
  "Mbulu": [
    35.53333,
    -3.85
  ],
  "Mbumi": [
    39.21047,
    -7.90577
  ],
  "Merelani": [
    36.97895,
    -3.56182
  ],
  "Mgandu": [
    34.13333,
    -5.95
  ],
  "Mhango": [
    32.85,
    -3.28333
  ],
  "Micheweni": [
    39.83333,
    -4.96667
  ],
  "Mikumi": [
    36.98309,
    -7.40409
  ],
  "Mingoyo": [
    39.63333,
    -10.1
  ],
  "Misasi": [
    33.08333,
    -3
  ],
  "Misungwi": [
    33.08333,
    -2.85
  ],
  "Mkokotoni": [
    39.25467,
    -5.87671
  ],
  "Mkuranga": [
    39.20782,
    -7.11799
  ],
  "Mlalo": [
    38.93333,
    -4.93333
  ],
  "Mlandizi": [
    38.73333,
    -6.7
  ],
  "Mlangali": [
    34.51667,
    -9.78333
  ],
  "Mlimba": [
    35.81667,
    -8.8
  ],
  "Mlowo": [
    32.98333,
    -9
  ],
  "Monduli": [
    36.45,
    -3.3
  ],