{
  "Acegu\u00e1": [
    -54.2,
    -31.86667
  ],
  "Aguas Corrientes": [
    -56.39361,
    -34.52194
  ],
  "Aigu\u00e1": [
    -54.75,
    -34.2
  ],
  "Artigas": [
    -56.46667,
    -30.4
  ],
  "Atl\u00e1ntida": [
    -55.7584,
    -34.7719
  ],
  "Baltasar Brum": [
    -57.32728,
    -30.71294
  ],
  "Barra de Carrasco": [
    -56.02972,
    -34.87722
  ],
  "Bella Uni\u00f3n": [
    -57.6007,
    -30.27522
  ],
  "Bel\u00e9n": [
    -57.78333,
    -30.78333
  ],
  "Blanquillo": [
    -55.63333,
    -32.76667
  ],
  "Canelones": [
    -56.27778,
    -34.52278
  ],
  "Cardal": [
    -56.38889,
    -34.29056
  ],
  "Cardona": [
    -57.38333,
    -33.88333
  ],
  "Carlos Reyles": [
    -56.48333,
    -33.01667
  ],
  "Carmelo": [
    -58.28556,
    -33.98917
  ],
  "Castillos": [
    -53.83333,
    -34.16667
  ],
  "Casup\u00e1": [
    -55.65,
    -34.03333
  ],
  "Cebollat\u00ed": [
    -53.78333,
    -33.26667
  ],
  "Cerro Colorado": [
    -55.55,
    -33.86667
  ],
  "Chuy": [
    -53.46162,
    -33.69707
  ],
  "Colonia Nicolich": [
    -56.04472,
    -34.81306
  ],
  "Colonia del Sacramento": [
    -57.83976,
    -34.46262
  ],
  "Constituci\u00f3n": [
    -57.83333,
    -31.08333
  ],
  "Curtina": [
    -56.11667,
    -32.15
  ],
  "Delta del Tigre": [
    -56.38528,
    -34.76333
  ],
  "Dieciocho de Julio": [
    -53.55,
    -33.68333
  ],
  "Dolores": [
    -58.21701,
    -33.53009
  ],
  "Durazno": [
    -56.50056,
    -33.41306
  ],
  "Ecilda Paullier": [
    -57.06667,
    -34.36667
  ],
  "Empalme Olmos": [
    -55.9,
    -34.7
  ],
  "Florencio S\u00e1nchez": [
    -57.4,
    -33.88333
  ],
  "Florida": [
    -56.21417,
    -34.09556
  ],
  "Fray Bentos": [
    -58.29556,
    -33.1325
  ],
  "Guich\u00f3n": [
    -57.2,
    -32.35
  ],
  "Isidoro Nobl\u00eda": [
    -54.16667,
    -31.83333
  ],
  "Joanic\u00f3": [
    -56.25278,
    -34.58944
  ],
  "Joaqu\u00edn Su\u00e1rez": [
    -56.03667,
    -34.73361
  ],
  "Jos\u00e9 Batlle y Ord\u00f3\u00f1ez": [
    -55.11667,
    -33.46667
  ],
  "Jos\u00e9 Enrique Rod\u00f3": [
    -57.56667,
    -33.68333
  ],
  "Jos\u00e9 Pedro Varela": [
    -54.53333,
    -33.45
  ],
  "Juan L. Lacaze": [
    -57.41667,
    -34.43333
  ],
  "La Floresta": [
    -55.68141,
    -34.75572
  ],
  "La Paloma": [
    -55.6,
    -32.71667
  ],
  "La Paz": [
    -56.22361,
    -34.76167
  ],
  "Las Piedras": [
    -57.58174,
    -30.26204
  ],
  "Las Toscas": [
    -55.71667,
    -34.73333
  ],
  "Lascano": [
    -54.2,
    -33.66667
  ],
  "Libertad": [
    -56.61917,
    -34.63333
  ],
  "Los Cerrillos": [
    -56.35639,
    -34.605
  ],
  "Maldonado": [
    -54.95,
    -34.9
  ],
  "Mariscala": [
    -54.77732,
    -34.04085
  ],
  "Melo": [
    -54.18333,
    -32.36667
  ],
  "Mercedes": [
    -58.03047,
    -33.2524
  ],
  "Migues": [
    -55.65,
    -34.48333
  ],
  "Minas": [
    -55.23771,
    -34.37589
  ],
  "Minas de Corrales": [
    -55.46667,
    -31.58333
  ],
  "Montes": [
    -55.58333,
    -34.5
  ],
  "Montevideo": [
    -56.18816,
    -34.90328
  ],
  "Nueva Helvecia": [
    -57.23333,
    -34.3
  ],
  "Nueva Palmira": [
    -58.41667,
    -33.88333
  ],
  "Nuevo Berl\u00edn": [
    -58.05,
    -32.98333
  ],
  "Omb\u00faes de Lavalle": [
    -57.78333,
    -33.91667
  ],
  "Pajas Blancas": [
    -56.33417,
    -34.80167
  ],
  "Palmitas": [
    -57.80079,
    -33.50719
  ],
  "Pan de Az\u00facar": [
    -55.23333,
    -34.8
  ],
  "Pando": [
    -55.95,
    -34.71667
  ],
  "Paso de Carrasco": [
    -56.05222,
    -34.86028
  ],
  "Paso de los Toros": [
    -56.51667,
    -32.81667
  ],
  "Paysand\u00fa": [
    -58.07556,
    -32.32139
  ],
  "Piedras Coloradas": [
    -57.6,
    -32.38333
  ],
  "Piri\u00e1polis": [
    -55.27436,
    -34.86819
  ],
  "Porvenir": [
    -57.85,
    -32.36667
  ],
  "Progreso": [
    -56.21944,
    -34.665
  ],
  "Punta del Este": [
    -54.95,
    -34.96667
  ],
  "Puntas de Valdez": [
    -56.69944,
    -34.58389
  ],
  "Quebracho": [
    -57.88333,
    -31.95
  ],
  "Rafael Perazza": [
    -56.79889,
    -34.51972
  ],
  "Rivera": [
    -55.55076,
    -30.90534
  ],
  "Rocha": [
    -54.33333,
    -34.48333
  ],
  "Rodr\u00edguez": [
    -56.54167,
    -34.38278
  ],
  "Rosario": [
    -57.35,
    -34.31667
  ],
  "R\u00edo Branco": [
    -53.38583,
    -32.59802
  ],
  "Salto": [
    -57.96667,
    -31.38333
  ],
  "San Antonio": [
    -56.07917,
    -34.44972
  ],
  "San Bautista": [
    -55.98333,
    -34.43333
  ],
  "San Carlos": [
    -54.91667,
    -34.8
  ],
  "San F\u00e9lix": [
    -58.13333,
    -32.33333
  ],
  "San Jacinto": [
    -55.88333,
    -34.55
  ],
  "San Javier": [
    -58.13333,
    -32.68333
  ],
  "San Jos\u00e9 de Mayo": [
    -56.71361,
    -34.3375
  ],
  "San Ram\u00f3n": [
    -55.96667,
    -34.3
  ],
  "Santa Bernardina": [
    -56.48333,
    -33.36667
  ],
  "Santa Catalina": [
    -57.48333,
    -33.75
  ],
  "Santa Clara de Olimar": [
    -54.96667,
    -32.91667
  ],
  "Santa Luc\u00eda": [
    -56.39056,
    -34.45333
  ],
  "Santa Rosa": [
    -56.03722,
    -34.4975
  ],
  "Santiago V\u00e1zquez": [
    -56.35,
    -34.79028
  ],
  "Sarand\u00ed Grande": [
    -56.33333,
    -33.73333
  ],
  "Sarand\u00ed del Yi": [
    -55.63333,
    -33.35
  ],
  "Sauce": [
    -56.06278,
    -34.64694
  ],
  "Soca": [
    -55.68333,
    -34.68333
  ],
  "Sol\u00eds de Mataojo": [
    -55.48333,
    -34.6
  ],
  "Soriano": [
    -58.31667,
    -33.4
  ],
  "Tacuaremb\u00f3": [
    -55.98333,
    -31.73333
  ],
  "Tala": [
    -55.76667,
    -34.35
  ],
  "Tarariras": [
    -57.61667,
    -34.28333
  ],
  "Toledo": [
    -56.09833,
    -34.74222
  ],
  "Tom\u00e1s Gomensoro": [
    -57.43612,
    -30.42737
  ],
  "Tranqueras": [
    -55.75,
    -31.2
  ],
  "Treinta y Tres": [
    -54.38333,
    -33.23333
  ],
  "Trinidad": [
    -56.88861,
    -33.53889
  ],
  "Tupamba\u00e9": [
    -54.76667,
    -32.83333
  ],
  "Veinticinco de Agosto": [
    -56.40222,
    -34.41167
  ],
  "Veinticinco de Mayo": [
    -56.33944,
    -34.18917
  ],
  "Vel\u00e1zquez": [
    -54.28333,
    -34.03333
  ],
  "Vergara": [
    -53.95,
    -32.93333
  ],
  "Vichadero": [
    -54.71667,
    -31.8
  ],
  "Villa Sara": [
    -54.41667,
    -33.26667
  ],
  "Villa del Carmen": [
    -56.01667,
    -33.25
  ],
  "Young": [
    -57.63333,
    -32.68333
  ]
}
