{
  "Amir Timur": [
    68.94083,
    41.01944
  ],
  "Andijon": [
    72.34424,
    40.78206
  ],
  "Angren": [
    70.14361,
    41.01667
  ],
  "Asaka": [
    72.23868,
    40.64153
  ],
  "Bekobod": [
    69.26972,
    40.22083
  ],
  "Bektemir": [
    69.33417,
    41.20972
  ],
  "Beruniy": [
    60.7525,
    41.69111
  ],
  "Beruniy Shahri": [
    60.75501,
    41.69904
  ],
  "Beshariq": [
    70.61028,
    40.43583
  ],
  "Beshkent": [
    65.65306,
    38.82139
  ],
  "Beshkent Shahri": [
    65.64246,
    38.81107
  ],
  "Beshrabot": [
    65.33528,
    40.19761
  ],
  "Boysun": [
    67.19861,
    38.20611
  ],
  "Bo\u2019ston Shahri": [
    60.94744,
    41.84607
  ],
  "Bukhara": [
    64.42861,
    39.77472
  ],
  "Bulung\u2019ur": [
    67.27139,
    39.76472
  ],
  "B\u016dka": [
    69.19861,
    40.81083
  ],
  "Charxin": [
    66.76861,
    39.69667
  ],
  "Chelak": [
    66.86111,
    39.92028
  ],
  "Chimboy Shahri": [
    59.78199,
    42.92952
  ],
  "Chinoz": [
    68.76972,
    40.93639
  ],
  "Chirchiq": [
    69.58222,
    41.46889
  ],
  "Chiroqchi": [
    66.57222,
    39.03361
  ],
  "Chiroqchi Shahri": [
    66.58084,
    39.02727
  ],
  "Chortoq": [
    71.85527,
    41.06656
  ],
  "Chortoq Shahri": [
    71.81772,
    41.07703
  ],
  "Chust Shahri": [
    71.2287,
    41.00936
  ],
  "Dashtobod": [
    68.49444,
    40.12694
  ],
  "Daxbet": [
    66.9125,
    39.76389
  ],
  "Denov": [
    67.9,
    38.26667
  ],
  "D\u016dstlik": [
    68.03583,
    40.52472
  ],
  "Fergana": [
    71.78432,
    40.38421
  ],
  "Gagarin": [
    68.17222,
    40.66194
  ],
  "Galaosiyo": [
    64.44833,
    39.85778
  ],
  "Gazli": [
    63.45,
    40.13333
  ],
  "Ghijduwon": [
    64.68333,
    40.1
  ],
  "Guliston": [
    68.78417,
    40.48972
  ],
  "Gurlan": [
    60.39194,
    41.84472
  ],
  "G\u2018azalkent": [
    69.77083,
    41.55806
  ],
  "G\u2018uzor Shahri": [
    66.24515,
    38.62596
  ],
  "G\u2019uzor": [
    66.24806,
    38.62083
  ],
  "Hamza": [
    71.49556,
    40.42639
  ],
  "Haqqulobod": [
    72.11667,
    40.91667
  ],
  "Haqqulobod Shahri": [
    72.12058,
    40.91634
  ],
  "Hazorasp": [
    61.07417,
    41.31944
  ],
  "Ishtixon": [
    66.48611,
    39.96639
  ],
  "Iskandar": [
    69.70083,
    41.55389
  ],
  "Jizzax": [
    67.84222,
    40.11583
  ],
  "Jomboy": [
    67.09333,
    39.69889
  ],
  "Juma": [
    66.66417,
    39.71611
  ],
  "Karakul\u2019": [
    63.83333,
    39.53333
  ],
  "Karmana Shahri": [
    65.37545,
    40.13782
  ],
  "Kattaqo\u2019rg\u2019on": [
    66.25611,
    39.89889
  ],
  "Kegeyli Shahar": [
    59.60778,
    42.77667
  ],
  "Khiwa": [
    60.36389,
    41.37833
  ],
  "Kh\u016djaobod": [
    72.56002,
    40.66886
  ],
  "Kh\u016djayli": [
    59.46005,
    42.40043
  ],
  "Kirgili": [
    71.76722,
    40.43583
  ],
  "Kitob": [
    66.83318,
    39.08425
  ],
  "Kitob Shahri": [
    66.8757,
    39.12251
  ],
  "Kogon": [
    64.55167,
    39.72278
  ],
  "Komsomol\u2019skiy": [
    71.71889,
    40.42722
  ],
  "Konimex": [
    65.14511,
    40.27593
  ],
  "Koson": [
    65.585,
    39.0375
  ],
  "Koson Shahri": [
    65.59082,
    39.04472
  ],
  "Kosonsoy": [
    71.55083,
    41.25611
  ],
  "Kosonsoy Shahri": [
    71.54239,
    41.26327
  ],
  "Kyzyldzhar": [
    70.01667,
    41.56667
  ],
  "Manghit": [
    60.05972,
    42.11556
  ],
  "Mang\u2019it Shahri": [
    60.06276,
    42.12215
  ],
  "Marg\u2018ilon": [
    71.72472,
    40.47111
  ],
  "Marhamat": [
    72.31388,
    40.48048
  ],
  "Mo\u2019ynoq Shahri": [
    59.03039,
    43.77877
  ],
  "Muborak": [
    65.15278,
    39.25528
  ],
  "Muborak Shahri": [
    65.15674,
    39.25778
  ],
  "Mug\u2019lon Shahar": [
    65.41217,
    38.91878
  ],
  "M\u016dynoq": [
    59.02139,
    43.76833
  ],
  "Namangan": [
    71.67257,
    40.9983
  ],
  "Namangan Shahri": [
    71.66092,
    40.99426
  ],
  "Navoiy": [
    65.37917,
    40.08444
  ],
  "Navoiy Shahri": [
    65.3712,
    40.09294
  ],
  "Nishon Tumani": [
    65.67512,
    38.69395
  ],
  "Novyy Turtkul\u2019": [
    61.01667,
    41.55
  ],
  "Nukus": [
    59.61028,
    42.45306
  ],
  "Nurota": [
    65.68861,
    40.56139
  ],
  "Nurota Shahri": [
    65.67947,
    40.56762
  ],
  "Ohangaron": [
    69.63833,
    40.90639
  ],
  "Olmaliq": [
    69.59833,
    40.84472
  ],
  "Olot": [
    63.80333,
    39.415
  ],
  "Oltiariq": [
    71.47417,
    40.39194
  ],
  "Oltinko\u2019l": [
    58.90372,
    43.06874
  ],
  "Oqmang\u2019it": [
    59.53444,
    42.59889
  ],
  "Oqtosh": [
    65.92528,
    39.92139
  ],
  "Parkent": [
    69.67639,
    41.29444
  ],
  "Paxtakor": [
    67.95444,
    40.31528
  ],
  "Payshanba": [
    66.23694,
    40.00778
  ],
  "Piskent": [
    69.35056,
    40.89722
  ],
  "Pop": [
    71.10889,
    40.87361
  ],
  "Pop Shahri": [
    71.1022,
    40.87642
  ],
  "Qamashi Shahri": [
    66.46441,
    38.81998
  ],
  "Qanliko\u2019l": [
    59.00093,
    42.8395
  ],
  "Qarshi": [
    65.78905,
    38.86056
  ],
  "Qibray": [
    69.465,
    41.38972
  ],
  "Qiziltepa": [
    64.85,
    40.03306
  ],
  "Qiziltepa Shahri": [
    64.82885,
    40.0254
  ],
  "Qorao\u2019zak": [
    60.01701,
    43.02207
  ],
  "Qorashina": [
    66.56342,
    38.34185
  ],
  "Qorovulbozor": [
    64.79361,
    39.50056
  ],
  "Qorovulbozor Shahri": [
    64.81142,
    39.50308
  ],
  "Qozonketkan": [
    59.36425,
    43.01907
  ],
  "Qo\u2018qon": [
    70.9425,
    40.52861
  ],
  "Qo\u2019ng\u2019irot Shahri": [
    58.84596,
    43.05207
  ],
  "Quva": [
    72.07292,
    40.52204
  ],
  "Quvasoy": [
    71.97444,
    40.30222
  ],
  "Q\u016drghontepa": [
    72.76177,
    40.73192
  ],
  "Q\u016dshk\u016dpir": [
    60.34556,
    41.535
  ],
  "Romiton": [
    64.37944,
    39.92944
  ],
  "Salor": [
    69.38167,
    41.37222
  ],
  "Samarqand": [
    66.95972,
    39.65417
  ],
  "Shahrisabz": [
    66.83417,
    39.05778
  ],
  "Shahrisabz Shahri": [
    66.82083,
    39.05206
  ],
  "Shofirkon": [
    64.50139,
    40.12
  ],
  "Shohimardon": [
    71.80512,
    39.98322
  ],
  "Showot": [
    60.3025,
    41.65583
  ],
  "Sho\u2019rchi": [
    67.7875,
    37.99944
  ],
  "Shumanay Shahri": [
    58.9306,
    42.63433
  ],
  "Sirdaryo": [
    68.66167,
    40.84361
  ],
  "Tashkent": [
    69.21627,
    41.26465
  ],
  "Taxtako\u2019pir": [
    60.30111,
    43.01171
  ],
  "Tirmiz": [
    67.27833,
    37.22417
  ],
  "Tomdibuloq": [
    64.61711,
    41.7508
  ],
  "Toshbuloq": [
    71.57214,
    40.92339
  ],
  "Toshloq": [
    71.76778,
    40.47722
  ],
  "To\u2019rtko\u2019l Shahri": [
    61.0018,
    41.56055
  ],
  "T\u016drag\u016drghon": [
    71.51162,
    40.99984
  ],
  "T\u016drag\u016drghon Shahri": [
    71.51056,
    41.00334
  ],
  "T\u016dytepa": [
    69.36253,
    41.0321
  ],
  "Uchquduq Shahri": [
    63.55221,
    42.15001
  ],
  "Uchq\u016drghon Shahri": [
    72.07915,
    41.11371
  ],
  "Urganch": [
    60.63333,
    41.55
  ],
  "Urgut": [
    67.24306,
    39.40222
  ],
  "Uychi": [
    71.92331,
    41.08073
  ],
  "Wobkent": [
    64.515,
    40.03028
  ],
  "Xo\u2019jayli Shahri": [
    59.44544,
    42.40881
  ],
  "Yakkabog\u2019 Shahri": [
    66.68867,
    38.97664
  ],
  "Yangi Mirishkor": [
    65.27789,
    38.85143
  ],
  "Yangi-Nishon Shahri": [
    65.68952,
    38.64501
  ],
  "Yangiobod": [
    70.09406,
    41.11919
  ],
  "Yangiqo\u2018rg\u2018on": [
    71.73333,
    41.18722
  ],
  "Yangirabot": [
    65.96095,
    40.02539
  ],
  "Yangiyer": [
    68.8225,
    40.275
  ],
  "Yangiy\u016dl": [
    69.0471,
    41.11202
  ],
  "Yaypan": [
    70.81556,
    40.37583
  ],
  "Zafar": [
    68.9,
    40.98333
  ],
  "Zomin": [
    68.39583,
    39.96056
  ],
  "\u016crtaowul": [
    69.14528,
    41.18667
  ]
}
