{
  "Barrouallie": [
    -61.26667,
    13.23333
  ],
  "Biabou": [
    -61.13333,
    13.2
  ],
  "Byera Village": [
    -61.11667,
    13.25
  ],
  "Chateaubelair": [
    -61.25,
    13.28333
  ],
  "Georgetown": [
    -61.1302,
    13.2879
  ],
  "Kingstown": [
    -61.22475,
    13.15872
  ],
  "Kingstown Park": [
    -61.235,
    13.15833
  ],
  "Layou": [
    -61.26667,
    13.2
  ],
  "Port Elizabeth": [
    -61.23333,
    13.01667
  ]
}
