{
  "Abejales": [
    -71.51017,
    7.62241
  ],
  "Acarigua": [
    -69.19564,
    9.55451
  ],
  "Agua Blanca": [
    -69.10752,
    9.66146
  ],
  "Aguasay": [
    -63.73077,
    9.42489
  ],
  "Altagracia de Orituco": [
    -66.38139,
    9.86005
  ],
  "Altamira": [
    -70.50244,
    8.82359
  ],
  "Alto Barinas": [
    -70.2261,
    8.5931
  ],
  "Anaco": [
    -64.47278,
    9.43889
  ],
  "Aragua de Barcelona": [
    -64.82928,
    9.45588
  ],
  "Arapuey": [
    -70.95248,
    9.25934
  ],
  "Arauquita": [
    -69.65722,
    8.70833
  ],
  "Araure": [
    -69.21475,
    9.56009
  ],
  "Araya": [
    -64.25826,
    10.57973
  ],
  "Aricagua": [
    -71.13705,
    8.22343
  ],
  "Arismendi": [
    -68.36996,
    8.47974
  ],
  "Aroa": [
    -68.89417,
    10.43861
  ],
  "Bachaquero": [
    -71.12377,
    9.96209
  ],
  "Bailadores": [
    -71.82805,
    8.25264
  ],
  "Barbacoas": [
    -66.97458,
    9.47855
  ],
  "Barcelona": [
    -64.7,
    10.13333
  ],
  "Barinas": [
    -70.20749,
    8.62261
  ],
  "Barinitas": [
    -70.41111,
    8.76222
  ],
  "Barquisimeto": [
    -69.32278,
    10.07389
  ],
  "Barrancas": [
    -70.1122,
    8.76868
  ],
  "Baruta": [
    -66.87662,
    10.43398
  ],
  "Bejuma": [
    -68.25887,
    10.17309
  ],
  "Betijoque": [
    -70.73131,
    9.37568
  ],
  "Biruaca": [
    -67.51679,
    7.84483
  ],
  "Biscucuy": [
    -69.9839,
    9.35944
  ],
  "Boca de Uchire": [
    -65.42115,
    10.13152
  ],
  "Boca del R\u00edo": [
    -64.1805,
    10.96757
  ],
  "Bocono\u00edto": [
    -69.98032,
    8.84659
  ],
  "Bocon\u00f3": [
    -70.26938,
    9.24426
  ],
  "Boraure": [
    -68.7695,
    10.24933
  ],
  "Bruzual": [
    -69.33257,
    8.05052
  ],
  "Bum Bum": [
    -70.76664,
    8.27664
  ],
  "Cabimas": [
    -71.43992,
    10.38828
  ],
  "Cabudare": [
    -69.08944,
    10.02889
  ],
  "Cabure": [
    -69.60889,
    11.15
  ],
  "Cagua": [
    -67.45935,
    10.18634
  ],
  "Caicara": [
    -63.61331,
    9.81754
  ],
  "Calabozo": [
    -67.42929,
    8.92416
  ],
  "Calderas": [
    -70.44745,
    8.91426
  ],
  "Camagu\u00e1n": [
    -67.60724,
    8.10655
  ],
  "Camatagua": [
    -66.90619,
    9.78762
  ],
  "Campo El\u00edas": [
    -70.06035,
    9.39347
  ],
  "Cantaura": [
    -64.35841,
    9.30571
  ],
  "Capacho Nuevo": [
    -72.309,
    7.82409
  ],
  "Capacho Viejo": [
    -72.31907,
    7.82853
  ],
  "Capat\u00e1rida": [
    -70.61898,
    11.1748
  ],
  "Capitanejo": [
    -71.00458,
    8.01171
  ],
  "Caraballeda": [
    -66.85215,
    10.61119
  ],
  "Caracas": [
    -66.87919,
    10.48801
  ],
  "Carache": [
    -70.22855,
    9.62872
  ],
  "Caramuca": [
    -70.32056,
    8.59708
  ],
  "Cariaco": [
    -63.55399,
    10.49573
  ],
  "Caricuao": [
    -66.98313,
    10.43337
  ],
  "Caripito": [
    -63.09633,
    10.11026
  ],
  "Carora": [
    -70.08274,
    10.17554
  ],
  "Carrizal": [
    -66.98632,
    10.34985
  ],
  "Car\u00fapano": [
    -63.25849,
    10.66781
  ],
  "Casanay": [
    -63.41553,
    10.50368
  ],
  "Casigua El Cubo": [
    -72.51967,
    8.74493
  ],
  "Catia La Mar": [
    -67.03034,
    10.60383
  ],
  "Caucagua": [
    -66.37591,
    10.2831
  ],
  "Caucaguita": [
    -66.80252,
    10.35782
  ],
  "Caucag\u00fcito": [
    -66.73799,
    10.48666
  ],
  "Chacao": [
    -66.85347,
    10.49598
  ],
  "Chaguaramas": [
    -66.25255,
    9.33855
  ],
  "Chameta": [
    -70.90671,
    8.10024
  ],
  "Charallave": [
    -66.85723,
    10.24247
  ],
  "Chejend\u00e9": [
    -70.35696,
    9.61892
  ],
  "Chichiriviche": [
    -68.27716,
    10.9333
  ],
  "Chivacoa": [
    -68.895,
    10.16028
  ],
  "Churuguara": [
    -69.53782,
    10.8137
  ],
  "Ciudad Bolivia": [
    -70.57121,
    8.35304
  ],
  "Ciudad Bol\u00edvar": [
    -63.54086,
    8.12923
  ],
  "Ciudad De Nutrias": [
    -69.30798,
    8.09536
  ],
  "Ciudad Guayana": [
    -62.64102,
    8.35122
  ],
  "Ciudad Ojeda": [
    -71.30818,
    10.19635
  ],
  "Clarines": [
    -65.16517,
    9.93991
  ],
  "Cocorote": [
    -68.78386,
    10.31978
  ],
  "Cojedes": [
    -68.91805,
    9.62232
  ],
  "Coloncito": [
    -72.08951,
    8.32563
  ],
  "Concepci\u00f3n": [
    -71.76667,
    10.8
  ],
  "Cordero": [
    -72.18075,
    7.85591
  ],
  "Coro": [
    -69.67344,
    11.4045
  ],
  "Cumanacoa": [
    -63.91918,
    10.25013
  ],
  "Cuman\u00e1": [
    -64.1775,
    10.46354
  ],
  "Curbat\u00ed": [
    -70.55441,
    8.45443
  ],
  "Curiapo": [
    -60.99755,
    8.58094
  ],
  "C\u00faa": [
    -66.88575,
    10.15892
  ],
  "C\u00fapira": [
    -65.70013,
    10.16128
  ],
  "Dabajuro": [
    -70.67769,
    11.02273
  ],
  "Delicias": [
    -72.44754,
    7.56505
  ],
  "Dolores": [
    -69.56633,
    8.28623
  ],
  "Duaca": [
    -69.16227,
    10.28586
  ],
  "Ejido": [
    -71.24087,
    8.54665
  ],
  "El Ba\u00fal": [
    -68.29554,
    8.96216
  ],
  "El Cafetal": [
    -66.83063,
    10.46941
  ],
  "El Cant\u00f3n": [
    -71.2956,
    7.47729
  ],
  "El Chaparro": [
    -65.01688,
    9.15177
  ],
  "El Cobre": [
    -72.05551,
    8.03566
  ],
  "El Consejo": [
    -67.2714,
    10.23717
  ],
  "El Corozo": [
    -70.35778,
    8.5675
  ],
  "El Dividive": [
    -70.73385,
    9.47447
  ],
  "El Hatillo": [
    -66.8161,
    10.42994
  ],
  "El Lim\u00f3n": [
    -67.63212,
    10.30589
  ],
  "El Palmer": [
    -61.88333,
    8.03333
  ],
  "El Pao": [
    -68.12884,
    9.63752
  ],
  "El Paradero": [
    -70.61544,
    9.77233
  ],
  "El Pilar": [
    -63.15,
    10.53333
  ],
  "El Play\u00f3n": [
    -69.04914,
    9.09857
  ],
  "El Real": [
    -69.99633,
    8.43525
  ],
  "El Regalo": [
    -69.1767,
    8.43455
  ],
  "El Socorro": [
    -65.74247,
    8.99352
  ],
  "El Sombrero": [
    -67.05818,
    9.3863
  ],
  "El Tigre": [
    -64.24544,
    8.88752
  ],
  "El Tocuyo": [
    -69.7937,
    9.78734
  ],
  "El Toro": [
    -71.64843,
    10.95423
  ],
  "El Valle del Esp\u00edritu Santo": [
    -63.8831,
    10.98283
  ],
  "El Vig\u00eda": [
    -71.65284,
    8.61366
  ],
  "Elorza": [
    -69.49765,
    7.06088
  ],
  "Encontrados": [
    -72.23413,
    9.06085
  ],
  "Farriar": [
    -68.55857,
    10.46967
  ],
  "Guacara": [
    -67.877,
    10.22609
  ],
  "Guadarrama": [
    -68.04923,
    8.53508
  ],
  "Guama": [
    -68.82131,
    10.27032
  ],
  "Guanare": [
    -69.74206,
    9.04183
  ],
  "Guanarito": [
    -69.20832,
    8.69625
  ],
  "Guanta": [
    -64.59552,
    10.23448
  ],
  "Guaraque": [
    -71.73563,
    8.15347
  ],
  "Guarenas": [
    -66.60663,
    10.46736
  ],
  "Guasdualito": [
    -70.73236,
    7.24241
  ],
  "Guasipati": [
    -61.89666,
    7.47702
  ],
  "Guatire": [
    -66.54266,
    10.4762
  ],
  "Guayabal": [
    -67.39732,
    8.00077
  ],
  "G\u00fcig\u00fce": [
    -67.77917,
    10.08528
  ],
  "G\u00fciria": [
    -62.29772,
    10.57806
  ],
  "Higuerote": [
    -66.10083,
    10.48106
  ],
  "Independencia": [
    -68.75512,
    10.33432
  ],
  "Irapa": [
    -62.58102,
    10.56968
  ],
  "Jacura": [
    -68.85604,
    11.07417
  ],
  "Juan Griego": [
    -63.96549,
    11.08172
  ],
  "La Asunci\u00f3n": [
    -63.86278,
    11.03333
  ],
  "La Azulita": [
    -71.44417,
    8.71314
  ],
  "La Concepci\u00f3n": [
    -71.83814,
    10.61919
  ],
  "La Cruz de Taratara": [
    -69.7131,
    11.06396
  ],
  "La Dolorita": [
    -66.78608,
    10.4883
  ],
  "La Esmeralda": [
    -65.55,
    3.16667
  ],
  "La Fr\u00eda": [
    -72.2439,
    8.22027
  ],
  "La Grita": [
    -71.98337,
    8.13219
  ],
  "La Guaira": [
    -66.9346,
    10.59901
  ],
  "La Luz": [
    -69.82358,
    8.39419
  ],
  "La Mula": [
    -70.37524,
    8.57084
  ],
  "La Plata": [
    -71.2721,
    10.32025
  ],
  "La Plaza Paraguachi": [
    -63.85537,
    11.10783
  ],
  "La Quebrada": [
    -70.57604,
    9.15462
  ],
  "La Tendida": [
    -71.83166,
    8.50757
  ],
  "La Uni\u00f3n": [
    -67.76653,
    8.21573
  ],