{
  "Alo": [
    -178.11094,
    -14.31096
  ],
  "Mata-Utu": [
    -176.17453,
    -13.28163
  ],
  "Sigav\u00e9": [
    -178.16551,
    -14.29034
  ]
}
