{
  "Afenga": [
    -171.85308,
    -13.79726
  ],
  "Apia": [
    -171.76666,
    -13.83333
  ],
  "Asau": [
    -172.63784,
    -13.51963
  ],
  "A\u2019opo": [
    -172.51931,
    -13.53975
  ],
  "Falefa": [
    -171.58805,
    -13.88695
  ],
  "Faleula": [
    -171.83126,
    -13.79456
  ],
  "Fasito\u2018outa": [
    -171.94063,
    -13.81163
  ],
  "Gataivai": [
    -172.38802,
    -13.7736
  ],
  "Leulumoega": [
    -171.96127,
    -13.82298
  ],
  "Lotofag\u0101": [
    -171.85781,
    -13.97643
  ],
  "Lufilufi": [
    -171.59857,
    -13.87449
  ],
  "Malie": [
    -171.8469,
    -13.80044
  ],
  "Matavai": [
    -171.64768,
    -14.03208
  ],
  "Mulifanua": [
    -172.03602,
    -13.83183
  ],
  "Nofoali\u2018i": [
    -171.95873,
    -13.8217
  ],
  "Safotu": [
    -172.40176,
    -13.45132
  ],
  "Safotulafai": [
    -172.17768,
    -13.67147
  ],
  "Samamea": [
    -171.53122,
    -13.93375
  ],
  "Satapuala": [
    -171.97963,
    -13.83535
  ],
  "Siusega": [
    -171.81397,
    -13.84432
  ],
  "Solosolo": [
    -171.64181,
    -13.87504
  ],
  "Vailoa": [
    -172.30698,
    -13.75551
  ],
  "Vaiusu": [
    -171.79332,
    -13.82678
  ]
}
