{
  "Budakovo": [
    20.925,
    42.355
  ],
  "De\u00e7an": [
    20.28793,
    42.54018
  ],
  "Dragash": [
    20.65333,
    42.0265
  ],
  "Dranoc": [
    20.29222,
    42.51556
  ],
  "Dubova (Driloni)": [
    20.36972,
    42.71194
  ],
  "Ferizaj": [
    21.15528,
    42.37056
  ],
  "Gjakov\u00eb": [
    20.43083,
    42.38028
  ],
  "Gjilan": [
    21.46986,
    42.46045
  ],
  "Gjinoc": [
    20.81861,
    42.31833
  ],
  "Glanica": [
    21.06336,
    42.54933
  ],
  "Gllogjan": [
    20.36278,
    42.50722
  ],
  "Glogovac": [
    20.89389,
    42.62833
  ],
  "Hani i Elezit": [
    21.29667,
    42.15
  ],
  "Irzniq": [
    20.34722,
    42.52
  ],
  "Isniq": [
    20.30278,
    42.5575
  ],
  "Istok": [
    20.4875,
    42.78083
  ],
  "Junik": [
    20.27722,
    42.47583
  ],
  "Kamenica": [
    21.58028,
    42.57806
  ],
  "Ka\u010danik": [
    21.25944,
    42.23194
  ],
  "Klina": [
    20.57778,
    42.62167
  ],
  "Klokot": [
    21.37444,
    42.37139
  ],
  "Kosovo Polje": [
    21.09611,
    42.66394
  ],
  "Kosuriq": [
    20.46472,
    42.57028
  ],
  "Leposaviq": [
    20.80278,
    43.10389
  ],
  "Leshan": [
    20.78111,
    42.32778
  ],
  "Lipljan": [
    21.12583,
    42.52167
  ],
  "Llazic\u00eb": [
    20.76333,
    42.55528
  ],
  "Lloqan": [
    20.28083,
    42.52444
  ],
  "Lluka e Eperme": [
    20.30778,
    42.545
  ],
  "Lumbardhi": [
    20.34667,
    42.54667
  ],
  "L\u00ebbush\u00eb": [
    20.29083,
    42.56306
  ],
  "Mali\u0161evo": [
    20.74583,
    42.48222
  ],
  "Mamu\u0161a": [
    20.72694,
    42.33083
  ],
  "Mitrovic\u00eb": [
    20.86667,
    42.88333
  ],
  "Nishor": [
    20.80167,
    42.42389
  ],
  "Novo Brdo": [
    21.43405,
    42.6159
  ],
  "Obiliq": [
    21.07028,
    42.68694
  ],
  "Orahovac": [
    20.65472,
    42.39944
  ],
  "Pagaru\u0161a": [
    20.74222,
    42.42
  ],
  "Papraqan": [
    20.33111,
    42.55278
  ],
  "Partesh": [
    21.43361,
    42.40194
  ],
  "Pej\u00eb": [
    20.28828,
    42.65913
  ],
  "Peqan": [
    20.82194,
    42.38361
  ],
  "Podujeva": [
    21.19306,
    42.91056
  ],
  "Prilep": [
    20.31778,
    42.5075
  ],
  "Pristina": [
    21.16688,
    42.67272
  ],
  "Prizren": [
    20.73972,
    42.21389
  ],
  "Ranilug": [
    21.59889,
    42.49222
  ],
  "Shtime": [
    21.03972,
    42.43306
  ],
  "Srbica": [
    20.78861,
    42.74667
  ],
  "Strellc i Ep\u00ebrm": [
    20.29398,
    42.57843
  ],
  "Strellc i Ul\u00ebt": [
    20.31619,
    42.58063
  ],
  "Suva Reka": [
    20.825,
    42.35861
  ],
  "Vitina": [
    21.35833,
    42.32139
  ],
  "Vushtrri": [
    20.9675,
    42.82306
  ],
  "Zubin Potok": [
    20.68972,
    42.91444
  ],
  "Zve\u010dan": [
    20.84028,
    42.9075
  ],
  "\u0160trpce": [
    21.02722,
    42.23944
  ]
}
