{
  "Ad Dann": [
    43.85275,
    14.3518
  ],
  "Ad Dimnah": [
    44.18168,
    13.45398
  ],
  "Ad Durayhim\u012b": [
    43.05505,
    14.63702
  ],
  "Ad D\u012bs ash Sharq\u012byah": [
    49.94778,
    14.90806
  ],
  "Aden": [
    45.03667,
    12.77944
  ],
  "Al Aq\u0163a\u2018": [
    45.35123,
    14.66217
  ],
  "Al A\u1e29ad": [
    43.64167,
    14.25833
  ],
  "Al Bay\u1e11\u0101\u2019": [
    45.57272,
    13.98523
  ],
  "Al Bil\u0101d": [
    49.29167,
    16.13806
  ],
  "Al Burayqah": [
    44.88417,
    12.73944
  ],
  "Al B\u0101\u0163inah": [
    48.43333,
    15.48333
  ],
  "Al Ghayl": [
    44.68005,
    16.10774
  ],
  "Al Ghaylah": [
    45.58333,
    14.59583
  ],
  "Al Ghayz\u0327ah": [
    52.17605,
    16.20787
  ],
  "Al Hijrah": [
    43.38718,
    17.29788
  ],
  "Al Jab\u012bn": [
    43.59904,
    14.70401
  ],
  "Al Jam\u012bmah": [
    43.59647,
    16.01787
  ],
  "Al Jarr\u0101\u1e29\u012b": [
    43.38845,
    14.13254
  ],
  "Al Jawl": [
    48.28066,
    14.45625
  ],
  "Al Jum\u2018ah": [
    43.96489,
    14.73779
  ],
  "Al Jurbah": [
    45.15894,
    13.7915
  ],
  "Al Kham\u012bs": [
    43.51122,
    15.18533
  ],
  "Al Khar\u0101b": [
    43.33888,
    16.99129
  ],
  "Al Khawkhah": [
    43.2493,
    13.8071
  ],
  "Al Khir\u0101b": [
    44.29048,
    16.5544
  ],
  "Al Kh\u0101niq": [
    44.18158,
    15.50253
  ],
  "Al Lu\u1e29ayyah": [
    42.69093,
    15.70309
  ],
  "Al Mad\u0101n": [
    43.64383,
    16.22413
  ],
  "Al Mad\u012bd": [
    44.47337,
    15.64453
  ],
  "Al Maghrabah": [
    43.66667,
    15.87722
  ],
  "Al Makh\u0101dir": [
    44.19796,
    14.12224
  ],
  "Al Mal\u0101\u1e29\u012b\u0163": [
    43.27582,
    16.76848
  ],
  "Al Man\u015f\u016brah": [
    44.98166,
    12.86019
  ],
  "Al Man\u015f\u016br\u012byah": [
    43.29922,
    14.6856
  ],
  "Al Mar\u0101wi\u2018ah": [
    43.15391,
    14.83069
  ],
  "Al Mash\u0101f": [
    43.19781,
    16.85836
  ],
  "Al Mat\u016bn": [
    44.58476,
    16.23063
  ],
  "Al Mayfa\u2019ah": [
    44.54866,
    14.46392
  ],
  "Al Ma\u015fl\u016bb": [
    44.62613,
    16.18271
  ],
  "Al Ma\u1e29fid": [
    46.91328,
    14.05847
  ],
  "Al Ma\u1e29jal": [
    44.84769,
    16.71169
  ],
  "Al Ma\u1e29w\u012bt": [
    43.54481,
    15.47007
  ],
  "Al Ma\u1e29\u0101bishah": [
    43.43587,
    15.94758
  ],
  "Al Ma\u2018all\u0101\u2019": [
    45.00244,
    12.78987
  ],
  "Al Mift\u0101\u1e29": [
    43.46381,
    15.97431
  ],
  "Al Mighl\u0101f": [
    43.18914,
    15.2871
  ],
  "Al Mil\u0101\u1e29": [
    44.82556,
    13.42611
  ],
  "Al Mirw\u0101\u1e29": [
    43.42947,
    15.47171
  ],
  "Al Misr\u0101kh": [
    44.02043,
    13.46059
  ],
  "Al Mukall\u0101": [
    49.12424,
    14.54248
  ],
  "Al Mun\u012brah": [
    42.92936,
    15.32024
  ],
  "Al Musaym\u012br": [
    44.61528,
    13.44389
  ],
  "Al M\u0101f\u016bd": [
    47.25217,
    15.34264
  ],
  "Al Nashmah": [
    43.96833,
    13.39028
  ],
  "Al Qaflah": [
    43.76792,
    16.31897
  ],
  "Al Qan\u0101wi\u015f": [
    43.13433,
    15.49277
  ],
  "Al Qa\u0163n": [
    48.45556,
    15.84056
  ],
  "Al Quraysh\u012byah": [
    44.85358,
    14.5122
  ],
  "Al Qur\u1e29": [
    51.48333,
    16.73333
  ],
  "Al Shir\u016bj": [
    47.76926,
    14.68526
  ],
  "Al Tu\u1e29ayt\u0101\u2019": [
    43.22637,
    14.18356
  ],
  "Al Wuday\u2018": [
    46.01786,
    13.7721
  ],
  "Al \u1e28ab\u012blayn": [
    44.85076,
    13.52002
  ],
  "Al \u1e28ad\u012byah": [
    43.57045,
    14.52638
  ],
  "Al \u1e28ajab": [
    45.52904,
    14.85192
  ],
  "Al \u1e28amd\u012b": [
    48.77965,
    15.94727
  ],
  "Al \u1e28arajah": [
    44.66535,
    15.48818
  ],
  "Al \u1e28arf": [
    44.09421,
    16.36395
  ],
  "Al \u1e28ashwah": [
    44.27622,
    16.90641
  ],
  "Al \u1e28ayfah": [
    44.23788,
    15.73494
  ],
  "Al \u1e28azm": [
    45.60962,
    14.68919
  ],
  "Al \u1e28udaydah": [
    42.95452,
    14.79781
  ],
  "Al \u1e28umayd\u0101t": [
    44.43028,
    16.48566
  ],
  "Al \u1e28usayn": [
    44.76886,
    13.79199
  ],
  "Al \u1e28u\u015f\u016bn": [
    45.36691,
    15.4739
  ],
  "Al \u2018Abr": [
    47.23333,
    16.13333
  ],
  "Al \u2018Am\u016bd": [
    45.20676,
    14.72103
  ],
  "Al \u2018An\u0101n": [
    44.31252,
    16.72188
  ],
  "Al \u2018Aqabah": [
    44.78699,
    14.27179
  ],
  "Al \u2018Ashshah": [
    43.85476,
    16.25652
  ],
  "Al \u2018Aw\u0101bil": [
    44.86431,
    13.83754
  ],
  "Al \u2018Ayn": [
    44.09208,
    13.33005
  ],
  "Al \u2018Udayn": [
    43.99673,
    13.96918
  ],
  "Al \u2018Ulayb": [
    49.07325,
    15.14747
  ],
  "Al \u2018Urr": [
    43.88836,
    15.24648
  ],
  "Al \u2018\u0100qir": [
    45.91156,
    14.56816
  ],
  "An Najd": [
    45.29596,
    14.42152
  ],
  "An Naz\u0327\u012br": [
    43.26226,
    16.90916
  ],
  "An N\u0101dirah": [
    44.47559,
    14.09628
  ],
  "An N\u0101\u015firah": [
    43.80902,
    15.77277
  ],
  "Ar Ram\u0101d\u012b": [
    43.78457,
    13.95641
  ],
  "Ar Rawnah": [
    43.80286,
    13.75638
  ],
  "Ar Raw\u1e11": [
    44.81012,
    16.06145
  ],
  "Ar Raw\u1e11ah": [
    47.27638,
    14.46725
  ],
  "Ar Raydah": [
    50.47917,
    15.035
  ],
  "Ar Ra\u1e11mah": [
    44.58657,
    14.21973
  ],
  "Ar Ra\u1e11\u0101\u2018\u012b": [
    44.39299,
    14.01708
  ],
  "Ar Rub\u016b\u2018": [
    43.86901,
    13.78024
  ],
  "Ar Rujum": [
    43.63226,
    15.45776
  ],
  "As Saddah": [
    44.42139,
    14.1221
  ],
  "As Sal\u0101sil": [
    48.83153,
    16.47959
  ],
  "As Saw\u0101d\u012byah": [
    45.22148,
    14.30113
  ],
  "As Sayy\u0101n\u012b": [
    44.17395,
    13.84266
  ],
  "As Sukhnah": [
    43.4362,
    14.79408
  ],
  "As Suwayd\u0101": [
    45.2304,
    13.78694
  ],
  "As S\u016bdah": [
    43.78083,
    15.95861
  ],
  "As S\u016bq al Jad\u012bd": [
    44.06204,
    15.82496
  ],
  "Asd\u0101s": [
    45.08151,
    15.76601
  ],
  "Ash Shagh\u0101dirah": [
    43.52056,
    15.62
  ],
  "Ash Sharyah": [
    45.02244,
    14.35659
  ],
  "Ash Shaw\u0101t\u012b": [
    43.81265,
    16.78314
  ],
  "Ash Shaykh \u2018Uthm\u0101n": [
    44.99309,
    12.87678
  ],
  "Ash Sha\u0163\u0163": [
    44.03571,
    12.89357
  ],
  "Ash Shi\u1e29r": [
    49.60639,
    14.75863
  ],
  "Ash Shuqayrah": [
    43.78636,
    13.13452
  ],
  "Ash Sh\u0101hil": [
    43.40495,
    15.86656
  ],
  "Aslam": [
    43.32745,
    16.05961
  ],
  "At Taw\u0101h\u012b": [
    44.9802,
    12.78471
  ],
  "At Ta\u1e29\u0101lif": [
    48.7864,
    15.93786
  ],
  "At Turbah": [
    44.12415,
    13.2127
  ],
  "Ataq": [
    46.83187,
    14.53766
  ],
  "Az Zayd\u012byah": [
    43.00812,
    15.32851
  ],
  "Az Zuhrah": [
    42.99582,
    15.72377
  ],
  "Az Z\u0101hir": [
    44.48818,
    16.31799
  ],
  "Az\u0327 Z\u0327al\u012b\u2018ah": [
    48.01667,
    15.01667
  ],
  "A\u015f \u015eafaqayn": [
    43.42121,
    15.37897
  ],
  "A\u015f \u015ealw": [
    44.21708,
    13.32887
  ],
  "A\u015f \u015eal\u012bf": [
    42.67067,
    15.30558
  ],
  "A\u015f \u015ear\u0101rah": [
    43.86997,
    15.79449
  ],
  "A\u015f \u015eawma\u2018ah": [
    45.80102,
    14.08505
  ],
  "A\u0163 \u0162al\u1e29": [
    47.39903,
    15.156
  ],
  "A\u0163 \u0162aw\u012blah": [
    43.74778,
    15.49389
  ],
  "A\u1e11 \u1e10il\u2018": [
    43.81828,
    14.67199
  ],
  "A\u1e29war": [
    46.71367,
    13.52019
  ],
  "Ban\u012b Bakr": [
    45.26667,
    13.93333
  ],
  "Ban\u012b al \u2018Aww\u0101m": [
    43.58727,
    15.58119
  ],
  "Ban\u012b an Nah\u0101r\u012b": [
    43.55633,
    15.63981
  ],
  "Ban\u012b \u1e28ujj\u0101j": [
    43.31667,
    15.41667
  ],
  "Bayt Marr\u0101n": [
    44.2053,
    15.69312
  ],
  "Bayt al Faq\u012bh": [
    43.32446,
    14.51635
  ],
  "Bayt \u2018Adh\u0101qah": [
    43.70228,
    15.61576
  ],
  "Bay\u1e29\u0101n": [
    45.71889,
    14.80067
  ],