{
  "Adelaide": [
    26.29564,
    -32.70747
  ],
  "Alice": [
    26.8344,
    -32.78749
  ],
  "Aliwal North": [
    26.71141,
    -30.69366
  ],
  "Allanridge": [
    26.64382,
    -27.75431
  ],
  "Apel": [
    29.74991,
    -24.41445
  ],
  "Ashton": [
    20.05594,
    -33.83136
  ],
  "Atlantis": [
    18.48335,
    -33.56668
  ],
  "Balfour": [
    28.59016,
    -26.66331
  ],
  "Ballitoville": [
    31.21439,
    -29.53897
  ],
  "Barberton": [
    31.05319,
    -25.78842
  ],
  "Barkly East": [
    27.59567,
    -30.9683
  ],
  "Barkly West": [
    24.52151,
    -28.53537
  ],
  "Beaufort West": [
    22.58295,
    -32.35671
  ],
  "Bela-Bela": [
    28.29417,
    -24.885
  ],
  "Belfast": [
    30.03504,
    -25.68991
  ],
  "Benoni": [
    28.32078,
    -26.18848
  ],
  "Berea": [
    30.99337,
    -29.85185
  ],
  "Bergville": [
    29.35187,
    -28.73122
  ],
  "Bergvliet": [
    18.4525,
    -34.04746
  ],
  "Bethal": [
    29.46553,
    -26.45794
  ],
  "Bethlehem": [
    28.30707,
    -28.23078
  ],
  "Bhisho": [
    27.44218,
    -32.84721
  ],
  "Bizana": [
    29.85384,
    -30.85907
  ],
  "Bloemfontein": [
    26.214,
    -29.12106
  ],
  "Bloemhof": [
    25.60697,
    -27.64686
  ],
  "Boksburg": [
    28.25958,
    -26.21197
  ],
  "Boshof": [
    25.23965,
    -28.53914
  ],
  "Bothaville": [
    26.61701,
    -27.3887
  ],
  "Botshabelo": [
    26.7052,
    -29.27016
  ],
  "Brakpan": [
    28.36938,
    -26.23656
  ],
  "Brandfort": [
    26.45968,
    -28.70008
  ],
  "Bredasdorp": [
    20.04031,
    -34.53215
  ],
  "Breyten": [
    29.98696,
    -26.30176
  ],
  "Brits": [
    27.78022,
    -25.63473
  ],
  "Bronkhorstspruit": [
    28.74248,
    -25.81015
  ],
  "Bultfontein": [
    26.14996,
    -28.28756
  ],
  "Burgersdorp": [
    26.32862,
    -30.99766
  ],
  "Burgersfort": [
    30.32877,
    -24.67554
  ],
  "Butterworth": [
    28.14981,
    -32.33083
  ],
  "Cala": [
    27.6952,
    -31.52356
  ],
  "Caledon": [
    19.4265,
    -34.22997
  ],
  "Calvinia": [
    19.77601,
    -31.47069
  ],
  "Camperdown": [
    30.54256,
    -29.72868
  ],
  "Cape Town": [
    18.42322,
    -33.92584
  ],
  "Carletonville": [
    27.39767,
    -26.36094
  ],
  "Carnarvon": [
    22.13303,
    -30.96827
  ],
  "Carolina": [
    30.11489,
    -26.06927
  ],
  "Centurion": [
    28.18577,
    -25.85891
  ],
  "Ceres": [
    19.31096,
    -33.36889
  ],
  "Christiana": [
    25.16111,
    -27.91402
  ],
  "Clanwilliam": [
    18.89217,
    -32.18173
  ],
  "Claremont": [
    18.46528,
    -33.98056
  ],
  "Clocolan": [
    27.56556,
    -28.91367
  ],
  "Cofimvaba": [
    27.58045,
    -32.00115
  ],
  "Colesberg": [
    25.09718,
    -30.71999
  ],
  "Constantia": [
    18.41833,
    -34.03139
  ],
  "Cradock": [
    25.61918,
    -32.16422
  ],
  "Creighton": [
    29.83955,
    -30.0272
  ],
  "Cullinan": [
    28.52364,
    -25.67088
  ],
  "Dani\u00eblskuil": [
    23.53951,
    -28.18873
  ],
  "Dannhauser": [
    30.05658,
    -28.0151
  ],
  "De Aar": [
    24.0123,
    -30.64966
  ],
  "Delareyville": [
    25.45907,
    -26.68638
  ],
  "Delmas": [
    28.68322,
    -26.1466
  ],
  "Dendron": [
    29.32371,
    -23.36669
  ],
  "Deneysville": [
    28.09707,
    -26.8908
  ],
  "Dewetsdorp": [
    26.66511,
    -29.58274
  ],
  "Dordrecht": [
    27.04878,
    -31.372
  ],
  "Douglas": [
    23.7743,
    -29.05531
  ],
  "Driefontein": [
    30.44979,
    -27.0177
  ],
  "Duiwelskloof": [
    30.14002,
    -23.69339
  ],
  "Dundee": [
    30.23371,
    -28.16678
  ],
  "Durban": [
    31.0292,
    -29.8579
  ],
  "East London": [
    27.91162,
    -33.01529
  ],
  "Ekangala": [
    28.74918,
    -25.69619
  ],
  "Ekuvukeni": [
    30.15513,
    -28.46752
  ],
  "Elliot": [
    27.85,
    -31.33333
  ],
  "Empangeni": [
    31.89329,
    -28.76197
  ],
  "Ermelo": [
    29.98333,
    -26.53333
  ],
  "Eshowe": [
    31.4699,
    -28.88648
  ],
  "Estcourt": [
    29.86619,
    -29.01269
  ],
  "Ficksburg": [
    27.87506,
    -28.872
  ],
  "Flagstaff": [
    29.49522,
    -31.08042
  ],
  "Fochville": [
    27.49387,
    -26.48862
  ],
  "Fort Beaufort": [
    26.63376,
    -32.77477
  ],
  "Frankfort": [
    28.49696,
    -27.27888
  ],
  "Ga-Kgapane": [
    30.22324,
    -23.64378
  ],
  "Ga-Rankuwa": [
    27.99471,
    -25.61692
  ],
  "Ganyesa": [
    24.17612,
    -26.59612
  ],
  "Garies": [
    17.98905,
    -30.56223
  ],
  "George": [
    22.46173,
    -33.963
  ],
  "Germiston": [
    28.17665,
    -26.23481
  ],
  "Giyani": [
    30.71868,
    -23.30246
  ],
  "Glencoe": [
    30.14702,
    -28.17827
  ],
  "Graaff-Reinet": [
    24.53075,
    -32.25215
  ],
  "Grabouw": [
    19.01509,
    -34.15152
  ],
  "Grahamstown": [
    26.53276,
    -33.30422
  ],
  "Greytown": [
    30.59279,
    -29.06416
  ],
  "Groblersdal": [
    29.39412,
    -25.16843
  ],
  "Groblershoop": [
    21.98378,
    -28.89531
  ],
  "Harding": [
    29.88401,
    -30.57643
  ],
  "Harrismith": [
    29.12946,
    -28.27276
  ],
  "Hartswater": [
    24.79712,
    -27.74964
  ],
  "Heidelberg": [
    28.35921,
    -26.50476
  ],
  "Heilbron": [
    27.9709,
    -27.28115
  ],
  "Hendrina": [
    29.71528,
    -26.15881
  ],
  "Hennenman": [
    27.02423,
    -27.97654
  ],
  "Hermanus": [
    19.23446,
    -34.4187
  ],
  "Himeville": [
    29.51361,
    -29.74674
  ],
  "Hlabisa": [
    31.87719,
    -28.14518
  ],
  "Hluhluwe": [
    32.26762,
    -28.01895
  ],
  "Hoedspruit": [
    30.95332,
    -24.35122
  ],
  "Hoopstad": [
    25.90833,
    -27.83274
  ],
  "Hopetown": [
    24.08518,
    -29.62464
  ],
  "Howick": [
    30.23057,
    -29.47795
  ],
  "Ilinge": [
    27.04267,
    -31.97676
  ],
  "Impendle": [
    29.86561,
    -29.60049
  ],
  "Ixopo": [
    30.08333,
    -30.15
  ],
  "Izingolweni": [
    30.12294,
    -30.78409
  ],
  "Jan Kempdorp": [
    24.83052,
    -27.92246
  ],
  "Jane Furse": [
    29.86993,
    -24.76021
  ],
  "Jansenville": [
    24.67218,
    -32.94306
  ],
  "Jeffrey\u2019s Bay": [
    24.9195,
    -34.05064
  ],
  "Johannesburg": [
    28.04363,
    -26.20227
  ],
  "Jozini": [
    32.06658,
    -27.4296
  ],
  "Kakamas": [
    20.6147,
    -28.77341
  ],
  "Kareedouw": [
    24.29053,
    -33.9528
  ],
  "Kathu": [
    23.04929,
    -27.69569
  ],
  "Kimberley": [
    24.76232,
    -28.73226
  ],
  "Kirkwood": [
    25.44278,
    -33.39829
  ],
  "Klerksdorp": [
    26.66672,
    -26.85213
  ],
  "Knysna": [
    23.04713,
    -34.03627
  ],
  "Koffiefontein": [
    25.00309,
    -29.40661
  ],
  "Kokstad": [
    29.42412,
    -30.54723
  ],
  "Komatipoort": [
    31.95478,
    -25.4332
  ],
  "Komga": [
    27.892,
    -32.57704
  ],
  "Koppies": [
    27.57422,
    -27.24179
  ],
  "Koster": [
    26.89756,
    -25.86301
  ],
  "Kraaifontein": [
    18.71724,
    -33.84808
  ],
  "Kriel": [
    29.2253,
    -26.27391
  ],
  "Kroonstad": [
    27.23488,
    -27.65036
  ],
  "Krugersdorp": [
    27.77515,
    -26.08577
  ],
  "Kruisfontein": [
    24.73142,
    -34.00333
  ],
  "Kuruman": [
    23.43246,
    -27.4524
  ],
  "Kutloanong": [
    26.75,
    -27.83333
  ],
  "KwaMbonambi": [
    32.0894,
    -28.59827
  ],
  "Ladismith": [
    21.26755,
    -33.49331
  ],
  "Lady Frere": [
    27.2329,
    -31.70312
  ],
  "Lady Grey": [
    27.21613,
    -30.71084
  ],
  "Ladybrand": [
    27.45739,
    -29.19448
  ],
  "Ladysmith": [
    29.7827,
    -28.55391
  ],
  "Laingsburg": [
    20.85872,
    -33.19495
  ],
  "Lansdowne": [
    18.49746,
    -33.98735
  ],
  "Lebowakgomo": [
    29.5,
    -24.2
  ],
  "Lephalale": [
    27.74477,
    -23.66607
  ],
  "Libode": [
    29.0164,
    -31.54332
  ],
  "Lichtenburg": [
    26.15968,
    -26.152
  ],
  "Louis Trichardt": [
    29.90319,
    -23.04385
  ],
  "Lydenburg": [
    30.45967,
    -25.0978
  ],
  "Mabopane": [
    28.10065,
    -25.49768
  ],
  "Maclear": [
    28.35183,
    -31.07104
  ],