{
  "Chadiza": [
    32.43917,
    -14.06779
  ],
  "Chama": [
    33.1521,
    -11.21304
  ],
  "Chambishi": [
    28.05367,
    -12.63247
  ],
  "Chibombo": [
    28.07057,
    -14.65685
  ],
  "Chililabombwe": [
    27.82286,
    -12.36475
  ],
  "Chingola": [
    27.88382,
    -12.52897
  ],
  "Chinsali": [
    32.08162,
    -10.54142
  ],
  "Chipata": [
    32.65,
    -13.63333
  ],
  "Choma": [
    26.95306,
    -16.80648
  ],
  "Chongwe": [
    28.68204,
    -15.32916
  ],
  "Gwembe": [
    27.60691,
    -16.49755
  ],
  "Isoka": [
    32.63353,
    -10.16062
  ],
  "Kabompo": [
    24.20081,
    -13.59268
  ],
  "Kabwe": [
    28.44644,
    -14.4469
  ],
  "Kafue": [
    28.18136,
    -15.76911
  ],
  "Kalabo": [
    22.68138,
    -14.97004
  ],
  "Kalengwa": [
    25.00271,
    -13.46586
  ],
  "Kalulushi": [
    28.09479,
    -12.84151
  ],
  "Kansanshi": [
    26.42727,
    -12.09514
  ],
  "Kaoma": [
    24.8,
    -14.78333
  ],
  "Kapiri Mposhi": [
    28.66985,
    -13.97147
  ],
  "Kaputa": [
    29.66192,
    -8.46887
  ],
  "Kasama": [
    31.18084,
    -10.21289
  ],
  "Kasempa": [
    25.8338,
    -13.45836
  ],
  "Kataba": [
    29.78333,
    -11.88333
  ],
  "Kawambwa": [
    29.07913,
    -9.7915
  ],
  "Kitwe": [
    28.21323,
    -12.80243
  ],
  "Limulunga": [
    23.13758,
    -15.09691
  ],
  "Livingstone": [
    25.85425,
    -17.84194
  ],
  "Luangwa": [
    30.41667,
    -15.61667
  ],
  "Luanshya": [
    28.41661,
    -13.13667
  ],
  "Lukulu": [
    23.24196,
    -14.37067
  ],
  "Lundazi": [
    33.1782,
    -12.29292
  ],
  "Lusaka": [
    28.28713,
    -15.40669
  ],
  "Luwingu": [
    29.92712,
    -10.2621
  ],
  "Maamba": [
    27.15,
    -17.36667
  ],
  "Mansa": [
    28.89431,
    -11.19976
  ],
  "Mazabuka": [
    27.748,
    -15.85601
  ],
  "Mbala": [
    31.36587,
    -8.84024
  ],
  "Mkushi": [
    29.3939,
    -13.62015
  ],
  "Mongu": [
    23.12741,
    -15.24835
  ],
  "Monze": [
    27.48333,
    -16.28333
  ],
  "Mpika": [
    31.45287,
    -11.83431
  ],
  "Mpongwe": [
    28.15504,
    -13.50914
  ],
  "Mporokoso": [
    30.12501,
    -9.37272
  ],
  "Mpulungu": [
    31.11405,
    -8.76234
  ],
  "Mufulira": [
    28.24071,
    -12.54982
  ],
  "Mufumbwe": [
    24.8,
    -13.68333
  ],
  "Mumbwa": [
    27.0619,
    -14.98293
  ],
  "Mungwi": [
    31.36942,
    -10.1732
  ],
  "Mwense": [
    28.698,
    -10.38446
  ],
  "Mwinilunga": [
    24.42926,
    -11.73584
  ],
  "Nakambala": [
    27.77994,
    -15.83244
  ],
  "Nakonde": [
    32.745,
    -9.34213
  ],
  "Namwala": [
    26.43839,
    -15.75042
  ],
  "Nchelenge": [
    28.73396,
    -9.34506
  ],
  "Ndola": [
    28.63659,
    -12.95867
  ],
  "Nyimba": [
    30.8149,
    -14.55656
  ],
  "Petauke": [
    31.3253,
    -14.24264
  ],
  "Samfya": [
    29.55652,
    -11.36491
  ],
  "Senanga": [
    23.26667,
    -16.11667
  ],
  "Serenje": [
    30.23522,
    -13.23251
  ],
  "Sesheke": [
    24.29684,
    -17.47593
  ],
  "Siavonga": [
    28.70876,
    -16.53818
  ],
  "Sinazongwe": [
    27.46179,
    -17.2614
  ],
  "Solwezi": [
    26.38938,
    -12.1688
  ],
  "Zambezi": [
    23.10466,
    -13.54323
  ]
}
