{
  "Banket": [
    30.4,
    -17.38333
  ],
  "Beatrice": [
    30.8473,
    -18.25283
  ],
  "Beitbridge": [
    30,
    -22.21667
  ],
  "Bindura": [
    31.33056,
    -17.30192
  ],
  "Binga": [
    27.34139,
    -17.62028
  ],
  "Bulawayo": [
    28.58333,
    -20.15
  ],
  "Centenary": [
    31.11462,
    -16.72289
  ],
  "Chakari": [
    29.89246,
    -18.06294
  ],
  "Chegutu": [
    30.14074,
    -18.13021
  ],
  "Chimanimani": [
    32.86667,
    -19.8
  ],
  "Chinhoyi": [
    30.2,
    -17.36667
  ],
  "Chipinge": [
    32.62364,
    -20.18833
  ],
  "Chiredzi": [
    31.66667,
    -21.05
  ],
  "Chirundu": [
    28.85,
    -16.03333
  ],
  "Chitungwiza": [
    31.07555,
    -18.01274
  ],
  "Chivhu": [
    30.89218,
    -19.02112
  ],
  "Concession": [
    30.95,
    -17.38333
  ],
  "Dete": [
    26.86667,
    -18.61667
  ],
  "Dorowa Mining Lease": [
    31.75,
    -19.06667
  ],
  "Epworth": [
    31.1475,
    -17.89
  ],
  "Esigodini": [
    28.92261,
    -20.28979
  ],
  "Filabusi": [
    29.28502,
    -20.53333
  ],
  "Glendale": [
    31.06718,
    -17.35514
  ],
  "Gokwe": [
    28.9349,
    -18.20476
  ],
  "Gwanda": [
    29,
    -20.93333
  ],
  "Gweru": [
    29.81667,
    -19.45
  ],
  "Harare": [
    31.05337,
    -17.82772
  ],
  "Headlands": [
    32.0515,
    -18.27733
  ],
  "Hwange": [
    26.50194,
    -18.36927
  ],
  "Insiza": [
    29.2,
    -19.78333
  ],
  "Inyathi": [
    28.84687,
    -19.67563
  ],
  "Kadoma": [
    29.91534,
    -18.33328
  ],
  "Kamativi Mine": [
    27.05728,
    -18.31563
  ],
  "Kariba": [
    28.8,
    -16.51667
  ],
  "Karoi": [
    29.69247,
    -16.80993
  ],
  "Kwekwe": [
    29.81486,
    -18.9281
  ],
  "Lalapanzi": [
    30.17768,
    -19.33225
  ],
  "Lupane": [
    27.80696,
    -18.93149
  ],
  "Macheke": [
    31.84933,
    -18.13901
  ],
  "Marondera": [
    31.55193,
    -18.18527
  ],
  "Mashava": [
    30.48225,
    -20.03665
  ],
  "Masvingo": [
    30.82766,
    -20.06373
  ],
  "Mazoe": [
    30.97388,
    -17.50404
  ],
  "Mhangura": [
    30.16828,
    -16.89386
  ],
  "Mount Darwin": [
    31.58381,
    -16.77251
  ],
  "Murehwa": [
    31.784,
    -17.64322
  ],
  "Mutare": [
    32.67086,
    -18.9707
  ],
  "Mutoko": [
    32.22677,
    -17.39699
  ],
  "Mvuma": [
    30.52828,
    -19.27924
  ],
  "Mvurwi": [
    30.85,
    -17.03333
  ],
  "Norton": [
    30.7,
    -17.88333
  ],
  "Nyanga": [
    32.75,
    -18.21667
  ],
  "Nyazura": [
    32.16796,
    -18.70587
  ],
  "Odzi": [
    32.40557,
    -18.96167
  ],
  "Penhalonga": [
    32.69781,
    -18.89112
  ],
  "Plumtree": [
    27.81667,
    -20.48333
  ],
  "Raffingora": [
    30.43333,
    -17.03333
  ],
  "Redcliff": [
    29.78333,
    -19.03333
  ],
  "Rusape": [
    32.12843,
    -18.52785
  ],
  "Shamva": [
    31.57561,
    -17.31159
  ],
  "Shangani": [
    29.36667,
    -19.78333
  ],
  "Shurugwi": [
    30.00589,
    -19.67016
  ],
  "Victoria Falls": [
    25.84299,
    -17.92353
  ],
  "Zvishavane": [
    30.06648,
    -20.32674
  ]
}
